frame_id,timestamp_sec,source_clip_id,shot_id,track_id,class,team,bb_left,bb_top,bb_width,bb_height,confidence
1,0.5,SNMOT-118_incremental_clip,SHOT-118-A,101,player,Team_A,1071.4,816.0,39.6,95.0,0.972
1,0.5,SNMOT-118_incremental_clip,SHOT-118-A,102,player,Team_A,1275.1,464.8,39.9,85.0,0.919
1,0.5,SNMOT-118_incremental_clip,SHOT-118-A,103,player,Team_A,599.2,799.7,28.4,101.4,0.844
1,0.5,SNMOT-118_incremental_clip,SHOT-118-A,104,player,Team_A,187.5,786.2,36.2,96.4,0.861
1,0.5,SNMOT-118_incremental_clip,SHOT-118-A,105,player,Team_A,1315.3,572.1,27.5,106.8,0.731
1,0.5,SNMOT-118_incremental_clip,SHOT-118-A,106,player,Team_A,602.9,495.8,36.6,76.7,0.963
1,0.5,SNMOT-118_incremental_clip,SHOT-118-A,107,player,Team_A,551.1,575.9,28.3,78.9,0.811
1,0.5,SNMOT-118_incremental_clip,SHOT-118-A,108,player,Team_A,897.7,633.8,36.3,92.5,0.849
1,0.5,SNMOT-118_incremental_clip,SHOT-118-A,110,player,Team_A,1072.1,868.5,31.2,99.0,0.903
1,0.5,SNMOT-118_incremental_clip,SHOT-118-A,111,goalkeeper,Team_A,90.6,547.2,41.5,95.7,0.769
1,0.5,SNMOT-118_incremental_clip,SHOT-118-A,201,player,Team_B,581.8,436.4,35.4,96.6,0.894
1,0.5,SNMOT-118_incremental_clip,SHOT-118-A,202,player,Team_B,1154.3,347.1,28.4,105.6,0.843
1,0.5,SNMOT-118_incremental_clip,SHOT-118-A,203,player,Team_B,323.3,595.9,32.7,101.3,0.867
1,0.5,SNMOT-118_incremental_clip,SHOT-118-A,204,player,Team_B,941.3,827.9,37.6,80.2,0.883
1,0.5,SNMOT-118_incremental_clip,SHOT-118-A,205,player,Team_B,1154.3,616.9,41.2,92.6,0.92
1,0.5,SNMOT-118_incremental_clip,SHOT-118-A,206,player,Team_B,983.8,452.5,41.7,90.6,0.825
1,0.5,SNMOT-118_incremental_clip,SHOT-118-A,207,player,Team_B,287.1,421.3,32.8,103.6,0.779
1,0.5,SNMOT-118_incremental_clip,SHOT-118-A,208,player,Team_B,1261.7,421.7,34.3,106.2,0.851
1,0.5,SNMOT-118_incremental_clip,SHOT-118-A,209,player,Team_B,795.8,323.6,36.1,107.0,0.816
1,0.5,SNMOT-118_incremental_clip,SHOT-118-A,210,player,Team_B,1465.9,396.5,29.4,105.0,0.755
1,0.5,SNMOT-118_incremental_clip,SHOT-118-A,211,goalkeeper,Team_B,1787.5,556.7,36.5,83.0,0.692
1,0.5,SNMOT-118_incremental_clip,SHOT-118-A,300,referee,Referee,953.7,559.0,25.8,69.5,0.767
1,0.5,SNMOT-118_incremental_clip,SHOT-118-A,999,ball,N/A,952.0,558.9,8.6,12.6,0.661
2,1.0,SNMOT-118_incremental_clip,SHOT-118-A,101,player,Team_A,1077.5,823.0,26.7,73.1,0.836
2,1.0,SNMOT-118_incremental_clip,SHOT-118-A,102,player,Team_A,1277.7,481.2,35.1,73.4,0.726
2,1.0,SNMOT-118_incremental_clip,SHOT-118-A,104,player,Team_A,191.0,793.6,39.0,95.7,0.986
2,1.0,SNMOT-118_incremental_clip,SHOT-118-A,106,player,Team_A,615.7,509.0,26.8,84.2,0.924
2,1.0,SNMOT-118_incremental_clip,SHOT-118-A,107,player,Team_A,540.6,563.8,31.0,103.1,0.873
2,1.0,SNMOT-118_incremental_clip,SHOT-118-A,108,player,Team_A,901.6,631.5,29.2,92.7,0.835
2,1.0,SNMOT-118_incremental_clip,SHOT-118-A,109,player,Team_A,1594.7,750.9,36.1,101.7,0.761
2,1.0,SNMOT-118_incremental_clip,SHOT-118-A,110,player,Team_A,1061.7,870.2,40.3,77.8,0.882
2,1.0,SNMOT-118_incremental_clip,SHOT-118-A,111,goalkeeper,Team_A,91.8,558.3,41.1,85.7,0.849
2,1.0,SNMOT-118_incremental_clip,SHOT-118-A,201,player,Team_B,570.4,442.2,32.1,76.8,0.824
2,1.0,SNMOT-118_incremental_clip,SHOT-118-A,202,player,Team_B,1161.5,359.8,34.6,79.7,0.557
2,1.0,SNMOT-118_incremental_clip,SHOT-118-A,203,player,Team_B,317.3,617.2,35.3,82.8,0.952
2,1.0,SNMOT-118_incremental_clip,SHOT-118-A,204,player,Team_B,947.5,830.9,28.1,74.9,0.9
2,1.0,SNMOT-118_incremental_clip,SHOT-118-A,205,player,Team_B,1158.9,614.5,35.9,78.7,0.736
2,1.0,SNMOT-118_incremental_clip,SHOT-118-A,206,player,Team_B,989.7,448.7,27.5,98.2,0.808
2,1.0,SNMOT-118_incremental_clip,SHOT-118-A,207,player,Team_B,297.0,431.2,27.0,90.7,0.857
2,1.0,SNMOT-118_incremental_clip,SHOT-118-A,208,player,Team_B,1250.2,420.3,38.0,104.3,0.85
2,1.0,SNMOT-118_incremental_clip,SHOT-118-A,209,player,Team_B,808.9,318.1,37.5,107.9,0.937
2,1.0,SNMOT-118_incremental_clip,SHOT-118-A,210,player,Team_B,1470.7,415.7,36.3,78.6,0.832
2,1.0,SNMOT-118_incremental_clip,SHOT-118-A,211,goalkeeper,Team_B,1789.9,559.2,32.1,87.1,0.793
2,1.0,SNMOT-118_incremental_clip,SHOT-118-A,300,referee,Referee,966.3,555.7,29.5,85.3,0.805
2,1.0,SNMOT-118_incremental_clip,SHOT-118-A,999,ball,N/A,974.7,549.1,8.7,11.8,0.397
3,1.5,SNMOT-118_incremental_clip,SHOT-118-A,101,player,Team_A,1068.3,813.6,40.7,76.4,0.726
3,1.5,SNMOT-118_incremental_clip,SHOT-118-A,102,player,Team_A,1292.4,465.6,33.1,99.0,0.761
3,1.5,SNMOT-118_incremental_clip,SHOT-118-A,103,player,Team_A,612.6,832.7,27.1,89.0,0.879
3,1.5,SNMOT-118_incremental_clip,SHOT-118-A,104,player,Team_A,182.6,794.5,33.3,74.0,0.987
3,1.5,SNMOT-118_incremental_clip,SHOT-118-A,105,player,Team_A,1304.1,598.1,32.3,80.2,0.728
3,1.5,SNMOT-118_incremental_clip,SHOT-118-A,106,player,Team_A,609.6,519.7,39.8,89.4,0.805
3,1.5,SNMOT-118_incremental_clip,SHOT-118-A,107,player,Team_A,543.4,568.1,30.5,90.6,0.846
3,1.5,SNMOT-118_incremental_clip,SHOT-118-A,108,player,Team_A,898.1,637.9,40.0,78.5,0.855
3,1.5,SNMOT-118_incremental_clip,SHOT-118-A,109,player,Team_A,1582.8,751.8,29.7,106.9,0.914
3,1.5,SNMOT-118_incremental_clip,SHOT-118-A,110,player,Team_A,1067.1,852.0,26.6,83.4,0.99
3,1.5,SNMOT-118_incremental_clip,SHOT-118-A,111,goalkeeper,Team_A,93.0,549.1,40.1,99.4,0.746
3,1.5,SNMOT-118_incremental_clip,SHOT-118-A,201,player,Team_B,569.1,421.0,36.9,98.5,0.807
3,1.5,SNMOT-118_incremental_clip,SHOT-118-A,202,player,Team_B,1163.1,351.8,40.7,93.5,0.72
3,1.5,SNMOT-118_incremental_clip,SHOT-118-A,203,player,Team_B,328.3,603.5,27.5,106.8,0.779
3,1.5,SNMOT-118_incremental_clip,SHOT-118-A,204,player,Team_B,944.5,824.3,37.2,95.2,0.741
3,1.5,SNMOT-118_incremental_clip,SHOT-118-A,205,player,Team_B,1148.8,619.1,39.4,84.1,0.904
3,1.5,SNMOT-118_incremental_clip,SHOT-118-A,206,player,Team_B,1002.0,445.2,27.0,98.2,0.834
3,1.5,SNMOT-118_incremental_clip,SHOT-118-A,207,player,Team_B,306.0,425.3,37.5,90.8,0.939
3,1.5,SNMOT-118_incremental_clip,SHOT-118-A,208,player,Team_B,1237.5,445.3,40.9,73.4,0.809
3,1.5,SNMOT-118_incremental_clip,SHOT-118-A,209,player,Team_B,809.5,327.3,35.5,80.0,0.734
3,1.5,SNMOT-118_incremental_clip,SHOT-118-A,210,player,Team_B,1469.4,414.2,38.0,97.5,0.762
3,1.5,SNMOT-118_incremental_clip,SHOT-118-A,211,goalkeeper,Team_B,1789.0,553.0,39.1,96.4,0.83
3,1.5,SNMOT-118_incremental_clip,SHOT-118-A,300,referee,Referee,958.5,565.1,31.4,77.1,0.723
3,1.5,SNMOT-118_incremental_clip,SHOT-118-A,999,ball,N/A,970.3,551.4,12.1,9.9,0.379
4,2.0,SNMOT-118_incremental_clip,SHOT-118-A,101,player,Team_A,1081.3,799.1,26.6,86.0,0.95
4,2.0,SNMOT-118_incremental_clip,SHOT-118-A,102,player,Team_A,1276.8,458.8,36.8,93.0,0.777
4,2.0,SNMOT-118_incremental_clip,SHOT-118-A,103,player,Team_A,603.2,828.5,32.9,108.0,0.704
4,2.0,SNMOT-118_incremental_clip,SHOT-118-A,104,player,Team_A,167.7,763.0,41.2,104.0,0.847
4,2.0,SNMOT-118_incremental_clip,SHOT-118-A,105,player,Team_A,1303.2,601.3,37.0,74.6,0.759
4,2.0,SNMOT-118_incremental_clip,SHOT-118-A,106,player,Team_A,597.8,526.6,39.2,89.1,0.818
4,2.0,SNMOT-118_incremental_clip,SHOT-118-A,107,player,Team_A,556.6,546.4,29.2,83.4,0.753
4,2.0,SNMOT-118_incremental_clip,SHOT-118-A,108,player,Team_A,896.0,619.5,39.1,88.0,0.814
4,2.0,SNMOT-118_incremental_clip,SHOT-118-A,109,player,Team_A,1573.8,740.7,32.0,94.9,0.842
4,2.0,SNMOT-118_incremental_clip,SHOT-118-A,110,player,Team_A,1055.7,839.8,29.3,106.6,0.838
4,2.0,SNMOT-118_incremental_clip,SHOT-118-A,111,goalkeeper,Team_A,94.3,548.7,32.8,99.8,0.756
4,2.0,SNMOT-118_incremental_clip,SHOT-118-A,201,player,Team_B,573.8,424.5,38.3,89.6,0.765
4,2.0,SNMOT-118_incremental_clip,SHOT-118-A,202,player,Team_B,1162.4,351.4,38.0,84.4,0.856
4,2.0,SNMOT-118_incremental_clip,SHOT-118-A,203,player,Team_B,313.5,603.8,33.1,95.0,0.864
4,2.0,SNMOT-118_incremental_clip,SHOT-118-A,204,player,Team_B,941.0,831.6,41.4,72.9,0.8
4,2.0,SNMOT-118_incremental_clip,SHOT-118-A,206,player,Team_B,1002.3,445.9,28.9,94.2,0.891
4,2.0,SNMOT-118_incremental_clip,SHOT-118-A,207,player,Team_B,306.6,421.2,40.8,104.2,0.907
4,2.0,SNMOT-118_incremental_clip,SHOT-118-A,208,player,Team_B,1242.6,444.1,38.4,79.7,0.941
4,2.0,SNMOT-118_incremental_clip,SHOT-118-A,209,player,Team_B,816.0,302.3,26.5,101.9,0.884
4,2.0,SNMOT-118_incremental_clip,SHOT-118-A,210,player,Team_B,1456.5,405.0,36.9,92.5,0.874
4,2.0,SNMOT-118_incremental_clip,SHOT-118-A,211,goalkeeper,Team_B,1800.6,557.0,26.3,98.1,0.787
4,2.0,SNMOT-118_incremental_clip,SHOT-118-A,300,referee,Referee,964.4,572.3,27.4,69.9,0.806
4,2.0,SNMOT-118_incremental_clip,SHOT-118-A,999,ball,N/A,989.0,566.8,12.6,9.4,0.671
5,2.5,SNMOT-118_incremental_clip,SHOT-118-A,101,player,Team_A,1072.5,777.2,26.1,100.3,0.697
5,2.5,SNMOT-118_incremental_clip,SHOT-118-A,102,player,Team_A,1277.3,459.1,29.4,81.6,0.931
5,2.5,SNMOT-118_incremental_clip,SHOT-118-A,103,player,Team_A,603.6,839.0,39.0,76.2,0.839
5,2.5,SNMOT-118_incremental_clip,SHOT-118-A,104,player,Team_A,179.5,780.2,27.4,81.9,0.877
5,2.5,SNMOT-118_incremental_clip,SHOT-118-A,105,player,Team_A,1312.1,582.3,33.3,103.0,0.836
5,2.5,SNMOT-118_incremental_clip,SHOT-118-A,106,player,Team_A,601.0,523.9,32.1,98.1,0.763
5,2.5,SNMOT-118_incremental_clip,SHOT-118-A,107,player,Team_A,550.8,546.6,37.4,79.4,0.768
5,2.5,SNMOT-118_incremental_clip,SHOT-118-A,108,player,Team_A,902.0,616.4,33.2,82.4,0.894
5,2.5,SNMOT-118_incremental_clip,SHOT-118-A,109,player,Team_A,1571.1,760.3,28.8,74.3,0.773
5,2.5,SNMOT-118_incremental_clip,SHOT-118-A,110,player,Team_A,1057.0,840.5,30.4,92.6,0.857
5,2.5,SNMOT-118_incremental_clip,SHOT-118-A,111,goalkeeper,Team_A,96.1,554.6,27.1,93.4,0.99
5,2.5,SNMOT-118_incremental_clip,SHOT-118-A,201,player,Team_B,595.0,420.2,31.9,99.4,0.762
5,2.5,SNMOT-118_incremental_clip,SHOT-118-A,202,player,Team_B,1165.8,344.2,33.3,106.9,0.91
5,2.5,SNMOT-118_incremental_clip,SHOT-118-A,203,player,Team_B,309.5,603.8,27.3,92.4,0.895
5,2.5,SNMOT-118_incremental_clip,SHOT-118-A,204,player,Team_B,936.1,815.3,35.1,99.1,0.783
5,2.5,SNMOT-118_incremental_clip,SHOT-118-A,205,player,Team_B,1148.5,603.4,35.3,89.7,0.816
5,2.5,SNMOT-118_incremental_clip,SHOT-118-A,206,player,Team_B,1022.2,452.4,34.7,98.4,0.829
5,2.5,SNMOT-118_incremental_clip,SHOT-118-A,207,player,Team_B,305.2,438.1,37.0,92.1,0.99
5,2.5,SNMOT-118_incremental_clip,SHOT-118-A,208,player,Team_B,1262.2,449.9,30.0,78.3,0.907
5,2.5,SNMOT-118_incremental_clip,SHOT-118-A,209,player,Team_B,813.0,312.7,29.1,88.9,0.883
5,2.5,SNMOT-118_incremental_clip,SHOT-118-A,210,player,Team_B,1451.1,398.9,34.4,98.8,0.96
5,2.5,SNMOT-118_incremental_clip,SHOT-118-A,211,goalkeeper,Team_B,1795.5,571.2,38.0,76.2,0.77
5,2.5,SNMOT-118_incremental_clip,SHOT-118-A,999,ball,N/A,937.6,575.2,11.3,10.5,0.576
6,3.0,SNMOT-118_incremental_clip,SHOT-118-A,101,player,Team_A,1070.2,784.1,29.5,76.7,0.99
6,3.0,SNMOT-118_incremental_clip,SHOT-118-A,102,player,Team_A,1296.5,469.9,26.5,83.9,0.845
6,3.0,SNMOT-118_incremental_clip,SHOT-118-A,103,player,Team_A,606.2,822.5,32.5,103.9,0.752
6,3.0,SNMOT-118_incremental_clip,SHOT-118-A,104,player,Team_A,175.7,797.7,28.2,87.8,0.914
6,3.0,SNMOT-118_incremental_clip,SHOT-118-A,105,player,Team_A,1301.9,593.6,33.6,76.7,0.99
6,3.0,SNMOT-118_incremental_clip,SHOT-118-A,106,player,Team_A,597.1,536.0,27.6,75.3,0.79
6,3.0,SNMOT-118_incremental_clip,SHOT-118-A,107,player,Team_A,546.9,555.0,35.8,74.4,0.918
6,3.0,SNMOT-118_incremental_clip,SHOT-118-A,108,player,Team_A,897.5,597.7,36.9,107.9,0.817
6,3.0,SNMOT-118_incremental_clip,SHOT-118-A,109,player,Team_A,1551.9,737.8,40.3,107.7,0.832
6,3.0,SNMOT-118_incremental_clip,SHOT-118-A,110,player,Team_A,1042.4,827.0,32.0,105.8,0.792
6,3.0,SNMOT-118_incremental_clip,SHOT-118-A,111,goalkeeper,Team_A,87.3,564.9,32.9,77.0,0.907
6,3.0,SNMOT-118_incremental_clip,SHOT-118-A,201,player,Team_B,591.9,440.8,38.8,80.3,0.719
6,3.0,SNMOT-118_incremental_clip,SHOT-118-A,202,player,Team_B,1164.9,353.5,32.0,83.6,0.859
6,3.0,SNMOT-118_incremental_clip,SHOT-118-A,203,player,Team_B,293.2,593.3,38.1,82.7,0.858
6,3.0,SNMOT-118_incremental_clip,SHOT-118-A,204,player,Team_B,932.9,827.5,30.1,84.5,0.99
6,3.0,SNMOT-118_incremental_clip,SHOT-118-A,205,player,Team_B,1143.4,590.6,27.3,106.9,0.806
6,3.0,SNMOT-118_incremental_clip,SHOT-118-A,206,player,Team_B,1024.0,445.9,30.6,93.8,0.72
6,3.0,SNMOT-118_incremental_clip,SHOT-118-A,207,player,Team_B,302.1,436.9,35.6,97.3,0.922
6,3.0,SNMOT-118_incremental_clip,SHOT-118-A,209,player,Team_B,817.6,314.7,31.3,74.5,0.87
6,3.0,SNMOT-118_incremental_clip,SHOT-118-A,210,player,Team_B,1460.1,407.8,37.3,72.3,0.99
6,3.0,SNMOT-118_incremental_clip,SHOT-118-A,211,goalkeeper,Team_B,1803.1,566.1,27.5,83.4,0.806
6,3.0,SNMOT-118_incremental_clip,SHOT-118-A,300,referee,Referee,936.4,565.0,30.3,70.4,0.835
6,3.0,SNMOT-118_incremental_clip,SHOT-118-A,999,ball,N/A,960.2,545.8,8.4,12.0,0.655
7,3.5,SNMOT-118_incremental_clip,SHOT-118-A,101,player,Team_A,1071.2,792.1,30.2,93.0,0.917
7,3.5,SNMOT-118_incremental_clip,SHOT-118-A,102,player,Team_A,1292.7,462.6,26.2,104.1,0.747
7,3.5,SNMOT-118_incremental_clip,SHOT-118-A,103,player,Team_A,603.0,838.2,38.6,88.3,0.754
7,3.5,SNMOT-118_incremental_clip,SHOT-118-A,104,player,Team_A,176.5,780.5,29.9,103.2,0.83
7,3.5,SNMOT-118_incremental_clip,SHOT-118-A,106,player,Team_A,607.8,510.1,34.0,103.3,0.867
7,3.5,SNMOT-118_incremental_clip,SHOT-118-A,107,player,Team_A,541.7,557.0,34.1,75.5,0.803
7,3.5,SNMOT-118_incremental_clip,SHOT-118-A,108,player,Team_A,879.6,614.6,34.2,90.1,0.943
7,3.5,SNMOT-118_incremental_clip,SHOT-118-A,109,player,Team_A,1553.7,741.9,28.4,86.7,0.957
7,3.5,SNMOT-118_incremental_clip,SHOT-118-A,110,player,Team_A,1031.2,840.0,29.4,101.4,0.841
7,3.5,SNMOT-118_incremental_clip,SHOT-118-A,111,goalkeeper,Team_A,79.0,556.6,41.6,91.4,0.887
7,3.5,SNMOT-118_incremental_clip,SHOT-118-A,201,player,Team_B,602.7,438.8,30.0,72.7,0.806
7,3.5,SNMOT-118_incremental_clip,SHOT-118-A,202,player,Team_B,1163.3,356.4,36.5,78.2,0.869
7,3.5,SNMOT-118_incremental_clip,SHOT-118-A,203,player,Team_B,300.4,604.2,39.8,82.4,0.923
7,3.5,SNMOT-118_incremental_clip,SHOT-118-A,204,player,Team_B,927.2,833.8,35.6,105.3,0.91
7,3.5,SNMOT-118_incremental_clip,SHOT-118-A,205,player,Team_B,1148.4,613.5,31.6,74.5,0.843
7,3.5,SNMOT-118_incremental_clip,SHOT-118-A,206,player,Team_B,1027.9,418.8,41.4,107.3,0.829
7,3.5,SNMOT-118_incremental_clip,SHOT-118-A,207,player,Team_B,297.3,437.2,29.2,103.3,0.848
7,3.5,SNMOT-118_incremental_clip,SHOT-118-A,208,player,Team_B,1271.3,459.2,30.6,76.5,0.842
7,3.5,SNMOT-118_incremental_clip,SHOT-118-A,209,player,Team_B,825.3,320.7,26.2,81.5,0.857
7,3.5,SNMOT-118_incremental_clip,SHOT-118-A,210,player,Team_B,1454.2,413.6,32.9,79.4,0.882
7,3.5,SNMOT-118_incremental_clip,SHOT-118-A,211,goalkeeper,Team_B,1797.8,566.1,40.5,80.9,0.936
7,3.5,SNMOT-118_incremental_clip,SHOT-118-A,300,referee,Referee,931.1,552.2,29.1,89.1,0.787
7,3.5,SNMOT-118_incremental_clip,SHOT-118-A,999,ball,N/A,913.3,541.2,8.1,9.5,0.52
8,4.0,SNMOT-118_incremental_clip,SHOT-118-A,101,player,Team_A,1070.6,796.5,27.4,89.0,0.666
8,4.0,SNMOT-118_incremental_clip,SHOT-118-A,102,player,Team_A,1277.7,482.8,38.9,92.2,0.877
8,4.0,SNMOT-118_incremental_clip,SHOT-118-A,103,player,Team_A,599.5,838.8,39.8,86.0,0.861
8,4.0,SNMOT-118_incremental_clip,SHOT-118-A,104,player,Team_A,163.9,796.7,37.7,81.3,0.99
8,4.0,SNMOT-118_incremental_clip,SHOT-118-A,105,player,Team_A,1288.3,591.2,38.5,78.3,0.826
8,4.0,SNMOT-118_incremental_clip,SHOT-118-A,106,player,Team_A,595.7,518.5,33.5,88.7,0.771
8,4.0,SNMOT-118_incremental_clip,SHOT-118-A,107,player,Team_A,538.8,550.9,32.5,105.7,0.928
8,4.0,SNMOT-118_incremental_clip,SHOT-118-A,108,player,Team_A,879.7,604.7,27.2,89.9,0.917
8,4.0,SNMOT-118_incremental_clip,SHOT-118-A,109,player,Team_A,1546.8,742.7,30.9,93.7,0.928
8,4.0,SNMOT-118_incremental_clip,SHOT-118-A,110,player,Team_A,1043.3,841.3,26.1,85.4,0.982
8,4.0,SNMOT-118_incremental_clip,SHOT-118-A,111,goalkeeper,Team_A,77.2,549.0,30.7,100.0,0.874
8,4.0,SNMOT-118_incremental_clip,SHOT-118-A,201,player,Team_B,596.8,441.3,38.0,88.2,0.862
8,4.0,SNMOT-118_incremental_clip,SHOT-118-A,202,player,Team_B,1164.6,335.9,37.9,102.8,0.789
8,4.0,SNMOT-118_incremental_clip,SHOT-118-A,203,player,Team_B,319.4,628.5,38.3,75.5,0.921
8,4.0,SNMOT-118_incremental_clip,SHOT-118-A,204,player,Team_B,933.6,835.8,26.9,97.8,0.917
8,4.0,SNMOT-118_incremental_clip,SHOT-118-A,205,player,Team_B,1142.6,594.0,36.0,105.5,0.834
8,4.0,SNMOT-118_incremental_clip,SHOT-118-A,206,player,Team_B,1040.6,430.6,34.8,90.4,0.839
8,4.0,SNMOT-118_incremental_clip,SHOT-118-A,207,player,Team_B,292.5,443.8,33.4,103.7,0.783
8,4.0,SNMOT-118_incremental_clip,SHOT-118-A,208,player,Team_B,1264.6,444.8,35.3,93.1,0.78
8,4.0,SNMOT-118_incremental_clip,SHOT-118-A,209,player,Team_B,797.9,306.2,40.2,97.4,0.908
8,4.0,SNMOT-118_incremental_clip,SHOT-118-A,210,player,Team_B,1443.3,408.1,30.5,76.6,0.804
8,4.0,SNMOT-118_incremental_clip,SHOT-118-A,211,goalkeeper,Team_B,1804.1,576.3,34.1,75.1,0.906
8,4.0,SNMOT-118_incremental_clip,SHOT-118-A,300,referee,Referee,926.6,551.7,27.0,71.1,0.818
8,4.0,SNMOT-118_incremental_clip,SHOT-118-A,999,ball,N/A,972.7,517.5,11.2,12.6,0.767
9,4.5,SNMOT-118_incremental_clip,SHOT-118-A,101,player,Team_A,1059.0,796.1,41.8,75.1,0.854
9,4.5,SNMOT-118_incremental_clip,SHOT-118-A,102,player,Team_A,1270.6,483.8,34.9,83.5,0.827
9,4.5,SNMOT-118_incremental_clip,SHOT-118-A,103,player,Team_A,584.3,830.2,37.4,82.6,0.87
9,4.5,SNMOT-118_incremental_clip,SHOT-118-A,104,player,Team_A,166.4,787.1,26.0,86.0,0.681
9,4.5,SNMOT-118_incremental_clip,SHOT-118-A,105,player,Team_A,1285.9,569.2,40.7,106.8,0.931
9,4.5,SNMOT-118_incremental_clip,SHOT-118-A,106,player,Team_A,594.2,522.1,27.6,98.2,0.837
9,4.5,SNMOT-118_incremental_clip,SHOT-118-A,107,player,Team_A,536.4,558.1,34.3,106.1,0.817
9,4.5,SNMOT-118_incremental_clip,SHOT-118-A,108,player,Team_A,857.3,602.3,40.7,78.7,0.843
9,4.5,SNMOT-118_incremental_clip,SHOT-118-A,109,player,Team_A,1541.7,745.3,37.7,73.5,0.905
9,4.5,SNMOT-118_incremental_clip,SHOT-118-A,110,player,Team_A,1053.8,836.6,36.5,94.2,0.742
9,4.5,SNMOT-118_incremental_clip,SHOT-118-A,111,goalkeeper,Team_A,79.2,562.8,34.5,73.8,0.818
9,4.5,SNMOT-118_incremental_clip,SHOT-118-A,201,player,Team_B,591.0,429.5,37.5,105.7,0.959
9,4.5,SNMOT-118_incremental_clip,SHOT-118-A,202,player,Team_B,1173.4,363.3,41.6,72.6,0.878
9,4.5,SNMOT-118_incremental_clip,SHOT-118-A,203,player,Team_B,317.2,620.6,35.8,107.6,0.91
9,4.5,SNMOT-118_incremental_clip,SHOT-118-A,204,player,Team_B,932.7,850.4,32.6,85.2,0.789
9,4.5,SNMOT-118_incremental_clip,SHOT-118-A,205,player,Team_B,1140.0,596.6,33.0,82.6,0.748
9,4.5,SNMOT-118_incremental_clip,SHOT-118-A,206,player,Team_B,1056.0,429.3,40.4,84.9,0.787
9,4.5,SNMOT-118_incremental_clip,SHOT-118-A,207,player,Team_B,302.2,437.9,28.2,106.8,0.793
9,4.5,SNMOT-118_incremental_clip,SHOT-118-A,208,player,Team_B,1269.6,441.8,31.2,97.5,0.845
9,4.5,SNMOT-118_incremental_clip,SHOT-118-A,209,player,Team_B,803.3,311.1,27.0,100.5,0.796
9,4.5,SNMOT-118_incremental_clip,SHOT-118-A,210,player,Team_B,1440.1,403.1,27.3,95.9,0.945
9,4.5,SNMOT-118_incremental_clip,SHOT-118-A,211,goalkeeper,Team_B,1806.9,570.1,37.6,88.7,0.99
9,4.5,SNMOT-118_incremental_clip,SHOT-118-A,300,referee,Referee,917.3,553.2,30.2,90.1,0.802
10,5.0,SNMOT-118_incremental_clip,SHOT-118-A,101,player,Team_A,1058.2,787.8,33.8,91.1,0.768
10,5.0,SNMOT-118_incremental_clip,SHOT-118-A,102,player,Team_A,1271.3,490.9,36.8,84.4,0.95
10,5.0,SNMOT-118_incremental_clip,SHOT-118-A,104,player,Team_A,142.5,775.4,27.2,95.6,0.873
10,5.0,SNMOT-118_incremental_clip,SHOT-118-A,105,player,Team_A,1279.5,583.5,28.0,104.1,0.704
10,5.0,SNMOT-118_incremental_clip,SHOT-118-A,106,player,Team_A,600.3,554.5,31.1,81.9,0.761
10,5.0,SNMOT-118_incremental_clip,SHOT-118-A,107,player,Team_A,551.4,553.7,28.2,92.9,0.887
10,5.0,SNMOT-118_incremental_clip,SHOT-118-A,108,player,Team_A,867.1,593.5,28.1,82.5,0.732
10,5.0,SNMOT-118_incremental_clip,SHOT-118-A,109,player,Team_A,1528.3,728.4,41.7,98.7,0.866
10,5.0,SNMOT-118_incremental_clip,SHOT-118-A,110,player,Team_A,1055.4,860.3,40.8,82.9,0.83
10,5.0,SNMOT-118_incremental_clip,SHOT-118-A,111,goalkeeper,Team_A,76.1,564.6,38.8,80.4,0.88
10,5.0,SNMOT-118_incremental_clip,SHOT-118-A,201,player,Team_B,596.3,420.6,32.4,98.8,0.792
10,5.0,SNMOT-118_incremental_clip,SHOT-118-A,202,player,Team_B,1180.4,354.0,38.8,101.4,0.798
10,5.0,SNMOT-118_incremental_clip,SHOT-118-A,203,player,Team_B,296.3,622.8,39.2,98.2,0.99
10,5.0,SNMOT-118_incremental_clip,SHOT-118-A,204,player,Team_B,920.5,856.3,36.8,90.6,0.745
10,5.0,SNMOT-118_incremental_clip,SHOT-118-A,205,player,Team_B,1146.2,587.9,31.9,87.2,0.99
10,5.0,SNMOT-118_incremental_clip,SHOT-118-A,206,player,Team_B,1053.3,439.8,29.5,90.3,0.742
10,5.0,SNMOT-118_incremental_clip,SHOT-118-A,207,player,Team_B,295.6,419.9,38.1,103.2,0.835
10,5.0,SNMOT-118_incremental_clip,SHOT-118-A,208,player,Team_B,1267.2,468.4,34.1,79.0,0.78
10,5.0,SNMOT-118_incremental_clip,SHOT-118-A,209,player,Team_B,798.9,316.6,29.7,105.8,0.861
10,5.0,SNMOT-118_incremental_clip,SHOT-118-A,210,player,Team_B,1452.0,404.7,32.8,79.1,0.739
10,5.0,SNMOT-118_incremental_clip,SHOT-118-A,211,goalkeeper,Team_B,1809.7,575.8,40.8,91.3,0.99
10,5.0,SNMOT-118_incremental_clip,SHOT-118-A,300,referee,Referee,926.0,560.8,25.6,68.9,0.859
11,5.5,SNMOT-118_incremental_clip,SHOT-118-A,102,player,Team_A,1264.2,488.4,33.8,91.3,0.765
11,5.5,SNMOT-118_incremental_clip,SHOT-118-A,103,player,Team_A,590.8,847.5,27.1,89.8,0.714
11,5.5,SNMOT-118_incremental_clip,SHOT-118-A,104,player,Team_A,148.9,767.9,41.4,98.8,0.757
11,5.5,SNMOT-118_incremental_clip,SHOT-118-A,105,player,Team_A,1278.5,592.3,33.1,82.6,0.892
11,5.5,SNMOT-118_incremental_clip,SHOT-118-A,106,player,Team_A,601.1,558.1,33.7,96.3,0.873
11,5.5,SNMOT-118_incremental_clip,SHOT-118-A,107,player,Team_A,532.8,547.7,30.9,82.1,0.844
11,5.5,SNMOT-118_incremental_clip,SHOT-118-A,109,player,Team_A,1527.0,742.2,35.5,84.6,0.875
11,5.5,SNMOT-118_incremental_clip,SHOT-118-A,110,player,Team_A,1060.3,874.9,29.1,72.1,0.835
11,5.5,SNMOT-118_incremental_clip,SHOT-118-A,111,goalkeeper,Team_A,73.6,554.2,38.7,95.8,0.917
11,5.5,SNMOT-118_incremental_clip,SHOT-118-A,201,player,Team_B,592.3,428.9,33.2,78.8,0.99
11,5.5,SNMOT-118_incremental_clip,SHOT-118-A,202,player,Team_B,1193.3,377.9,27.3,80.5,0.74
11,5.5,SNMOT-118_incremental_clip,SHOT-118-A,203,player,Team_B,310.9,644.6,31.1,85.1,0.79
11,5.5,SNMOT-118_incremental_clip,SHOT-118-A,204,player,Team_B,925.4,849.7,34.5,87.8,0.863
11,5.5,SNMOT-118_incremental_clip,SHOT-118-A,205,player,Team_B,1146.7,576.6,39.2,83.6,0.817
11,5.5,SNMOT-118_incremental_clip,SHOT-118-A,206,player,Team_B,1047.3,439.6,39.7,100.7,0.99
11,5.5,SNMOT-118_incremental_clip,SHOT-118-A,207,player,Team_B,282.5,436.0,30.2,89.3,0.741
11,5.5,SNMOT-118_incremental_clip,SHOT-118-A,208,player,Team_B,1271.5,478.6,28.6,85.8,0.809
11,5.5,SNMOT-118_incremental_clip,SHOT-118-A,209,player,Team_B,809.2,313.0,37.7,96.4,0.84
11,5.5,SNMOT-118_incremental_clip,SHOT-118-A,210,player,Team_B,1429.3,406.7,30.4,74.9,0.747
11,5.5,SNMOT-118_incremental_clip,SHOT-118-A,300,referee,Referee,937.9,557.6,30.3,81.4,0.887
11,5.5,SNMOT-118_incremental_clip,SHOT-118-A,999,ball,N/A,953.6,512.3,8.8,9.1,0.621
12,6.0,SNMOT-118_incremental_clip,SHOT-118-A,101,player,Team_A,1045.4,773.2,30.6,85.8,0.788
12,6.0,SNMOT-118_incremental_clip,SHOT-118-A,102,player,Team_A,1266.7,468.2,29.2,100.6,0.885
12,6.0,SNMOT-118_incremental_clip,SHOT-118-A,103,player,Team_A,595.8,847.8,39.6,101.2,0.817
12,6.0,SNMOT-118_incremental_clip,SHOT-118-A,104,player,Team_A,161.3,780.5,30.1,81.3,0.668
12,6.0,SNMOT-118_incremental_clip,SHOT-118-A,105,player,Team_A,1274.4,581.0,38.0,99.9,0.846
12,6.0,SNMOT-118_incremental_clip,SHOT-118-A,107,player,Team_A,522.7,541.0,28.8,91.4,0.949
12,6.0,SNMOT-118_incremental_clip,SHOT-118-A,108,player,Team_A,853.2,580.2,29.9,97.5,0.773
12,6.0,SNMOT-118_incremental_clip,SHOT-118-A,109,player,Team_A,1517.8,733.5,35.2,81.8,0.768
12,6.0,SNMOT-118_incremental_clip,SHOT-118-A,110,player,Team_A,1060.9,872.1,30.2,85.1,0.88
12,6.0,SNMOT-118_incremental_clip,SHOT-118-A,111,goalkeeper,Team_A,77.9,548.3,26.2,107.2,0.775
12,6.0,SNMOT-118_incremental_clip,SHOT-118-A,201,player,Team_B,586.8,425.6,40.4,105.7,0.775
12,6.0,SNMOT-118_incremental_clip,SHOT-118-A,202,player,Team_B,1184.0,387.7,36.6,100.2,0.835
12,6.0,SNMOT-118_incremental_clip,SHOT-118-A,203,player,Team_B,315.3,640.2,34.2,97.3,0.875
12,6.0,SNMOT-118_incremental_clip,SHOT-118-A,205,player,Team_B,1150.9,579.4,29.6,73.7,0.811
12,6.0,SNMOT-118_incremental_clip,SHOT-118-A,206,player,Team_B,1050.3,439.2,29.1,97.4,0.876
12,6.0,SNMOT-118_incremental_clip,SHOT-118-A,207,player,Team_B,279.3,436.7,39.4,81.2,0.956
12,6.0,SNMOT-118_incremental_clip,SHOT-118-A,208,player,Team_B,1257.0,490.8,38.5,88.7,0.718
12,6.0,SNMOT-118_incremental_clip,SHOT-118-A,209,player,Team_B,798.2,308.3,28.6,82.6,0.859
12,6.0,SNMOT-118_incremental_clip,SHOT-118-A,210,player,Team_B,1410.7,403.2,29.3,91.0,0.746
12,6.0,SNMOT-118_incremental_clip,SHOT-118-A,211,goalkeeper,Team_B,1804.3,569.4,36.8,107.0,0.76
12,6.0,SNMOT-118_incremental_clip,SHOT-118-A,300,referee,Referee,932.7,544.6,26.4,90.8,0.771
12,6.0,SNMOT-118_incremental_clip,SHOT-118-A,999,ball,N/A,933.0,519.3,9.4,12.7,0.639
13,6.5,SNMOT-118_incremental_clip,SHOT-118-A,101,player,Team_A,1057.9,784.2,27.6,86.2,0.858
13,6.5,SNMOT-118_incremental_clip,SHOT-118-A,102,player,Team_A,1258.2,479.4,29.7,73.1,0.881
13,6.5,SNMOT-118_incremental_clip,SHOT-118-A,105,player,Team_A,1253.5,594.4,37.0,85.3,0.912
13,6.5,SNMOT-118_incremental_clip,SHOT-118-A,106,player,Team_A,596.3,555.9,40.9,94.3,0.775
13,6.5,SNMOT-118_incremental_clip,SHOT-118-A,107,player,Team_A,517.0,532.6,27.4,103.2,0.787
13,6.5,SNMOT-118_incremental_clip,SHOT-118-A,108,player,Team_A,832.3,597.3,40.7,84.3,0.772
13,6.5,SNMOT-118_incremental_clip,SHOT-118-A,109,player,Team_A,1519.2,717.7,29.5,88.5,0.99
13,6.5,SNMOT-118_incremental_clip,SHOT-118-A,110,player,Team_A,1062.9,856.2,27.5,105.4,0.74
13,6.5,SNMOT-118_incremental_clip,SHOT-118-A,111,goalkeeper,Team_A,73.6,564.5,37.1,83.0,0.863
13,6.5,SNMOT-118_incremental_clip,SHOT-118-A,201,player,Team_B,576.8,423.1,40.5,103.9,0.954
13,6.5,SNMOT-118_incremental_clip,SHOT-118-A,202,player,Team_B,1192.8,370.3,31.6,106.7,0.943
13,6.5,SNMOT-118_incremental_clip,SHOT-118-A,203,player,Team_B,308.0,642.3,38.9,76.1,0.942
13,6.5,SNMOT-118_incremental_clip,SHOT-118-A,204,player,Team_B,922.9,824.3,37.4,107.2,0.818
13,6.5,SNMOT-118_incremental_clip,SHOT-118-A,205,player,Team_B,1152.5,546.6,33.0,97.9,0.911
13,6.5,SNMOT-118_incremental_clip,SHOT-118-A,206,player,Team_B,1048.9,423.1,30.7,102.0,0.868
13,6.5,SNMOT-118_incremental_clip,SHOT-118-A,207,player,Team_B,292.0,430.7,39.4,84.9,0.781
13,6.5,SNMOT-118_incremental_clip,SHOT-118-A,208,player,Team_B,1256.9,502.7,32.2,99.0,0.827
13,6.5,SNMOT-118_incremental_clip,SHOT-118-A,209,player,Team_B,815.4,314.8,34.6,76.0,0.952
13,6.5,SNMOT-118_incremental_clip,SHOT-118-A,210,player,Team_B,1418.9,405.2,34.5,76.5,0.762
13,6.5,SNMOT-118_incremental_clip,SHOT-118-A,211,goalkeeper,Team_B,1807.1,579.9,34.6,73.8,0.878
13,6.5,SNMOT-118_incremental_clip,SHOT-118-A,300,referee,Referee,918.9,550.8,31.9,89.0,0.715
14,7.0,SNMOT-118_incremental_clip,SHOT-118-A,101,player,Team_A,1062.2,792.9,38.2,87.4,0.942
14,7.0,SNMOT-118_incremental_clip,SHOT-118-A,102,player,Team_A,1259.0,479.3,33.5,93.5,0.914
14,7.0,SNMOT-118_incremental_clip,SHOT-118-A,103,player,Team_A,605.5,833.8,34.3,96.7,0.804
14,7.0,SNMOT-118_incremental_clip,SHOT-118-A,104,player,Team_A,179.8,760.8,36.1,105.0,0.99
14,7.0,SNMOT-118_incremental_clip,SHOT-118-A,105,player,Team_A,1251.1,578.7,36.3,93.7,0.869
14,7.0,SNMOT-118_incremental_clip,SHOT-118-A,106,player,Team_A,605.5,544.8,39.2,98.5,0.787
14,7.0,SNMOT-118_incremental_clip,SHOT-118-A,107,player,Team_A,517.1,545.7,38.0,82.7,0.641
14,7.0,SNMOT-118_incremental_clip,SHOT-118-A,108,player,Team_A,841.1,593.0,33.8,102.7,0.874
14,7.0,SNMOT-118_incremental_clip,SHOT-118-A,109,player,Team_A,1525.6,726.9,34.9,95.5,0.844
14,7.0,SNMOT-118_incremental_clip,SHOT-118-A,110,player,Team_A,1057.8,866.0,36.2,85.9,0.825
14,7.0,SNMOT-118_incremental_clip,SHOT-118-A,111,goalkeeper,Team_A,79.1,564.4,28.0,78.0,0.839
14,7.0,SNMOT-118_incremental_clip,SHOT-118-A,201,player,Team_B,577.4,443.5,28.3,99.2,0.99
14,7.0,SNMOT-118_incremental_clip,SHOT-118-A,202,player,Team_B,1191.2,371.2,40.6,103.3,0.848
14,7.0,SNMOT-118_incremental_clip,SHOT-118-A,203,player,Team_B,329.4,632.2,33.9,80.3,0.82
14,7.0,SNMOT-118_incremental_clip,SHOT-118-A,204,player,Team_B,922.5,838.4,37.1,95.5,0.724
14,7.0,SNMOT-118_incremental_clip,SHOT-118-A,205,player,Team_B,1153.7,544.2,33.1,100.8,0.783
14,7.0,SNMOT-118_incremental_clip,SHOT-118-A,206,player,Team_B,1051.9,437.6,34.1,100.3,0.894
14,7.0,SNMOT-118_incremental_clip,SHOT-118-A,207,player,Team_B,288.7,431.2,28.8,81.3,0.835
14,7.0,SNMOT-118_incremental_clip,SHOT-118-A,208,player,Team_B,1257.7,500.1,37.2,99.9,0.836
14,7.0,SNMOT-118_incremental_clip,SHOT-118-A,209,player,Team_B,828.0,323.6,27.0,80.3,0.978
14,7.0,SNMOT-118_incremental_clip,SHOT-118-A,210,player,Team_B,1412.4,384.4,34.3,97.0,0.853
14,7.0,SNMOT-118_incremental_clip,SHOT-118-A,211,goalkeeper,Team_B,1801.3,565.7,38.5,94.8,0.907
14,7.0,SNMOT-118_incremental_clip,SHOT-118-A,300,referee,Referee,925.6,551.1,33.3,82.3,0.862
14,7.0,SNMOT-118_incremental_clip,SHOT-118-A,999,ball,N/A,914.0,495.2,8.8,11.0,0.812
15,7.5,SNMOT-118_incremental_clip,SHOT-118-A,101,player,Team_A,1061.3,786.0,30.2,99.6,0.99
15,7.5,SNMOT-118_incremental_clip,SHOT-118-A,102,player,Team_A,1259.6,467.4,34.2,79.6,0.772
15,7.5,SNMOT-118_incremental_clip,SHOT-118-A,104,player,Team_A,173.9,780.2,31.8,80.4,0.779
15,7.5,SNMOT-118_incremental_clip,SHOT-118-A,107,player,Team_A,510.6,547.3,31.0,103.0,0.756
15,7.5,SNMOT-118_incremental_clip,SHOT-118-A,108,player,Team_A,853.1,620.5,27.4,78.5,0.833
15,7.5,SNMOT-118_incremental_clip,SHOT-118-A,109,player,Team_A,1525.2,738.9,35.7,79.1,0.747
15,7.5,SNMOT-118_incremental_clip,SHOT-118-A,110,player,Team_A,1049.8,874.2,27.8,75.8,0.864
15,7.5,SNMOT-118_incremental_clip,SHOT-118-A,111,goalkeeper,Team_A,77.0,564.3,29.3,90.8,0.756
15,7.5,SNMOT-118_incremental_clip,SHOT-118-A,201,player,Team_B,563.8,454.3,41.9,84.5,0.927
15,7.5,SNMOT-118_incremental_clip,SHOT-118-A,202,player,Team_B,1200.8,375.9,36.0,103.6,0.99
15,7.5,SNMOT-118_incremental_clip,SHOT-118-A,203,player,Team_B,318.5,633.3,38.5,73.7,0.981
15,7.5,SNMOT-118_incremental_clip,SHOT-118-A,204,player,Team_B,916.6,844.2,37.0,84.1,0.855
15,7.5,SNMOT-118_incremental_clip,SHOT-118-A,205,player,Team_B,1141.1,557.4,27.1,76.4,0.725
15,7.5,SNMOT-118_incremental_clip,SHOT-118-A,206,player,Team_B,1068.2,430.1,35.2,91.1,0.746
15,7.5,SNMOT-118_incremental_clip,SHOT-118-A,207,player,Team_B,294.2,447.5,36.6,79.8,0.88
15,7.5,SNMOT-118_incremental_clip,SHOT-118-A,208,player,Team_B,1275.6,495.4,37.5,99.0,0.923
15,7.5,SNMOT-118_incremental_clip,SHOT-118-A,209,player,Team_B,843.3,309.8,34.1,94.7,0.99
15,7.5,SNMOT-118_incremental_clip,SHOT-118-A,210,player,Team_B,1410.7,392.1,31.5,81.3,0.944
15,7.5,SNMOT-118_incremental_clip,SHOT-118-A,211,goalkeeper,Team_B,1803.1,569.5,38.1,85.5,0.755
15,7.5,SNMOT-118_incremental_clip,SHOT-118-A,300,referee,Referee,920.3,559.1,27.4,88.2,0.803
15,7.5,SNMOT-118_incremental_clip,SHOT-118-A,999,ball,N/A,892.4,489.4,12.2,10.7,0.759
16,8.0,SNMOT-118_incremental_clip,SHOT-118-A,101,player,Team_A,1053.8,788.2,35.2,99.5,0.813
16,8.0,SNMOT-118_incremental_clip,SHOT-118-A,102,player,Team_A,1268.1,468.7,38.0,89.5,0.946
16,8.0,SNMOT-118_incremental_clip,SHOT-118-A,103,player,Team_A,622.5,828.2,38.4,104.7,0.908
16,8.0,SNMOT-118_incremental_clip,SHOT-118-A,104,player,Team_A,181.1,772.7,40.7,77.6,0.954
16,8.0,SNMOT-118_incremental_clip,SHOT-118-A,105,player,Team_A,1264.2,557.4,34.6,90.2,0.953
16,8.0,SNMOT-118_incremental_clip,SHOT-118-A,106,player,Team_A,600.8,553.9,38.4,81.9,0.987
16,8.0,SNMOT-118_incremental_clip,SHOT-118-A,107,player,Team_A,515.5,568.7,29.9,75.5,0.965
16,8.0,SNMOT-118_incremental_clip,SHOT-118-A,108,player,Team_A,846.7,620.3,35.6,73.8,0.788
16,8.0,SNMOT-118_incremental_clip,SHOT-118-A,109,player,Team_A,1533.2,715.5,28.7,99.5,0.786
16,8.0,SNMOT-118_incremental_clip,SHOT-118-A,110,player,Team_A,1036.6,858.9,40.0,86.1,0.723
16,8.0,SNMOT-118_incremental_clip,SHOT-118-A,111,goalkeeper,Team_A,76.1,561.2,29.6,91.6,0.822
16,8.0,SNMOT-118_incremental_clip,SHOT-118-A,201,player,Team_B,554.7,447.0,30.7,73.8,0.856
16,8.0,SNMOT-118_incremental_clip,SHOT-118-A,202,player,Team_B,1193.9,385.2,38.6,86.6,0.777
16,8.0,SNMOT-118_incremental_clip,SHOT-118-A,203,player,Team_B,326.8,616.0,37.8,89.7,0.892
16,8.0,SNMOT-118_incremental_clip,SHOT-118-A,204,player,Team_B,943.0,824.3,30.4,106.0,0.825
16,8.0,SNMOT-118_incremental_clip,SHOT-118-A,205,player,Team_B,1138.7,543.9,27.7,91.1,0.88
16,8.0,SNMOT-118_incremental_clip,SHOT-118-A,206,player,Team_B,1064.5,437.6,32.1,78.9,0.912
16,8.0,SNMOT-118_incremental_clip,SHOT-118-A,207,player,Team_B,275.7,452.1,37.0,97.3,0.723
16,8.0,SNMOT-118_incremental_clip,SHOT-118-A,208,player,Team_B,1274.3,488.7,38.0,97.7,0.937
16,8.0,SNMOT-118_incremental_clip,SHOT-118-A,209,player,Team_B,838.1,319.9,30.2,72.3,0.787
16,8.0,SNMOT-118_incremental_clip,SHOT-118-A,210,player,Team_B,1400.5,412.0,38.9,75.4,0.958
16,8.0,SNMOT-118_incremental_clip,SHOT-118-A,211,goalkeeper,Team_B,1813.6,559.9,29.8,106.7,0.768
16,8.0,SNMOT-118_incremental_clip,SHOT-118-A,300,referee,Referee,930.3,578.4,33.4,75.1,0.934
16,8.0,SNMOT-118_incremental_clip,SHOT-118-A,999,ball,N/A,866.1,519.9,10.1,11.2,0.59
17,8.5,SNMOT-118_incremental_clip,SHOT-118-A,101,player,Team_A,1047.8,778.6,29.5,89.9,0.909
17,8.5,SNMOT-118_incremental_clip,SHOT-118-A,102,player,Team_A,1279.6,460.1,36.4,97.4,0.761
17,8.5,SNMOT-118_incremental_clip,SHOT-118-A,103,player,Team_A,628.2,841.3,28.7,72.7,0.942
17,8.5,SNMOT-118_incremental_clip,SHOT-118-A,104,player,Team_A,182.3,763.2,38.2,91.2,0.814
17,8.5,SNMOT-118_incremental_clip,SHOT-118-A,105,player,Team_A,1268.6,562.8,39.2,91.1,0.813
17,8.5,SNMOT-118_incremental_clip,SHOT-118-A,106,player,Team_A,608.0,554.5,27.1,72.5,0.745
17,8.5,SNMOT-118_incremental_clip,SHOT-118-A,107,player,Team_A,522.8,568.4,39.4,94.2,0.951
17,8.5,SNMOT-118_incremental_clip,SHOT-118-A,108,player,Team_A,849.2,609.2,26.7,81.6,0.866
17,8.5,SNMOT-118_incremental_clip,SHOT-118-A,109,player,Team_A,1534.6,721.0,26.4,78.5,0.858
17,8.5,SNMOT-118_incremental_clip,SHOT-118-A,110,player,Team_A,1020.4,860.0,38.2,88.2,0.834
17,8.5,SNMOT-118_incremental_clip,SHOT-118-A,111,goalkeeper,Team_A,77.0,556.6,27.1,97.4,0.849
17,8.5,SNMOT-118_incremental_clip,SHOT-118-A,201,player,Team_B,565.5,440.3,26.3,82.6,0.924
17,8.5,SNMOT-118_incremental_clip,SHOT-118-A,202,player,Team_B,1200.8,380.0,29.1,84.8,0.824
17,8.5,SNMOT-118_incremental_clip,SHOT-118-A,203,player,Team_B,338.4,616.7,40.9,107.9,0.885
17,8.5,SNMOT-118_incremental_clip,SHOT-118-A,204,player,Team_B,946.4,834.7,33.4,82.0,0.885
17,8.5,SNMOT-118_incremental_clip,SHOT-118-A,205,player,Team_B,1136.2,538.6,28.5,80.5,0.931
17,8.5,SNMOT-118_incremental_clip,SHOT-118-A,206,player,Team_B,1073.2,449.2,35.5,106.5,0.539
17,8.5,SNMOT-118_incremental_clip,SHOT-118-A,207,player,Team_B,269.5,447.8,38.6,102.6,0.869
17,8.5,SNMOT-118_incremental_clip,SHOT-118-A,208,player,Team_B,1278.8,508.0,40.7,85.2,0.99
17,8.5,SNMOT-118_incremental_clip,SHOT-118-A,209,player,Team_B,849.7,322.0,30.3,81.6,0.857
17,8.5,SNMOT-118_incremental_clip,SHOT-118-A,210,player,Team_B,1403.9,410.4,28.8,88.0,0.824
17,8.5,SNMOT-118_incremental_clip,SHOT-118-A,211,goalkeeper,Team_B,1810.7,559.9,34.8,104.1,0.815
17,8.5,SNMOT-118_incremental_clip,SHOT-118-A,300,referee,Referee,918.3,588.2,30.8,71.8,0.678
17,8.5,SNMOT-118_incremental_clip,SHOT-118-A,999,ball,N/A,842.0,506.1,9.1,12.2,0.586
18,9.0,SNMOT-118_incremental_clip,SHOT-118-A,101,player,Team_A,1045.7,767.8,40.7,103.7,0.902
18,9.0,SNMOT-118_incremental_clip,SHOT-118-A,102,player,Team_A,1279.1,452.6,38.1,104.1,0.827
18,9.0,SNMOT-118_incremental_clip,SHOT-118-A,103,player,Team_A,620.5,846.0,30.3,73.1,0.884
18,9.0,SNMOT-118_incremental_clip,SHOT-118-A,104,player,Team_A,160.4,766.8,35.7,86.3,0.78
18,9.0,SNMOT-118_incremental_clip,SHOT-118-A,105,player,Team_A,1266.2,557.0,40.1,105.7,0.83
18,9.0,SNMOT-118_incremental_clip,SHOT-118-A,106,player,Team_A,612.1,566.1,32.7,84.8,0.942
18,9.0,SNMOT-118_incremental_clip,SHOT-118-A,107,player,Team_A,544.2,582.1,26.5,86.2,0.877
18,9.0,SNMOT-118_incremental_clip,SHOT-118-A,108,player,Team_A,846.0,595.9,36.6,94.1,0.856
18,9.0,SNMOT-118_incremental_clip,SHOT-118-A,109,player,Team_A,1533.4,709.0,28.9,72.4,0.99
18,9.0,SNMOT-118_incremental_clip,SHOT-118-A,110,player,Team_A,1038.6,841.0,35.5,104.6,0.934
18,9.0,SNMOT-118_incremental_clip,SHOT-118-A,111,goalkeeper,Team_A,69.6,562.9,37.4,81.4,0.719
18,9.0,SNMOT-118_incremental_clip,SHOT-118-A,201,player,Team_B,551.2,437.2,36.1,99.2,0.884
18,9.0,SNMOT-118_incremental_clip,SHOT-118-A,202,player,Team_B,1180.3,362.9,36.1,104.9,0.934
18,9.0,SNMOT-118_incremental_clip,SHOT-118-A,203,player,Team_B,341.9,622.1,32.9,97.4,0.951
18,9.0,SNMOT-118_incremental_clip,SHOT-118-A,205,player,Team_B,1141.5,547.6,27.2,80.9,0.861
18,9.0,SNMOT-118_incremental_clip,SHOT-118-A,206,player,Team_B,1081.5,450.3,41.5,103.8,0.745
18,9.0,SNMOT-118_incremental_clip,SHOT-118-A,207,player,Team_B,269.1,450.4,36.0,81.5,0.709
18,9.0,SNMOT-118_incremental_clip,SHOT-118-A,208,player,Team_B,1284.2,499.9,39.8,94.3,0.856
18,9.0,SNMOT-118_incremental_clip,SHOT-118-A,209,player,Team_B,842.6,309.8,38.2,98.4,0.678
18,9.0,SNMOT-118_incremental_clip,SHOT-118-A,210,player,Team_B,1413.5,404.0,30.6,90.5,0.949
18,9.0,SNMOT-118_incremental_clip,SHOT-118-A,211,goalkeeper,Team_B,1813.4,559.5,32.6,101.4,0.99
18,9.0,SNMOT-118_incremental_clip,SHOT-118-A,300,referee,Referee,916.1,583.3,28.9,70.5,0.77
18,9.0,SNMOT-118_incremental_clip,SHOT-118-A,999,ball,N/A,828.0,509.5,10.0,9.0,0.704
19,9.5,SNMOT-118_incremental_clip,SHOT-118-A,101,player,Team_A,1039.6,768.9,33.3,105.7,0.851
19,9.5,SNMOT-118_incremental_clip,SHOT-118-A,102,player,Team_A,1272.6,462.8,27.1,85.8,0.777
19,9.5,SNMOT-118_incremental_clip,SHOT-118-A,103,player,Team_A,630.5,836.9,27.0,104.2,0.822
19,9.5,SNMOT-118_incremental_clip,SHOT-118-A,104,player,Team_A,158.6,760.0,41.5,86.3,0.988
19,9.5,SNMOT-118_incremental_clip,SHOT-118-A,105,player,Team_A,1279.7,570.6,40.2,73.8,0.93
19,9.5,SNMOT-118_incremental_clip,SHOT-118-A,106,player,Team_A,614.3,583.2,33.7,94.1,0.813
19,9.5,SNMOT-118_incremental_clip,SHOT-118-A,107,player,Team_A,539.1,545.2,31.3,106.1,0.938
19,9.5,SNMOT-118_incremental_clip,SHOT-118-A,108,player,Team_A,864.0,598.6,31.1,87.8,0.945
19,9.5,SNMOT-118_incremental_clip,SHOT-118-A,111,goalkeeper,Team_A,71.5,556.2,31.3,85.3,0.87
19,9.5,SNMOT-118_incremental_clip,SHOT-118-A,201,player,Team_B,561.4,440.7,26.6,103.7,0.922
19,9.5,SNMOT-118_incremental_clip,SHOT-118-A,202,player,Team_B,1174.7,366.1,35.6,77.5,0.795
19,9.5,SNMOT-118_incremental_clip,SHOT-118-A,203,player,Team_B,345.3,633.4,33.3,76.8,0.836
19,9.5,SNMOT-118_incremental_clip,SHOT-118-A,204,player,Team_B,942.8,833.6,29.0,90.9,0.722
19,9.5,SNMOT-118_incremental_clip,SHOT-118-A,205,player,Team_B,1138.9,545.3,31.5,93.1,0.714
19,9.5,SNMOT-118_incremental_clip,SHOT-118-A,206,player,Team_B,1090.4,464.9,28.0,82.9,0.923
19,9.5,SNMOT-118_incremental_clip,SHOT-118-A,207,player,Team_B,261.2,429.7,36.5,96.2,0.901
19,9.5,SNMOT-118_incremental_clip,SHOT-118-A,208,player,Team_B,1301.5,512.1,37.9,74.9,0.978
19,9.5,SNMOT-118_incremental_clip,SHOT-118-A,209,player,Team_B,859.9,319.9,30.2,87.5,0.988
19,9.5,SNMOT-118_incremental_clip,SHOT-118-A,210,player,Team_B,1415.3,406.0,38.9,95.7,0.917
19,9.5,SNMOT-118_incremental_clip,SHOT-118-A,211,goalkeeper,Team_B,1807.9,559.5,36.6,104.4,0.93
19,9.5,SNMOT-118_incremental_clip,SHOT-118-A,300,referee,Referee,924.8,582.9,28.7,82.5,0.744
19,9.5,SNMOT-118_incremental_clip,SHOT-118-A,999,ball,N/A,842.4,501.1,9.9,10.3,0.729
20,10.0,SNMOT-118_incremental_clip,SHOT-118-A,101,player,Team_A,1047.1,772.7,31.4,82.0,0.752
20,10.0,SNMOT-118_incremental_clip,SHOT-118-A,102,player,Team_A,1259.4,466.1,41.6,75.5,0.891
20,10.0,SNMOT-118_incremental_clip,SHOT-118-A,103,player,Team_A,626.1,856.8,36.9,82.9,0.72
20,10.0,SNMOT-118_incremental_clip,SHOT-118-A,105,player,Team_A,1274.6,563.2,29.3,95.6,0.857
20,10.0,SNMOT-118_incremental_clip,SHOT-118-A,106,player,Team_A,606.4,593.1,40.6,91.4,0.774
20,10.0,SNMOT-118_incremental_clip,SHOT-118-A,107,player,Team_A,540.5,544.5,36.9,89.7,0.752
20,10.0,SNMOT-118_incremental_clip,SHOT-118-A,108,player,Team_A,868.8,580.6,32.3,102.4,0.735
20,10.0,SNMOT-118_incremental_clip,SHOT-118-A,109,player,Team_A,1543.7,684.7,36.7,82.5,0.688
20,10.0,SNMOT-118_incremental_clip,SHOT-118-A,110,player,Team_A,1054.5,844.0,29.7,94.0,0.727
20,10.0,SNMOT-118_incremental_clip,SHOT-118-A,111,goalkeeper,Team_A,72.5,553.9,32.6,87.9,0.82
20,10.0,SNMOT-118_incremental_clip,SHOT-118-A,201,player,Team_B,556.5,466.0,26.1,77.4,0.71
20,10.0,SNMOT-118_incremental_clip,SHOT-118-A,202,player,Team_B,1165.8,357.2,32.3,86.6,0.87
20,10.0,SNMOT-118_incremental_clip,SHOT-118-A,203,player,Team_B,346.5,618.7,34.9,88.1,0.791
20,10.0,SNMOT-118_incremental_clip,SHOT-118-A,204,player,Team_B,934.8,824.9,40.1,85.9,0.791
20,10.0,SNMOT-118_incremental_clip,SHOT-118-A,205,player,Team_B,1141.0,551.9,36.1,76.0,0.789
20,10.0,SNMOT-118_incremental_clip,SHOT-118-A,206,player,Team_B,1094.1,464.7,41.6,108.0,0.86
20,10.0,SNMOT-118_incremental_clip,SHOT-118-A,207,player,Team_B,261.1,425.9,32.1,99.7,0.966
20,10.0,SNMOT-118_incremental_clip,SHOT-118-A,208,player,Team_B,1295.5,487.5,36.8,105.4,0.754
20,10.0,SNMOT-118_incremental_clip,SHOT-118-A,209,player,Team_B,868.1,317.9,33.2,100.1,0.825
20,10.0,SNMOT-118_incremental_clip,SHOT-118-A,210,player,Team_B,1404.3,410.1,32.4,74.5,0.928
20,10.0,SNMOT-118_incremental_clip,SHOT-118-A,211,goalkeeper,Team_B,1813.1,564.2,32.1,100.9,0.791
20,10.0,SNMOT-118_incremental_clip,SHOT-118-A,300,referee,Referee,919.4,594.7,26.0,74.0,0.694
20,10.0,SNMOT-118_incremental_clip,SHOT-118-A,999,ball,N/A,815.4,498.6,11.2,8.2,0.641
21,10.5,SNMOT-118_incremental_clip,SHOT-118-A,101,player,Team_A,1038.3,773.7,31.6,79.0,0.775
21,10.5,SNMOT-118_incremental_clip,SHOT-118-A,102,player,Team_A,1252.7,460.0,37.1,79.8,0.93
21,10.5,SNMOT-118_incremental_clip,SHOT-118-A,103,player,Team_A,624.1,846.1,33.3,90.2,0.831
21,10.5,SNMOT-118_incremental_clip,SHOT-118-A,104,player,Team_A,193.7,765.5,32.9,85.5,0.669
21,10.5,SNMOT-118_incremental_clip,SHOT-118-A,105,player,Team_A,1258.6,579.9,38.3,75.4,0.813
21,10.5,SNMOT-118_incremental_clip,SHOT-118-A,106,player,Team_A,607.2,594.2,32.4,77.2,0.82
21,10.5,SNMOT-118_incremental_clip,SHOT-118-A,107,player,Team_A,544.3,552.6,39.2,79.3,0.851
21,10.5,SNMOT-118_incremental_clip,SHOT-118-A,108,player,Team_A,879.9,594.3,36.8,93.2,0.792
21,10.5,SNMOT-118_incremental_clip,SHOT-118-A,109,player,Team_A,1526.8,699.8,29.8,74.4,0.762
21,10.5,SNMOT-118_incremental_clip,SHOT-118-A,110,player,Team_A,1048.0,856.6,39.0,73.5,0.929
21,10.5,SNMOT-118_incremental_clip,SHOT-118-A,111,goalkeeper,Team_A,67.4,563.9,39.2,72.2,0.844
21,10.5,SNMOT-118_incremental_clip,SHOT-118-A,201,player,Team_B,553.9,471.5,34.6,73.6,0.697
21,10.5,SNMOT-118_incremental_clip,SHOT-118-A,202,player,Team_B,1159.2,366.2,34.5,96.7,0.701
21,10.5,SNMOT-118_incremental_clip,SHOT-118-A,203,player,Team_B,370.5,599.8,33.6,79.2,0.83
21,10.5,SNMOT-118_incremental_clip,SHOT-118-A,204,player,Team_B,941.0,809.1,34.0,101.3,0.94
21,10.5,SNMOT-118_incremental_clip,SHOT-118-A,206,player,Team_B,1089.1,477.2,27.4,103.9,0.78
21,10.5,SNMOT-118_incremental_clip,SHOT-118-A,207,player,Team_B,256.5,423.9,29.4,104.9,0.938
21,10.5,SNMOT-118_incremental_clip,SHOT-118-A,208,player,Team_B,1297.6,509.9,31.9,76.0,0.902
21,10.5,SNMOT-118_incremental_clip,SHOT-118-A,209,player,Team_B,877.7,350.9,30.9,72.4,0.885
21,10.5,SNMOT-118_incremental_clip,SHOT-118-A,210,player,Team_B,1405.6,409.9,29.2,101.3,0.973
21,10.5,SNMOT-118_incremental_clip,SHOT-118-A,211,goalkeeper,Team_B,1809.7,570.7,40.7,86.5,0.808
21,10.5,SNMOT-118_incremental_clip,SHOT-118-A,300,referee,Referee,902.4,598.3,24.7,82.3,0.868
21,10.5,SNMOT-118_incremental_clip,SHOT-118-A,999,ball,N/A,813.6,497.3,11.2,11.6,0.663
22,11.0,SNMOT-118_incremental_clip,SHOT-118-A,101,player,Team_A,1036.8,769.4,41.2,87.4,0.863
22,11.0,SNMOT-118_incremental_clip,SHOT-118-A,102,player,Team_A,1253.1,459.9,32.8,97.3,0.896
22,11.0,SNMOT-118_incremental_clip,SHOT-118-A,103,player,Team_A,632.8,850.5,33.2,89.8,0.873
22,11.0,SNMOT-118_incremental_clip,SHOT-118-A,104,player,Team_A,181.7,760.3,31.4,102.1,0.706
22,11.0,SNMOT-118_incremental_clip,SHOT-118-A,105,player,Team_A,1262.9,569.1,34.4,96.2,0.661
22,11.0,SNMOT-118_incremental_clip,SHOT-118-A,106,player,Team_A,604.2,589.2,32.9,72.4,0.826
22,11.0,SNMOT-118_incremental_clip,SHOT-118-A,107,player,Team_A,535.5,534.0,30.5,107.8,0.875
22,11.0,SNMOT-118_incremental_clip,SHOT-118-A,108,player,Team_A,889.8,596.3,27.8,97.7,0.748
22,11.0,SNMOT-118_incremental_clip,SHOT-118-A,109,player,Team_A,1516.9,695.4,38.8,81.1,0.934
22,11.0,SNMOT-118_incremental_clip,SHOT-118-A,110,player,Team_A,1048.6,862.4,39.4,77.9,0.725
22,11.0,SNMOT-118_incremental_clip,SHOT-118-A,111,goalkeeper,Team_A,69.7,546.1,32.8,107.2,0.622
22,11.0,SNMOT-118_incremental_clip,SHOT-118-A,201,player,Team_B,560.1,478.1,38.0,101.8,0.99
22,11.0,SNMOT-118_incremental_clip,SHOT-118-A,202,player,Team_B,1150.2,379.0,31.0,72.7,0.909
22,11.0,SNMOT-118_incremental_clip,SHOT-118-A,203,player,Team_B,369.7,587.8,27.6,104.1,0.837
22,11.0,SNMOT-118_incremental_clip,SHOT-118-A,204,player,Team_B,928.6,829.6,37.7,88.6,0.783
22,11.0,SNMOT-118_incremental_clip,SHOT-118-A,205,player,Team_B,1138.5,545.5,30.3,81.9,0.854
22,11.0,SNMOT-118_incremental_clip,SHOT-118-A,206,player,Team_B,1103.8,472.0,34.6,74.1,0.727
22,11.0,SNMOT-118_incremental_clip,SHOT-118-A,207,player,Team_B,271.3,428.0,38.8,90.2,0.893
22,11.0,SNMOT-118_incremental_clip,SHOT-118-A,208,player,Team_B,1302.2,519.4,34.1,78.1,0.972
22,11.0,SNMOT-118_incremental_clip,SHOT-118-A,211,goalkeeper,Team_B,1813.5,561.4,27.4,103.6,0.99
22,11.0,SNMOT-118_incremental_clip,SHOT-118-A,300,referee,Referee,899.9,626.1,28.2,84.1,0.584
22,11.0,SNMOT-118_incremental_clip,SHOT-118-A,999,ball,N/A,810.3,502.9,9.7,9.8,0.585
23,11.5,SNMOT-118_incremental_clip,SHOT-118-A,101,player,Team_A,1048.7,748.3,30.4,83.9,0.858
23,11.5,SNMOT-118_incremental_clip,SHOT-118-A,102,player,Team_A,1239.5,477.0,39.5,80.1,0.949
23,11.5,SNMOT-118_incremental_clip,SHOT-118-A,103,player,Team_A,634.5,842.7,29.3,80.8,0.859
23,11.5,SNMOT-118_incremental_clip,SHOT-118-A,104,player,Team_A,180.0,772.2,26.9,78.9,0.99
23,11.5,SNMOT-118_incremental_clip,SHOT-118-A,105,player,Team_A,1266.2,573.2,32.0,77.0,0.785
23,11.5,SNMOT-118_incremental_clip,SHOT-118-A,106,player,Team_A,611.1,588.9,32.1,86.5,0.75
23,11.5,SNMOT-118_incremental_clip,SHOT-118-A,107,player,Team_A,542.6,543.5,39.8,95.5,0.929
23,11.5,SNMOT-118_incremental_clip,SHOT-118-A,108,player,Team_A,881.2,582.2,40.6,100.8,0.841
23,11.5,SNMOT-118_incremental_clip,SHOT-118-A,109,player,Team_A,1526.2,705.9,38.2,78.0,0.827
23,11.5,SNMOT-118_incremental_clip,SHOT-118-A,110,player,Team_A,1058.9,859.8,28.6,99.7,0.723
23,11.5,SNMOT-118_incremental_clip,SHOT-118-A,111,goalkeeper,Team_A,65.1,550.0,35.9,103.9,0.928
23,11.5,SNMOT-118_incremental_clip,SHOT-118-A,201,player,Team_B,578.0,499.5,26.2,76.7,0.761
23,11.5,SNMOT-118_incremental_clip,SHOT-118-A,202,player,Team_B,1149.3,380.3,41.4,88.5,0.832
23,11.5,SNMOT-118_incremental_clip,SHOT-118-A,203,player,Team_B,368.4,581.8,26.0,103.3,0.905
23,11.5,SNMOT-118_incremental_clip,SHOT-118-A,204,player,Team_B,933.3,830.6,38.1,82.5,0.936
23,11.5,SNMOT-118_incremental_clip,SHOT-118-A,205,player,Team_B,1139.8,565.2,27.1,72.4,0.869
23,11.5,SNMOT-118_incremental_clip,SHOT-118-A,206,player,Team_B,1112.6,472.8,28.9,89.1,0.842
23,11.5,SNMOT-118_incremental_clip,SHOT-118-A,207,player,Team_B,268.5,423.9,39.8,85.8,0.877
23,11.5,SNMOT-118_incremental_clip,SHOT-118-A,208,player,Team_B,1316.2,541.5,39.3,79.3,0.886
23,11.5,SNMOT-118_incremental_clip,SHOT-118-A,209,player,Team_B,889.4,334.3,30.8,87.2,0.962
23,11.5,SNMOT-118_incremental_clip,SHOT-118-A,210,player,Team_B,1415.5,417.9,31.5,82.4,0.842
23,11.5,SNMOT-118_incremental_clip,SHOT-118-A,211,goalkeeper,Team_B,1811.6,562.3,26.1,99.8,0.666
23,11.5,SNMOT-118_incremental_clip,SHOT-118-A,300,referee,Referee,898.1,633.0,32.2,82.2,0.755
24,12.0,SNMOT-118_incremental_clip,SHOT-118-A,101,player,Team_A,1050.8,755.0,31.1,88.1,0.791
24,12.0,SNMOT-118_incremental_clip,SHOT-118-A,102,player,Team_A,1235.0,476.2,32.3,78.6,0.837
24,12.0,SNMOT-118_incremental_clip,SHOT-118-A,103,player,Team_A,636.9,837.0,32.7,75.5,0.943
24,12.0,SNMOT-118_incremental_clip,SHOT-118-A,104,player,Team_A,173.5,783.5,31.8,78.0,0.809
24,12.0,SNMOT-118_incremental_clip,SHOT-118-A,105,player,Team_A,1270.5,554.9,37.7,99.8,0.845
24,12.0,SNMOT-118_incremental_clip,SHOT-118-A,106,player,Team_A,608.3,586.7,36.3,83.6,0.962
24,12.0,SNMOT-118_incremental_clip,SHOT-118-A,107,player,Team_A,561.4,552.0,27.8,84.7,0.852
24,12.0,SNMOT-118_incremental_clip,SHOT-118-A,108,player,Team_A,895.1,573.5,40.7,93.6,0.843
24,12.0,SNMOT-118_incremental_clip,SHOT-118-A,109,player,Team_A,1540.1,688.8,29.0,100.6,0.758
24,12.0,SNMOT-118_incremental_clip,SHOT-118-A,110,player,Team_A,1065.6,869.4,36.9,104.7,0.788
24,12.0,SNMOT-118_incremental_clip,SHOT-118-A,111,goalkeeper,Team_A,73.7,554.1,27.6,97.7,0.781
24,12.0,SNMOT-118_incremental_clip,SHOT-118-A,201,player,Team_B,562.2,495.0,37.7,92.5,0.99
24,12.0,SNMOT-118_incremental_clip,SHOT-118-A,202,player,Team_B,1142.0,366.0,38.8,100.5,0.898
24,12.0,SNMOT-118_incremental_clip,SHOT-118-A,203,player,Team_B,381.0,568.3,32.0,98.4,0.908
24,12.0,SNMOT-118_incremental_clip,SHOT-118-A,205,player,Team_B,1146.4,552.0,32.0,90.6,0.835
24,12.0,SNMOT-118_incremental_clip,SHOT-118-A,206,player,Team_B,1119.0,465.7,34.1,103.1,0.775
24,12.0,SNMOT-118_incremental_clip,SHOT-118-A,207,player,Team_B,260.3,430.0,37.3,77.2,0.897
24,12.0,SNMOT-118_incremental_clip,SHOT-118-A,209,player,Team_B,889.3,349.2,29.2,76.5,0.753
24,12.0,SNMOT-118_incremental_clip,SHOT-118-A,210,player,Team_B,1412.2,421.1,36.3,91.3,0.99
24,12.0,SNMOT-118_incremental_clip,SHOT-118-A,211,goalkeeper,Team_B,1801.9,559.2,40.1,105.6,0.887
24,12.0,SNMOT-118_incremental_clip,SHOT-118-A,300,referee,Referee,899.7,635.8,31.0,84.5,0.835
24,12.0,SNMOT-118_incremental_clip,SHOT-118-A,999,ball,N/A,749.7,471.6,10.0,9.3,0.504
25,12.5,SNMOT-118_incremental_clip,SHOT-118-A,101,player,Team_A,1066.8,765.9,26.7,105.2,0.964
25,12.5,SNMOT-118_incremental_clip,SHOT-118-A,103,player,Team_A,635.0,813.3,38.9,104.9,0.862
25,12.5,SNMOT-118_incremental_clip,SHOT-118-A,104,player,Team_A,183.4,777.7,31.6,89.3,0.83
25,12.5,SNMOT-118_incremental_clip,SHOT-118-A,105,player,Team_A,1270.2,559.4,41.9,92.0,0.715
25,12.5,SNMOT-118_incremental_clip,SHOT-118-A,106,player,Team_A,619.5,570.3,35.5,81.0,0.868
25,12.5,SNMOT-118_incremental_clip,SHOT-118-A,107,player,Team_A,544.1,554.1,39.3,82.6,0.91
25,12.5,SNMOT-118_incremental_clip,SHOT-118-A,108,player,Team_A,899.8,583.2,28.0,91.3,0.881
25,12.5,SNMOT-118_incremental_clip,SHOT-118-A,109,player,Team_A,1557.1,688.6,29.2,107.5,0.982
25,12.5,SNMOT-118_incremental_clip,SHOT-118-A,110,player,Team_A,1060.9,861.9,26.3,103.2,0.637
25,12.5,SNMOT-118_incremental_clip,SHOT-118-A,111,goalkeeper,Team_A,68.2,561.7,40.6,86.8,0.99
25,12.5,SNMOT-118_incremental_clip,SHOT-118-A,201,player,Team_B,558.9,479.2,27.6,95.7,0.651
25,12.5,SNMOT-118_incremental_clip,SHOT-118-A,202,player,Team_B,1160.4,362.1,28.1,104.8,0.809
25,12.5,SNMOT-118_incremental_clip,SHOT-118-A,203,player,Team_B,396.5,578.9,27.5,103.0,0.817
25,12.5,SNMOT-118_incremental_clip,SHOT-118-A,204,player,Team_B,922.2,831.4,34.2,77.8,0.822
25,12.5,SNMOT-118_incremental_clip,SHOT-118-A,205,player,Team_B,1143.1,564.0,30.3,72.5,0.968
25,12.5,SNMOT-118_incremental_clip,SHOT-118-A,206,player,Team_B,1122.1,474.5,34.5,83.7,0.896
25,12.5,SNMOT-118_incremental_clip,SHOT-118-A,207,player,Team_B,276.3,443.2,37.6,75.0,0.929
25,12.5,SNMOT-118_incremental_clip,SHOT-118-A,208,player,Team_B,1308.8,551.9,31.7,87.1,0.919
25,12.5,SNMOT-118_incremental_clip,SHOT-118-A,209,player,Team_B,890.5,335.1,41.2,81.6,0.888
25,12.5,SNMOT-118_incremental_clip,SHOT-118-A,210,player,Team_B,1409.6,414.4,27.2,94.1,0.889
25,12.5,SNMOT-118_incremental_clip,SHOT-118-A,211,goalkeeper,Team_B,1801.3,566.9,41.6,95.8,0.815
25,12.5,SNMOT-118_incremental_clip,SHOT-118-A,300,referee,Referee,908.1,643.9,25.3,74.1,0.785
25,12.5,SNMOT-118_incremental_clip,SHOT-118-A,999,ball,N/A,773.6,516.5,8.8,8.6,0.493
26,13.0,SNMOT-118_incremental_clip,SHOT-118-A,101,player,Team_A,1060.8,764.3,36.4,100.5,0.784
26,13.0,SNMOT-118_incremental_clip,SHOT-118-A,102,player,Team_A,1233.9,464.1,35.7,86.8,0.99
26,13.0,SNMOT-118_incremental_clip,SHOT-118-A,103,player,Team_A,635.2,818.1,39.5,103.6,0.887
26,13.0,SNMOT-118_incremental_clip,SHOT-118-A,104,player,Team_A,172.0,778.2,35.9,94.4,0.762
26,13.0,SNMOT-118_incremental_clip,SHOT-118-A,105,player,Team_A,1258.2,564.5,36.8,101.2,0.745
26,13.0,SNMOT-118_incremental_clip,SHOT-118-A,106,player,Team_A,620.6,570.6,34.8,82.2,0.871
26,13.0,SNMOT-118_incremental_clip,SHOT-118-A,107,player,Team_A,538.3,528.4,32.1,95.7,0.811
26,13.0,SNMOT-118_incremental_clip,SHOT-118-A,108,player,Team_A,888.5,590.5,38.1,89.5,0.794
26,13.0,SNMOT-118_incremental_clip,SHOT-118-A,109,player,Team_A,1558.9,695.2,28.4,76.1,0.867
26,13.0,SNMOT-118_incremental_clip,SHOT-118-A,110,player,Team_A,1066.2,869.8,42.0,85.0,0.979
26,13.0,SNMOT-118_incremental_clip,SHOT-118-A,111,goalkeeper,Team_A,75.5,565.3,28.1,83.9,0.832
26,13.0,SNMOT-118_incremental_clip,SHOT-118-A,201,player,Team_B,555.5,480.9,36.7,104.4,0.781
26,13.0,SNMOT-118_incremental_clip,SHOT-118-A,202,player,Team_B,1156.3,360.5,31.5,91.0,0.99
26,13.0,SNMOT-118_incremental_clip,SHOT-118-A,203,player,Team_B,390.5,579.1,33.3,82.2,0.905
26,13.0,SNMOT-118_incremental_clip,SHOT-118-A,204,player,Team_B,923.1,823.5,34.2,86.8,0.806
26,13.0,SNMOT-118_incremental_clip,SHOT-118-A,205,player,Team_B,1141.2,566.1,41.0,75.8,0.898
26,13.0,SNMOT-118_incremental_clip,SHOT-118-A,206,player,Team_B,1118.3,460.2,36.5,107.1,0.847
26,13.0,SNMOT-118_incremental_clip,SHOT-118-A,207,player,Team_B,268.3,435.4,27.3,91.5,0.773
26,13.0,SNMOT-118_incremental_clip,SHOT-118-A,208,player,Team_B,1317.1,531.5,31.5,82.3,0.926
26,13.0,SNMOT-118_incremental_clip,SHOT-118-A,209,player,Team_B,891.6,340.0,27.7,74.3,0.951
26,13.0,SNMOT-118_incremental_clip,SHOT-118-A,210,player,Team_B,1393.1,403.6,36.2,95.8,0.88
26,13.0,SNMOT-118_incremental_clip,SHOT-118-A,211,goalkeeper,Team_B,1803.0,577.5,30.7,79.1,0.896
26,13.0,SNMOT-118_incremental_clip,SHOT-118-A,300,referee,Referee,899.9,647.3,28.9,84.4,0.861
26,13.0,SNMOT-118_incremental_clip,SHOT-118-A,999,ball,N/A,703.6,538.3,8.0,8.3,0.425
27,13.5,SNMOT-118_incremental_clip,SHOT-118-A,101,player,Team_A,1055.6,782.9,37.1,75.2,0.981
27,13.5,SNMOT-118_incremental_clip,SHOT-118-A,102,player,Team_A,1230.1,473.5,27.3,105.3,0.99
27,13.5,SNMOT-118_incremental_clip,SHOT-118-A,103,player,Team_A,623.3,840.4,37.4,87.0,0.708
27,13.5,SNMOT-118_incremental_clip,SHOT-118-A,104,player,Team_A,176.9,790.2,35.2,87.2,0.829
27,13.5,SNMOT-118_incremental_clip,SHOT-118-A,105,player,Team_A,1258.8,565.3,26.2,94.1,0.866
27,13.5,SNMOT-118_incremental_clip,SHOT-118-A,106,player,Team_A,621.2,585.9,33.0,97.7,0.74
27,13.5,SNMOT-118_incremental_clip,SHOT-118-A,107,player,Team_A,532.7,517.8,32.6,83.4,0.845
27,13.5,SNMOT-118_incremental_clip,SHOT-118-A,108,player,Team_A,896.5,597.5,39.1,84.5,0.859
27,13.5,SNMOT-118_incremental_clip,SHOT-118-A,109,player,Team_A,1566.4,677.6,30.0,96.6,0.947
27,13.5,SNMOT-118_incremental_clip,SHOT-118-A,110,player,Team_A,1075.9,883.6,27.0,73.3,0.767
27,13.5,SNMOT-118_incremental_clip,SHOT-118-A,111,goalkeeper,Team_A,72.8,562.8,29.2,92.9,0.878
27,13.5,SNMOT-118_incremental_clip,SHOT-118-A,201,player,Team_B,556.6,497.2,38.1,89.8,0.939
27,13.5,SNMOT-118_incremental_clip,SHOT-118-A,202,player,Team_B,1146.5,371.4,31.8,78.4,0.926
27,13.5,SNMOT-118_incremental_clip,SHOT-118-A,203,player,Team_B,377.2,575.6,31.2,81.2,0.807
27,13.5,SNMOT-118_incremental_clip,SHOT-118-A,204,player,Team_B,900.8,826.0,37.2,87.5,0.778
27,13.5,SNMOT-118_incremental_clip,SHOT-118-A,205,player,Team_B,1135.8,561.9,33.7,84.3,0.916
27,13.5,SNMOT-118_incremental_clip,SHOT-118-A,206,player,Team_B,1126.2,444.7,38.6,102.5,0.885
27,13.5,SNMOT-118_incremental_clip,SHOT-118-A,207,player,Team_B,277.3,429.8,29.9,96.0,0.766
27,13.5,SNMOT-118_incremental_clip,SHOT-118-A,208,player,Team_B,1321.0,532.2,29.4,85.2,0.926
27,13.5,SNMOT-118_incremental_clip,SHOT-118-A,209,player,Team_B,877.5,320.5,34.6,106.0,0.889
27,13.5,SNMOT-118_incremental_clip,SHOT-118-A,210,player,Team_B,1399.3,406.9,27.9,95.7,0.604
27,13.5,SNMOT-118_incremental_clip,SHOT-118-A,211,goalkeeper,Team_B,1802.0,576.0,28.9,81.9,0.79
27,13.5,SNMOT-118_incremental_clip,SHOT-118-A,300,referee,Referee,904.2,645.5,32.3,79.9,0.742
27,13.5,SNMOT-118_incremental_clip,SHOT-118-A,999,ball,N/A,689.7,493.8,8.2,10.3,0.672
28,14.0,SNMOT-118_incremental_clip,SHOT-118-A,101,player,Team_A,1070.8,778.5,28.4,102.8,0.99
28,14.0,SNMOT-118_incremental_clip,SHOT-118-A,102,player,Team_A,1230.0,496.8,35.5,83.9,0.858
28,14.0,SNMOT-118_incremental_clip,SHOT-118-A,103,player,Team_A,629.6,844.9,27.1,79.1,0.948
28,14.0,SNMOT-118_incremental_clip,SHOT-118-A,104,player,Team_A,172.1,779.0,35.3,101.1,0.683
28,14.0,SNMOT-118_incremental_clip,SHOT-118-A,105,player,Team_A,1252.5,571.0,41.8,92.5,0.737
28,14.0,SNMOT-118_incremental_clip,SHOT-118-A,106,player,Team_A,620.3,589.2,38.6,105.9,0.9
28,14.0,SNMOT-118_incremental_clip,SHOT-118-A,107,player,Team_A,530.2,512.1,28.2,92.2,0.811
28,14.0,SNMOT-118_incremental_clip,SHOT-118-A,108,player,Team_A,899.1,581.9,34.9,84.7,0.958
28,14.0,SNMOT-118_incremental_clip,SHOT-118-A,109,player,Team_A,1572.5,683.9,30.2,84.9,0.779
28,14.0,SNMOT-118_incremental_clip,SHOT-118-A,110,player,Team_A,1083.2,859.8,29.2,103.2,0.726
28,14.0,SNMOT-118_incremental_clip,SHOT-118-A,111,goalkeeper,Team_A,75.9,570.7,29.7,75.8,0.805
28,14.0,SNMOT-118_incremental_clip,SHOT-118-A,201,player,Team_B,572.1,503.9,31.0,83.5,0.779
28,14.0,SNMOT-118_incremental_clip,SHOT-118-A,202,player,Team_B,1145.4,373.8,32.2,84.7,0.977
28,14.0,SNMOT-118_incremental_clip,SHOT-118-A,203,player,Team_B,380.9,575.4,37.6,104.4,0.823
28,14.0,SNMOT-118_incremental_clip,SHOT-118-A,204,player,Team_B,900.3,843.6,29.1,82.0,0.99
28,14.0,SNMOT-118_incremental_clip,SHOT-118-A,205,player,Team_B,1136.2,575.3,34.5,79.7,0.837
28,14.0,SNMOT-118_incremental_clip,SHOT-118-A,206,player,Team_B,1144.4,433.1,35.2,104.8,0.925
28,14.0,SNMOT-118_incremental_clip,SHOT-118-A,207,player,Team_B,283.7,438.1,28.5,84.4,0.99
28,14.0,SNMOT-118_incremental_clip,SHOT-118-A,208,player,Team_B,1319.4,530.2,28.6,92.5,0.938
28,14.0,SNMOT-118_incremental_clip,SHOT-118-A,209,player,Team_B,876.5,336.7,31.8,83.7,0.763
28,14.0,SNMOT-118_incremental_clip,SHOT-118-A,210,player,Team_B,1381.4,405.7,31.3,105.5,0.776
28,14.0,SNMOT-118_incremental_clip,SHOT-118-A,211,goalkeeper,Team_B,1800.3,576.1,37.6,77.5,0.831
28,14.0,SNMOT-118_incremental_clip,SHOT-118-A,300,referee,Referee,899.7,650.4,26.3,73.8,0.704
29,14.5,SNMOT-118_incremental_clip,SHOT-118-A,101,player,Team_A,1065.8,785.1,39.4,94.0,0.852
29,14.5,SNMOT-118_incremental_clip,SHOT-118-A,102,player,Team_A,1250.2,495.7,34.8,79.3,0.852
29,14.5,SNMOT-118_incremental_clip,SHOT-118-A,103,player,Team_A,634.4,849.4,34.9,73.6,0.855
29,14.5,SNMOT-118_incremental_clip,SHOT-118-A,104,player,Team_A,186.1,783.6,33.5,105.0,0.918
29,14.5,SNMOT-118_incremental_clip,SHOT-118-A,105,player,Team_A,1247.1,559.7,36.0,79.2,0.809
29,14.5,SNMOT-118_incremental_clip,SHOT-118-A,107,player,Team_A,523.2,513.4,40.4,79.7,0.946
29,14.5,SNMOT-118_incremental_clip,SHOT-118-A,108,player,Team_A,899.0,563.3,33.3,96.8,0.93
29,14.5,SNMOT-118_incremental_clip,SHOT-118-A,109,player,Team_A,1570.6,676.1,40.5,105.6,0.821
29,14.5,SNMOT-118_incremental_clip,SHOT-118-A,110,player,Team_A,1102.2,855.4,33.2,90.3,0.777
29,14.5,SNMOT-118_incremental_clip,SHOT-118-A,111,goalkeeper,Team_A,72.1,558.3,29.6,103.8,0.944
29,14.5,SNMOT-118_incremental_clip,SHOT-118-A,201,player,Team_B,560.5,506.3,35.6,81.6,0.918
29,14.5,SNMOT-118_incremental_clip,SHOT-118-A,202,player,Team_B,1154.7,370.0,32.8,74.5,0.835
29,14.5,SNMOT-118_incremental_clip,SHOT-118-A,204,player,Team_B,896.1,848.9,34.0,80.9,0.854
29,14.5,SNMOT-118_incremental_clip,SHOT-118-A,206,player,Team_B,1146.6,429.4,34.2,82.6,0.882
29,14.5,SNMOT-118_incremental_clip,SHOT-118-A,207,player,Team_B,286.9,450.7,38.0,82.7,0.765
29,14.5,SNMOT-118_incremental_clip,SHOT-118-A,208,player,Team_B,1312.5,528.9,34.0,99.9,0.907
29,14.5,SNMOT-118_incremental_clip,SHOT-118-A,209,player,Team_B,876.9,337.3,34.7,87.9,0.894
29,14.5,SNMOT-118_incremental_clip,SHOT-118-A,210,player,Team_B,1379.8,408.5,42.0,95.9,0.83
29,14.5,SNMOT-118_incremental_clip,SHOT-118-A,211,goalkeeper,Team_B,1805.9,563.1,27.9,96.6,0.907
29,14.5,SNMOT-118_incremental_clip,SHOT-118-A,300,referee,Referee,904.9,643.2,26.6,90.0,0.818
30,15.0,SNMOT-118_incremental_clip,SHOT-118-A,101,player,Team_A,1053.8,801.8,27.0,82.1,0.774
30,15.0,SNMOT-118_incremental_clip,SHOT-118-A,102,player,Team_A,1254.7,475.2,30.9,102.5,0.973
30,15.0,SNMOT-118_incremental_clip,SHOT-118-A,103,player,Team_A,617.9,842.6,31.3,92.5,0.83
30,15.0,SNMOT-118_incremental_clip,SHOT-118-A,104,player,Team_A,197.3,782.3,29.8,80.1,0.899
30,15.0,SNMOT-118_incremental_clip,SHOT-118-A,105,player,Team_A,1250.4,540.3,29.2,96.8,0.99
30,15.0,SNMOT-118_incremental_clip,SHOT-118-A,106,player,Team_A,628.3,615.5,39.9,82.9,0.816
30,15.0,SNMOT-118_incremental_clip,SHOT-118-A,108,player,Team_A,915.0,574.3,32.6,102.2,0.923
30,15.0,SNMOT-118_incremental_clip,SHOT-118-A,109,player,Team_A,1568.0,689.6,26.5,85.0,0.959
30,15.0,SNMOT-118_incremental_clip,SHOT-118-A,110,player,Team_A,1092.8,852.4,37.1,98.4,0.933
30,15.0,SNMOT-118_incremental_clip,SHOT-118-A,111,goalkeeper,Team_A,72.1,560.1,31.8,106.0,0.834
30,15.0,SNMOT-118_incremental_clip,SHOT-118-A,201,player,Team_B,576.0,509.8,29.3,82.3,0.976
30,15.0,SNMOT-118_incremental_clip,SHOT-118-A,202,player,Team_B,1144.6,367.8,26.3,94.5,0.881
30,15.0,SNMOT-118_incremental_clip,SHOT-118-A,204,player,Team_B,886.6,863.0,40.0,73.7,0.891
30,15.0,SNMOT-118_incremental_clip,SHOT-118-A,205,player,Team_B,1125.9,581.0,32.5,72.1,0.722
30,15.0,SNMOT-118_incremental_clip,SHOT-118-A,206,player,Team_B,1149.6,438.6,33.8,79.6,0.683
30,15.0,SNMOT-118_incremental_clip,SHOT-118-A,207,player,Team_B,273.4,449.3,40.1,76.7,0.915
30,15.0,SNMOT-118_incremental_clip,SHOT-118-A,208,player,Team_B,1308.3,520.7,33.8,93.7,0.834
30,15.0,SNMOT-118_incremental_clip,SHOT-118-A,209,player,Team_B,890.4,344.2,34.0,82.8,0.959
30,15.0,SNMOT-118_incremental_clip,SHOT-118-A,210,player,Team_B,1371.8,423.1,41.9,80.5,0.819
30,15.0,SNMOT-118_incremental_clip,SHOT-118-A,211,goalkeeper,Team_B,1797.1,560.5,36.9,104.3,0.99
30,15.0,SNMOT-118_incremental_clip,SHOT-118-A,300,referee,Referee,896.2,651.7,25.3,89.4,0.931
30,15.0,SNMOT-118_incremental_clip,SHOT-118-A,999,ball,N/A,666.1,442.0,9.1,10.3,0.679
31,15.5,SNMOT-118_incremental_clip,SHOT-118-A,101,player,Team_A,1043.3,795.2,28.6,88.8,0.898
31,15.5,SNMOT-118_incremental_clip,SHOT-118-A,102,player,Team_A,1248.8,460.9,36.3,102.9,0.669
31,15.5,SNMOT-118_incremental_clip,SHOT-118-A,103,player,Team_A,599.0,821.2,39.4,96.6,0.847
31,15.5,SNMOT-118_incremental_clip,SHOT-118-A,104,player,Team_A,197.1,777.3,32.5,103.8,0.653
31,15.5,SNMOT-118_incremental_clip,SHOT-118-A,105,player,Team_A,1244.4,550.6,34.2,100.6,0.806
31,15.5,SNMOT-118_incremental_clip,SHOT-118-A,106,player,Team_A,644.4,613.5,27.8,82.2,0.673
31,15.5,SNMOT-118_incremental_clip,SHOT-118-A,107,player,Team_A,506.2,517.4,29.8,98.4,0.891
31,15.5,SNMOT-118_incremental_clip,SHOT-118-A,108,player,Team_A,904.4,580.3,39.6,103.4,0.75
31,15.5,SNMOT-118_incremental_clip,SHOT-118-A,109,player,Team_A,1571.5,679.4,35.2,81.3,0.819
31,15.5,SNMOT-118_incremental_clip,SHOT-118-A,110,player,Team_A,1099.9,859.2,38.5,72.1,0.766
31,15.5,SNMOT-118_incremental_clip,SHOT-118-A,111,goalkeeper,Team_A,75.8,580.5,26.0,76.2,0.791
31,15.5,SNMOT-118_incremental_clip,SHOT-118-A,201,player,Team_B,562.7,491.2,40.6,99.6,0.852
31,15.5,SNMOT-118_incremental_clip,SHOT-118-A,202,player,Team_B,1155.0,384.2,28.0,76.9,0.913
31,15.5,SNMOT-118_incremental_clip,SHOT-118-A,203,player,Team_B,383.5,552.9,31.7,104.1,0.794
31,15.5,SNMOT-118_incremental_clip,SHOT-118-A,204,player,Team_B,891.0,839.5,39.2,101.7,0.91
31,15.5,SNMOT-118_incremental_clip,SHOT-118-A,205,player,Team_B,1122.7,582.6,30.1,76.3,0.804
31,15.5,SNMOT-118_incremental_clip,SHOT-118-A,206,player,Team_B,1142.5,429.8,38.3,107.0,0.863
31,15.5,SNMOT-118_incremental_clip,SHOT-118-A,207,player,Team_B,278.7,457.8,38.4,72.7,0.809
31,15.5,SNMOT-118_incremental_clip,SHOT-118-A,208,player,Team_B,1311.1,530.3,34.5,93.5,0.841
31,15.5,SNMOT-118_incremental_clip,SHOT-118-A,209,player,Team_B,890.7,342.4,30.3,105.4,0.803
31,15.5,SNMOT-118_incremental_clip,SHOT-118-A,210,player,Team_B,1375.2,441.8,31.4,73.0,0.759
31,15.5,SNMOT-118_incremental_clip,SHOT-118-A,211,goalkeeper,Team_B,1803.4,560.7,27.3,103.9,0.829
31,15.5,SNMOT-118_incremental_clip,SHOT-118-A,300,referee,Referee,898.6,668.1,25.2,81.4,0.68
32,16.0,SNMOT-118_incremental_clip,SHOT-118-A,101,player,Team_A,1031.4,799.3,40.8,84.5,0.769
32,16.0,SNMOT-118_incremental_clip,SHOT-118-A,102,player,Team_A,1264.5,452.3,29.6,95.1,0.841
32,16.0,SNMOT-118_incremental_clip,SHOT-118-A,103,player,Team_A,592.7,820.4,40.0,96.9,0.952
32,16.0,SNMOT-118_incremental_clip,SHOT-118-A,104,player,Team_A,200.5,789.9,30.9,83.7,0.882
32,16.0,SNMOT-118_incremental_clip,SHOT-118-A,105,player,Team_A,1246.3,541.9,33.1,101.5,0.87
32,16.0,SNMOT-118_incremental_clip,SHOT-118-A,106,player,Team_A,626.9,601.7,27.1,90.6,0.874
32,16.0,SNMOT-118_incremental_clip,SHOT-118-A,107,player,Team_A,516.1,527.7,29.0,91.4,0.945
32,16.0,SNMOT-118_incremental_clip,SHOT-118-A,108,player,Team_A,901.8,589.4,35.0,73.2,0.913
32,16.0,SNMOT-118_incremental_clip,SHOT-118-A,109,player,Team_A,1581.6,654.3,30.0,106.1,0.739
32,16.0,SNMOT-118_incremental_clip,SHOT-118-A,110,player,Team_A,1106.5,835.1,26.6,107.3,0.843
32,16.0,SNMOT-118_incremental_clip,SHOT-118-A,111,goalkeeper,Team_A,64.9,569.7,40.2,97.7,0.815
32,16.0,SNMOT-118_incremental_clip,SHOT-118-A,201,player,Team_B,571.2,505.8,31.7,74.9,0.786
32,16.0,SNMOT-118_incremental_clip,SHOT-118-A,202,player,Team_B,1152.9,378.2,34.8,95.3,0.74
32,16.0,SNMOT-118_incremental_clip,SHOT-118-A,203,player,Team_B,367.2,567.4,37.8,84.1,0.847
32,16.0,SNMOT-118_incremental_clip,SHOT-118-A,204,player,Team_B,904.1,847.3,39.8,103.8,0.888
32,16.0,SNMOT-118_incremental_clip,SHOT-118-A,205,player,Team_B,1125.9,572.9,29.6,102.2,0.836
32,16.0,SNMOT-118_incremental_clip,SHOT-118-A,206,player,Team_B,1135.6,454.2,33.3,94.2,0.76
32,16.0,SNMOT-118_incremental_clip,SHOT-118-A,207,player,Team_B,286.9,452.7,26.2,75.7,0.898
32,16.0,SNMOT-118_incremental_clip,SHOT-118-A,208,player,Team_B,1309.3,544.3,37.0,84.7,0.771
32,16.0,SNMOT-118_incremental_clip,SHOT-118-A,209,player,Team_B,881.2,342.2,39.5,105.5,0.774
32,16.0,SNMOT-118_incremental_clip,SHOT-118-A,210,player,Team_B,1364.7,424.7,41.5,99.5,0.99
32,16.0,SNMOT-118_incremental_clip,SHOT-118-A,211,goalkeeper,Team_B,1799.0,568.2,40.2,92.9,0.914
32,16.0,SNMOT-118_incremental_clip,SHOT-118-A,300,referee,Referee,894.6,666.1,28.0,85.0,0.852
32,16.0,SNMOT-118_incremental_clip,SHOT-118-A,999,ball,N/A,605.0,422.2,12.6,11.9,0.753
33,16.5,SNMOT-118_incremental_clip,SHOT-118-A,101,player,Team_A,1037.9,791.1,31.3,103.4,0.878
33,16.5,SNMOT-118_incremental_clip,SHOT-118-A,102,player,Team_A,1250.1,436.7,40.4,103.0,0.944
33,16.5,SNMOT-118_incremental_clip,SHOT-118-A,103,player,Team_A,574.4,814.3,33.7,106.7,0.854
33,16.5,SNMOT-118_incremental_clip,SHOT-118-A,104,player,Team_A,186.6,769.8,31.8,102.5,0.821
33,16.5,SNMOT-118_incremental_clip,SHOT-118-A,105,player,Team_A,1243.9,536.1,41.7,80.7,0.835
33,16.5,SNMOT-118_incremental_clip,SHOT-118-A,106,player,Team_A,637.4,590.3,37.9,102.8,0.811
33,16.5,SNMOT-118_incremental_clip,SHOT-118-A,108,player,Team_A,886.0,587.9,33.1,102.2,0.928
33,16.5,SNMOT-118_incremental_clip,SHOT-118-A,109,player,Team_A,1589.7,659.0,30.4,84.8,0.854
33,16.5,SNMOT-118_incremental_clip,SHOT-118-A,110,player,Team_A,1119.3,847.8,30.9,76.4,0.772
33,16.5,SNMOT-118_incremental_clip,SHOT-118-A,111,goalkeeper,Team_A,74.7,578.7,26.4,80.9,0.819
33,16.5,SNMOT-118_incremental_clip,SHOT-118-A,201,player,Team_B,575.5,511.4,31.6,75.3,0.807
33,16.5,SNMOT-118_incremental_clip,SHOT-118-A,202,player,Team_B,1160.2,373.1,32.5,76.5,0.863
33,16.5,SNMOT-118_incremental_clip,SHOT-118-A,203,player,Team_B,361.5,558.5,37.8,95.7,0.697
33,16.5,SNMOT-118_incremental_clip,SHOT-118-A,205,player,Team_B,1128.4,600.1,26.9,88.7,0.793
33,16.5,SNMOT-118_incremental_clip,SHOT-118-A,206,player,Team_B,1129.7,451.8,31.8,97.5,0.749
33,16.5,SNMOT-118_incremental_clip,SHOT-118-A,207,player,Team_B,276.3,448.5,38.3,87.5,0.819
33,16.5,SNMOT-118_incremental_clip,SHOT-118-A,208,player,Team_B,1328.0,540.8,32.9,92.4,0.789
33,16.5,SNMOT-118_incremental_clip,SHOT-118-A,209,player,Team_B,883.8,336.5,27.5,107.7,0.681
33,16.5,SNMOT-118_incremental_clip,SHOT-118-A,210,player,Team_B,1377.5,431.7,39.2,74.4,0.808
33,16.5,SNMOT-118_incremental_clip,SHOT-118-A,211,goalkeeper,Team_B,1799.0,568.5,41.3,79.8,0.957
33,16.5,SNMOT-118_incremental_clip,SHOT-118-A,300,referee,Referee,891.8,666.4,29.3,80.5,0.81
33,16.5,SNMOT-118_incremental_clip,SHOT-118-A,999,ball,N/A,592.3,440.6,9.3,9.8,0.397
34,17.0,SNMOT-118_incremental_clip,SHOT-118-A,101,player,Team_A,1035.4,815.5,31.1,84.6,0.895
34,17.0,SNMOT-118_incremental_clip,SHOT-118-A,102,player,Team_A,1238.3,456.3,41.7,77.1,0.802
34,17.0,SNMOT-118_incremental_clip,SHOT-118-A,103,player,Team_A,566.9,825.5,28.0,76.9,0.913
34,17.0,SNMOT-118_incremental_clip,SHOT-118-A,104,player,Team_A,183.4,757.6,29.1,101.9,0.922
34,17.0,SNMOT-118_incremental_clip,SHOT-118-A,105,player,Team_A,1238.1,532.2,40.9,104.7,0.915
34,17.0,SNMOT-118_incremental_clip,SHOT-118-A,106,player,Team_A,648.0,591.1,27.1,95.3,0.944
34,17.0,SNMOT-118_incremental_clip,SHOT-118-A,108,player,Team_A,875.1,595.6,35.9,105.0,0.737
34,17.0,SNMOT-118_incremental_clip,SHOT-118-A,109,player,Team_A,1599.4,667.3,38.0,87.0,0.796
34,17.0,SNMOT-118_incremental_clip,SHOT-118-A,110,player,Team_A,1103.1,820.9,38.7,104.1,0.87
34,17.0,SNMOT-118_incremental_clip,SHOT-118-A,111,goalkeeper,Team_A,71.0,578.2,30.1,83.8,0.965
34,17.0,SNMOT-118_incremental_clip,SHOT-118-A,201,player,Team_B,568.0,503.4,37.3,84.5,0.807
34,17.0,SNMOT-118_incremental_clip,SHOT-118-A,202,player,Team_B,1161.9,380.9,32.6,81.9,0.99
34,17.0,SNMOT-118_incremental_clip,SHOT-118-A,203,player,Team_B,368.2,556.4,31.3,96.5,0.748
34,17.0,SNMOT-118_incremental_clip,SHOT-118-A,204,player,Team_B,919.9,841.1,33.3,101.2,0.784
34,17.0,SNMOT-118_incremental_clip,SHOT-118-A,205,player,Team_B,1112.4,595.1,40.5,107.3,0.919
34,17.0,SNMOT-118_incremental_clip,SHOT-118-A,206,player,Team_B,1110.5,431.8,32.9,101.7,0.826
34,17.0,SNMOT-118_incremental_clip,SHOT-118-A,207,player,Team_B,270.0,449.9,27.5,74.6,0.72
34,17.0,SNMOT-118_incremental_clip,SHOT-118-A,208,player,Team_B,1319.9,555.1,27.3,78.2,0.795
34,17.0,SNMOT-118_incremental_clip,SHOT-118-A,209,player,Team_B,887.3,325.9,29.8,107.0,0.884
34,17.0,SNMOT-118_incremental_clip,SHOT-118-A,210,player,Team_B,1389.5,405.4,30.7,105.3,0.797
34,17.0,SNMOT-118_incremental_clip,SHOT-118-A,211,goalkeeper,Team_B,1802.7,560.3,36.7,97.1,0.835
34,17.0,SNMOT-118_incremental_clip,SHOT-118-A,300,referee,Referee,890.7,654.1,29.6,79.9,0.886
35,17.5,SNMOT-118_incremental_clip,SHOT-118-A,101,player,Team_A,1035.7,827.4,38.3,81.8,0.99
35,17.5,SNMOT-118_incremental_clip,SHOT-118-A,102,player,Team_A,1246.7,450.0,41.2,72.1,0.866
35,17.5,SNMOT-118_incremental_clip,SHOT-118-A,103,player,Team_A,588.1,807.3,26.3,79.6,0.833
35,17.5,SNMOT-118_incremental_clip,SHOT-118-A,104,player,Team_A,176.6,766.6,33.1,84.3,0.813
35,17.5,SNMOT-118_incremental_clip,SHOT-118-A,105,player,Team_A,1256.2,547.9,31.0,79.9,0.852
35,17.5,SNMOT-118_incremental_clip,SHOT-118-A,106,player,Team_A,638.8,595.4,29.9,98.3,0.829
35,17.5,SNMOT-118_incremental_clip,SHOT-118-A,107,player,Team_A,582.1,527.8,29.6,84.7,0.768
35,17.5,SNMOT-118_incremental_clip,SHOT-118-A,108,player,Team_A,891.6,610.4,28.0,96.2,0.881
35,17.5,SNMOT-118_incremental_clip,SHOT-118-A,109,player,Team_A,1599.6,664.3,41.3,76.8,0.99
35,17.5,SNMOT-118_incremental_clip,SHOT-118-A,110,player,Team_A,1102.0,798.9,34.3,104.4,0.853
35,17.5,SNMOT-118_incremental_clip,SHOT-118-A,111,goalkeeper,Team_A,66.2,576.5,34.7,96.0,0.74
35,17.5,SNMOT-118_incremental_clip,SHOT-118-A,201,player,Team_B,583.7,483.9,30.9,77.7,0.915
35,17.5,SNMOT-118_incremental_clip,SHOT-118-A,202,player,Team_B,1156.7,376.4,40.6,82.4,0.75
35,17.5,SNMOT-118_incremental_clip,SHOT-118-A,203,player,Team_B,357.8,566.5,38.1,87.7,0.91
35,17.5,SNMOT-118_incremental_clip,SHOT-118-A,204,player,Team_B,905.7,845.4,30.7,86.0,0.788
35,17.5,SNMOT-118_incremental_clip,SHOT-118-A,205,player,Team_B,1111.7,628.8,27.0,72.1,0.936
35,17.5,SNMOT-118_incremental_clip,SHOT-118-A,206,player,Team_B,1117.5,452.7,32.6,81.5,0.844
35,17.5,SNMOT-118_incremental_clip,SHOT-118-A,207,player,Team_B,231.0,437.2,41.9,74.6,0.951
35,17.5,SNMOT-118_incremental_clip,SHOT-118-A,208,player,Team_B,1324.3,551.1,41.6,78.6,0.761
35,17.5,SNMOT-118_incremental_clip,SHOT-118-A,209,player,Team_B,897.2,337.9,36.2,80.1,0.946
35,17.5,SNMOT-118_incremental_clip,SHOT-118-A,210,player,Team_B,1392.9,430.6,37.8,76.9,0.929
35,17.5,SNMOT-118_incremental_clip,SHOT-118-A,211,goalkeeper,Team_B,1800.1,564.2,39.4,107.0,0.917
35,17.5,SNMOT-118_incremental_clip,SHOT-118-A,300,referee,Referee,888.7,650.7,33.1,82.4,0.786
35,17.5,SNMOT-118_incremental_clip,SHOT-118-A,999,ball,N/A,610.2,457.3,8.5,10.8,0.511
36,18.0,SNMOT-118_incremental_clip,SHOT-118-A,101,player,Team_A,1033.9,831.5,37.8,76.8,0.852
36,18.0,SNMOT-118_incremental_clip,SHOT-118-A,102,player,Team_A,1269.5,428.0,27.4,105.2,0.666
36,18.0,SNMOT-118_incremental_clip,SHOT-118-A,103,player,Team_A,584.7,797.7,39.9,91.8,0.826
36,18.0,SNMOT-118_incremental_clip,SHOT-118-A,104,player,Team_A,184.9,767.0,32.5,91.2,0.819
36,18.0,SNMOT-118_incremental_clip,SHOT-118-A,105,player,Team_A,1253.8,546.0,27.6,84.2,0.828
36,18.0,SNMOT-118_incremental_clip,SHOT-118-A,106,player,Team_A,639.5,598.3,28.0,90.1,0.778
36,18.0,SNMOT-118_incremental_clip,SHOT-118-A,107,player,Team_A,584.5,512.5,41.7,102.9,0.939
36,18.0,SNMOT-118_incremental_clip,SHOT-118-A,108,player,Team_A,885.6,611.9,37.3,81.2,0.651
36,18.0,SNMOT-118_incremental_clip,SHOT-118-A,109,player,Team_A,1601.3,653.2,29.8,87.3,0.99
36,18.0,SNMOT-118_incremental_clip,SHOT-118-A,110,player,Team_A,1093.9,794.2,39.8,76.7,0.792
36,18.0,SNMOT-118_incremental_clip,SHOT-118-A,111,goalkeeper,Team_A,67.2,569.9,28.2,102.6,0.832
36,18.0,SNMOT-118_incremental_clip,SHOT-118-A,201,player,Team_B,560.9,478.8,34.2,103.1,0.826
36,18.0,SNMOT-118_incremental_clip,SHOT-118-A,202,player,Team_B,1169.5,366.7,36.0,101.7,0.896
36,18.0,SNMOT-118_incremental_clip,SHOT-118-A,203,player,Team_B,358.4,580.0,26.2,82.8,0.901
36,18.0,SNMOT-118_incremental_clip,SHOT-118-A,204,player,Team_B,899.2,843.7,38.7,105.7,0.859
36,18.0,SNMOT-118_incremental_clip,SHOT-118-A,205,player,Team_B,1108.0,618.6,41.9,78.3,0.916
36,18.0,SNMOT-118_incremental_clip,SHOT-118-A,206,player,Team_B,1110.3,459.4,34.2,76.0,0.862
36,18.0,SNMOT-118_incremental_clip,SHOT-118-A,207,player,Team_B,244.8,433.2,33.2,77.7,0.827
36,18.0,SNMOT-118_incremental_clip,SHOT-118-A,208,player,Team_B,1324.2,550.5,32.5,75.3,0.824
36,18.0,SNMOT-118_incremental_clip,SHOT-118-A,209,player,Team_B,901.6,341.7,28.7,79.7,0.833
36,18.0,SNMOT-118_incremental_clip,SHOT-118-A,210,player,Team_B,1394.1,427.8,30.7,77.9,0.703
36,18.0,SNMOT-118_incremental_clip,SHOT-118-A,211,goalkeeper,Team_B,1800.6,564.1,38.6,100.5,0.859
36,18.0,SNMOT-118_incremental_clip,SHOT-118-A,300,referee,Referee,889.0,648.7,29.2,85.7,0.902
37,18.5,SNMOT-118_incremental_clip,SHOT-118-A,101,player,Team_A,1048.1,814.2,26.9,96.2,0.99
37,18.5,SNMOT-118_incremental_clip,SHOT-118-A,102,player,Team_A,1274.7,427.3,27.3,102.5,0.904
37,18.5,SNMOT-118_incremental_clip,SHOT-118-A,103,player,Team_A,595.4,803.6,40.8,106.8,0.861
37,18.5,SNMOT-118_incremental_clip,SHOT-118-A,104,player,Team_A,199.0,770.3,30.6,96.8,0.804
37,18.5,SNMOT-118_incremental_clip,SHOT-118-A,105,player,Team_A,1247.6,547.3,38.7,87.3,0.903
37,18.5,SNMOT-118_incremental_clip,SHOT-118-A,106,player,Team_A,631.8,593.4,26.3,86.4,0.863
37,18.5,SNMOT-118_incremental_clip,SHOT-118-A,107,player,Team_A,603.0,535.5,37.3,80.8,0.823
37,18.5,SNMOT-118_incremental_clip,SHOT-118-A,108,player,Team_A,901.6,615.1,30.4,103.9,0.774
37,18.5,SNMOT-118_incremental_clip,SHOT-118-A,109,player,Team_A,1593.3,651.7,28.6,83.5,0.81
37,18.5,SNMOT-118_incremental_clip,SHOT-118-A,110,player,Team_A,1081.9,795.3,39.7,101.5,0.726
37,18.5,SNMOT-118_incremental_clip,SHOT-118-A,111,goalkeeper,Team_A,65.0,587.7,36.2,74.6,0.897
37,18.5,SNMOT-118_incremental_clip,SHOT-118-A,201,player,Team_B,564.6,486.0,28.7,92.9,0.909
37,18.5,SNMOT-118_incremental_clip,SHOT-118-A,202,player,Team_B,1157.1,378.8,39.5,82.7,0.858
37,18.5,SNMOT-118_incremental_clip,SHOT-118-A,203,player,Team_B,357.7,561.3,34.5,104.3,0.859
37,18.5,SNMOT-118_incremental_clip,SHOT-118-A,204,player,Team_B,878.8,855.8,41.7,106.3,0.777
37,18.5,SNMOT-118_incremental_clip,SHOT-118-A,205,player,Team_B,1119.4,600.2,29.2,99.0,0.901
37,18.5,SNMOT-118_incremental_clip,SHOT-118-A,206,player,Team_B,1129.6,451.2,31.1,74.5,0.913
37,18.5,SNMOT-118_incremental_clip,SHOT-118-A,207,player,Team_B,226.5,417.2,41.4,89.6,0.765
37,18.5,SNMOT-118_incremental_clip,SHOT-118-A,208,player,Team_B,1313.9,546.7,27.4,84.9,0.852
37,18.5,SNMOT-118_incremental_clip,SHOT-118-A,209,player,Team_B,900.6,322.6,26.8,105.4,0.832
37,18.5,SNMOT-118_incremental_clip,SHOT-118-A,210,player,Team_B,1409.5,434.3,35.9,96.6,0.84
37,18.5,SNMOT-118_incremental_clip,SHOT-118-A,211,goalkeeper,Team_B,1805.5,572.9,36.1,78.1,0.83
37,18.5,SNMOT-118_incremental_clip,SHOT-118-A,300,referee,Referee,874.6,648.7,29.9,76.1,0.909
38,19.0,SNMOT-118_incremental_clip,SHOT-118-A,101,player,Team_A,1053.6,821.8,34.3,97.7,0.744
38,19.0,SNMOT-118_incremental_clip,SHOT-118-A,102,player,Team_A,1259.3,442.6,37.7,79.7,0.983
38,19.0,SNMOT-118_incremental_clip,SHOT-118-A,103,player,Team_A,598.0,809.6,28.8,86.6,0.751
38,19.0,SNMOT-118_incremental_clip,SHOT-118-A,104,player,Team_A,200.5,746.8,33.9,106.7,0.92
38,19.0,SNMOT-118_incremental_clip,SHOT-118-A,105,player,Team_A,1252.8,547.6,37.1,99.9,0.843
38,19.0,SNMOT-118_incremental_clip,SHOT-118-A,106,player,Team_A,641.3,598.6,30.0,105.2,0.833
38,19.0,SNMOT-118_incremental_clip,SHOT-118-A,107,player,Team_A,613.3,530.8,41.6,96.2,0.876
38,19.0,SNMOT-118_incremental_clip,SHOT-118-A,108,player,Team_A,896.3,616.7,40.2,102.4,0.962
38,19.0,SNMOT-118_incremental_clip,SHOT-118-A,109,player,Team_A,1588.6,655.9,38.8,90.9,0.768
38,19.0,SNMOT-118_incremental_clip,SHOT-118-A,110,player,Team_A,1089.8,803.6,33.0,85.2,0.878
38,19.0,SNMOT-118_incremental_clip,SHOT-118-A,111,goalkeeper,Team_A,60.7,574.4,34.1,102.3,0.696
38,19.0,SNMOT-118_incremental_clip,SHOT-118-A,201,player,Team_B,565.0,491.2,31.3,81.1,0.804
38,19.0,SNMOT-118_incremental_clip,SHOT-118-A,202,player,Team_B,1151.5,398.1,37.8,101.8,0.817
38,19.0,SNMOT-118_incremental_clip,SHOT-118-A,203,player,Team_B,355.0,572.5,33.0,80.5,0.728
38,19.0,SNMOT-118_incremental_clip,SHOT-118-A,204,player,Team_B,875.0,862.1,34.7,86.8,0.852
38,19.0,SNMOT-118_incremental_clip,SHOT-118-A,205,player,Team_B,1122.5,621.7,27.0,92.8,0.764
38,19.0,SNMOT-118_incremental_clip,SHOT-118-A,206,player,Team_B,1129.5,439.1,34.7,101.6,0.952
38,19.0,SNMOT-118_incremental_clip,SHOT-118-A,207,player,Team_B,231.9,418.2,27.1,91.0,0.93
38,19.0,SNMOT-118_incremental_clip,SHOT-118-A,209,player,Team_B,906.6,348.4,28.4,76.9,0.814
38,19.0,SNMOT-118_incremental_clip,SHOT-118-A,210,player,Team_B,1413.7,430.3,27.1,84.2,0.965
38,19.0,SNMOT-118_incremental_clip,SHOT-118-A,211,goalkeeper,Team_B,1804.6,565.2,32.1,102.6,0.754
38,19.0,SNMOT-118_incremental_clip,SHOT-118-A,300,referee,Referee,882.3,644.5,29.6,89.7,0.773
38,19.0,SNMOT-118_incremental_clip,SHOT-118-A,999,ball,N/A,620.5,560.7,8.6,8.8,0.455
39,19.5,SNMOT-118_incremental_clip,SHOT-118-A,101,player,Team_A,1044.2,834.6,33.2,73.6,0.897
39,19.5,SNMOT-118_incremental_clip,SHOT-118-A,102,player,Team_A,1252.8,425.6,29.0,97.1,0.728
39,19.5,SNMOT-118_incremental_clip,SHOT-118-A,103,player,Team_A,599.4,792.0,32.7,100.3,0.622
39,19.5,SNMOT-118_incremental_clip,SHOT-118-A,104,player,Team_A,183.5,735.4,28.2,107.4,0.894
39,19.5,SNMOT-118_incremental_clip,SHOT-118-A,105,player,Team_A,1258.4,542.1,38.6,106.5,0.864
39,19.5,SNMOT-118_incremental_clip,SHOT-118-A,106,player,Team_A,647.5,602.8,27.0,96.0,0.823
39,19.5,SNMOT-118_incremental_clip,SHOT-118-A,107,player,Team_A,611.2,542.7,41.5,89.0,0.9
39,19.5,SNMOT-118_incremental_clip,SHOT-118-A,108,player,Team_A,890.5,607.7,41.1,105.9,0.785
39,19.5,SNMOT-118_incremental_clip,SHOT-118-A,109,player,Team_A,1582.3,659.8,31.0,83.4,0.685
39,19.5,SNMOT-118_incremental_clip,SHOT-118-A,111,goalkeeper,Team_A,62.3,587.1,35.3,89.2,0.872
39,19.5,SNMOT-118_incremental_clip,SHOT-118-A,201,player,Team_B,568.4,477.9,40.0,103.1,0.88
39,19.5,SNMOT-118_incremental_clip,SHOT-118-A,202,player,Team_B,1142.1,395.6,37.6,95.3,0.928
39,19.5,SNMOT-118_incremental_clip,SHOT-118-A,203,player,Team_B,370.2,575.0,37.7,74.7,0.885
39,19.5,SNMOT-118_incremental_clip,SHOT-118-A,204,player,Team_B,873.2,872.0,27.6,79.3,0.862
39,19.5,SNMOT-118_incremental_clip,SHOT-118-A,205,player,Team_B,1113.5,616.4,38.0,95.8,0.988
39,19.5,SNMOT-118_incremental_clip,SHOT-118-A,207,player,Team_B,236.0,405.7,35.1,94.1,0.946
39,19.5,SNMOT-118_incremental_clip,SHOT-118-A,208,player,Team_B,1317.8,558.0,30.6,78.2,0.786
39,19.5,SNMOT-118_incremental_clip,SHOT-118-A,209,player,Team_B,917.9,341.4,27.9,82.1,0.9
39,19.5,SNMOT-118_incremental_clip,SHOT-118-A,210,player,Team_B,1406.0,410.4,35.0,83.3,0.71
39,19.5,SNMOT-118_incremental_clip,SHOT-118-A,211,goalkeeper,Team_B,1799.7,573.2,30.6,88.4,0.93
39,19.5,SNMOT-118_incremental_clip,SHOT-118-A,300,referee,Referee,871.1,639.6,25.6,91.0,0.759
40,20.0,SNMOT-118_incremental_clip,SHOT-118-A,101,player,Team_A,1033.0,825.4,34.6,85.3,0.915
40,20.0,SNMOT-118_incremental_clip,SHOT-118-A,102,player,Team_A,1256.0,429.3,36.0,86.8,0.901
40,20.0,SNMOT-118_incremental_clip,SHOT-118-A,103,player,Team_A,600.3,797.1,29.4,103.2,0.759
40,20.0,SNMOT-118_incremental_clip,SHOT-118-A,104,player,Team_A,188.1,736.7,27.9,77.6,0.768
40,20.0,SNMOT-118_incremental_clip,SHOT-118-A,105,player,Team_A,1259.5,559.0,28.5,75.8,0.851
40,20.0,SNMOT-118_incremental_clip,SHOT-118-A,106,player,Team_A,638.5,605.3,27.6,107.7,0.765
40,20.0,SNMOT-118_incremental_clip,SHOT-118-A,107,player,Team_A,623.3,548.0,36.4,98.9,0.798
40,20.0,SNMOT-118_incremental_clip,SHOT-118-A,108,player,Team_A,911.7,593.8,30.9,101.5,0.99
40,20.0,SNMOT-118_incremental_clip,SHOT-118-A,109,player,Team_A,1566.1,665.7,31.7,72.3,0.99
40,20.0,SNMOT-118_incremental_clip,SHOT-118-A,110,player,Team_A,1100.8,805.5,30.1,91.3,0.822
40,20.0,SNMOT-118_incremental_clip,SHOT-118-A,111,goalkeeper,Team_A,65.9,599.8,27.8,82.4,0.822
40,20.0,SNMOT-118_incremental_clip,SHOT-118-A,201,player,Team_B,572.5,479.7,26.3,97.9,0.838
40,20.0,SNMOT-118_incremental_clip,SHOT-118-A,202,player,Team_B,1144.6,396.7,41.1,84.7,0.879
40,20.0,SNMOT-118_incremental_clip,SHOT-118-A,203,player,Team_B,393.5,586.8,26.9,79.0,0.72
40,20.0,SNMOT-118_incremental_clip,SHOT-118-A,204,player,Team_B,875.9,867.9,32.0,91.9,0.804
40,20.0,SNMOT-118_incremental_clip,SHOT-118-A,205,player,Team_B,1120.1,620.5,33.2,102.6,0.779
40,20.0,SNMOT-118_incremental_clip,SHOT-118-A,206,player,Team_B,1163.2,455.1,26.1,80.6,0.883
40,20.0,SNMOT-118_incremental_clip,SHOT-118-A,207,player,Team_B,243.1,388.9,35.1,101.0,0.749
40,20.0,SNMOT-118_incremental_clip,SHOT-118-A,208,player,Team_B,1318.9,546.3,38.2,74.6,0.971
40,20.0,SNMOT-118_incremental_clip,SHOT-118-A,209,player,Team_B,925.6,333.3,33.2,86.5,0.956
40,20.0,SNMOT-118_incremental_clip,SHOT-118-A,210,player,Team_B,1386.1,409.8,34.0,102.7,0.88
40,20.0,SNMOT-118_incremental_clip,SHOT-118-A,211,goalkeeper,Team_B,1791.0,565.4,41.4,98.1,0.73
40,20.0,SNMOT-118_incremental_clip,SHOT-118-A,300,referee,Referee,861.0,646.1,32.3,72.4,0.786
40,20.0,SNMOT-118_incremental_clip,SHOT-118-A,999,ball,N/A,624.0,579.9,11.1,8.2,0.332
41,20.5,SNMOT-118_incremental_clip,SHOT-118-A,101,player,Team_A,1054.3,824.0,30.5,105.1,0.76
41,20.5,SNMOT-118_incremental_clip,SHOT-118-A,102,player,Team_A,1250.6,422.8,40.9,95.8,0.902
41,20.5,SNMOT-118_incremental_clip,SHOT-118-A,103,player,Team_A,597.3,806.0,26.4,85.9,0.74
41,20.5,SNMOT-118_incremental_clip,SHOT-118-A,104,player,Team_A,166.2,726.7,40.5,105.0,0.906
41,20.5,SNMOT-118_incremental_clip,SHOT-118-A,105,player,Team_A,1253.4,544.0,34.5,78.8,0.809
41,20.5,SNMOT-118_incremental_clip,SHOT-118-A,106,player,Team_A,629.9,627.2,37.6,79.3,0.891
41,20.5,SNMOT-118_incremental_clip,SHOT-118-A,107,player,Team_A,634.4,553.5,28.0,103.8,0.99
41,20.5,SNMOT-118_incremental_clip,SHOT-118-A,108,player,Team_A,914.3,597.0,26.1,90.9,0.748
41,20.5,SNMOT-118_incremental_clip,SHOT-118-A,109,player,Team_A,1550.9,663.7,26.4,81.8,0.954
41,20.5,SNMOT-118_incremental_clip,SHOT-118-A,110,player,Team_A,1117.2,812.9,27.3,83.1,0.854
41,20.5,SNMOT-118_incremental_clip,SHOT-118-A,111,goalkeeper,Team_A,58.9,588.8,29.3,104.9,0.859
41,20.5,SNMOT-118_incremental_clip,SHOT-118-A,201,player,Team_B,559.8,475.7,38.2,97.6,0.865
41,20.5,SNMOT-118_incremental_clip,SHOT-118-A,202,player,Team_B,1154.8,387.9,27.3,84.7,0.86
41,20.5,SNMOT-118_incremental_clip,SHOT-118-A,203,player,Team_B,381.2,596.4,34.3,78.3,0.848
41,20.5,SNMOT-118_incremental_clip,SHOT-118-A,204,player,Team_B,873.5,867.0,30.1,102.2,0.716
41,20.5,SNMOT-118_incremental_clip,SHOT-118-A,205,player,Team_B,1113.1,622.9,35.1,89.0,0.862
41,20.5,SNMOT-118_incremental_clip,SHOT-118-A,206,player,Team_B,1141.5,432.4,29.7,107.2,0.864
41,20.5,SNMOT-118_incremental_clip,SHOT-118-A,207,player,Team_B,243.4,388.7,35.7,99.4,0.772
41,20.5,SNMOT-118_incremental_clip,SHOT-118-A,208,player,Team_B,1337.4,545.1,31.3,88.0,0.908
41,20.5,SNMOT-118_incremental_clip,SHOT-118-A,209,player,Team_B,931.3,327.1,26.2,80.4,0.781
41,20.5,SNMOT-118_incremental_clip,SHOT-118-A,210,player,Team_B,1393.3,419.3,36.8,77.0,0.713
41,20.5,SNMOT-118_incremental_clip,SHOT-118-A,211,goalkeeper,Team_B,1794.8,569.3,37.5,96.1,0.92
41,20.5,SNMOT-118_incremental_clip,SHOT-118-A,300,referee,Referee,878.2,639.7,26.5,80.0,0.841
41,20.5,SNMOT-118_incremental_clip,SHOT-118-A,999,ball,N/A,672.7,601.4,9.2,9.5,0.678
42,21.0,SNMOT-118_incremental_clip,SHOT-118-A,101,player,Team_A,1053.6,843.1,34.7,91.4,0.916
42,21.0,SNMOT-118_incremental_clip,SHOT-118-A,102,player,Team_A,1246.3,414.7,36.4,104.0,0.942
42,21.0,SNMOT-118_incremental_clip,SHOT-118-A,103,player,Team_A,613.8,820.1,27.5,79.2,0.816
42,21.0,SNMOT-118_incremental_clip,SHOT-118-A,104,player,Team_A,173.5,736.4,38.5,91.5,0.826
42,21.0,SNMOT-118_incremental_clip,SHOT-118-A,105,player,Team_A,1241.6,534.9,36.1,106.4,0.915
42,21.0,SNMOT-118_incremental_clip,SHOT-118-A,106,player,Team_A,625.5,614.6,36.0,102.6,0.988
42,21.0,SNMOT-118_incremental_clip,SHOT-118-A,107,player,Team_A,613.7,560.9,36.6,97.6,0.99
42,21.0,SNMOT-118_incremental_clip,SHOT-118-A,108,player,Team_A,915.4,610.9,40.9,105.8,0.81
42,21.0,SNMOT-118_incremental_clip,SHOT-118-A,109,player,Team_A,1539.2,657.0,26.5,72.1,0.791
42,21.0,SNMOT-118_incremental_clip,SHOT-118-A,110,player,Team_A,1118.8,803.7,26.8,97.4,0.784
42,21.0,SNMOT-118_incremental_clip,SHOT-118-A,111,goalkeeper,Team_A,54.6,599.4,39.8,96.1,0.843
42,21.0,SNMOT-118_incremental_clip,SHOT-118-A,201,player,Team_B,547.0,487.4,40.3,74.4,0.881
42,21.0,SNMOT-118_incremental_clip,SHOT-118-A,202,player,Team_B,1164.3,381.3,29.0,91.3,0.96
42,21.0,SNMOT-118_incremental_clip,SHOT-118-A,203,player,Team_B,403.2,589.2,26.1,79.9,0.74
42,21.0,SNMOT-118_incremental_clip,SHOT-118-A,204,player,Team_B,873.9,885.4,31.4,72.4,0.696
42,21.0,SNMOT-118_incremental_clip,SHOT-118-A,205,player,Team_B,1122.5,606.0,33.2,104.8,0.757
42,21.0,SNMOT-118_incremental_clip,SHOT-118-A,206,player,Team_B,1122.5,464.0,36.5,75.9,0.844
42,21.0,SNMOT-118_incremental_clip,SHOT-118-A,207,player,Team_B,253.1,401.6,26.8,74.5,0.83
42,21.0,SNMOT-118_incremental_clip,SHOT-118-A,208,player,Team_B,1338.4,557.5,34.9,84.7,0.815
42,21.0,SNMOT-118_incremental_clip,SHOT-118-A,209,player,Team_B,923.5,300.1,36.9,99.4,0.808
42,21.0,SNMOT-118_incremental_clip,SHOT-118-A,210,player,Team_B,1377.2,410.2,39.5,87.8,0.853
42,21.0,SNMOT-118_incremental_clip,SHOT-118-A,211,goalkeeper,Team_B,1799.7,577.1,28.2,79.8,0.798
42,21.0,SNMOT-118_incremental_clip,SHOT-118-A,300,referee,Referee,872.8,640.3,26.1,76.0,0.816
43,21.5,SNMOT-118_incremental_clip,SHOT-118-A,101,player,Team_A,1062.8,851.6,41.9,83.6,0.948
43,21.5,SNMOT-118_incremental_clip,SHOT-118-A,102,player,Team_A,1264.9,415.0,35.4,104.6,0.692
43,21.5,SNMOT-118_incremental_clip,SHOT-118-A,103,player,Team_A,605.8,825.5,33.1,88.0,0.99
43,21.5,SNMOT-118_incremental_clip,SHOT-118-A,104,player,Team_A,165.7,736.3,33.7,90.9,0.933
43,21.5,SNMOT-118_incremental_clip,SHOT-118-A,105,player,Team_A,1243.2,538.3,35.1,99.0,0.936
43,21.5,SNMOT-118_incremental_clip,SHOT-118-A,106,player,Team_A,625.3,616.0,29.9,100.3,0.858
43,21.5,SNMOT-118_incremental_clip,SHOT-118-A,107,player,Team_A,607.6,548.7,40.4,95.7,0.861
43,21.5,SNMOT-118_incremental_clip,SHOT-118-A,108,player,Team_A,922.5,625.0,40.9,86.2,0.851
43,21.5,SNMOT-118_incremental_clip,SHOT-118-A,109,player,Team_A,1536.3,624.9,41.6,106.1,0.855
43,21.5,SNMOT-118_incremental_clip,SHOT-118-A,110,player,Team_A,1127.7,816.8,29.9,72.6,0.865
43,21.5,SNMOT-118_incremental_clip,SHOT-118-A,111,goalkeeper,Team_A,56.6,601.7,36.5,97.9,0.818
43,21.5,SNMOT-118_incremental_clip,SHOT-118-A,201,player,Team_B,550.6,495.0,36.1,92.5,0.845
43,21.5,SNMOT-118_incremental_clip,SHOT-118-A,202,player,Team_B,1159.6,389.6,38.7,78.6,0.829
43,21.5,SNMOT-118_incremental_clip,SHOT-118-A,203,player,Team_B,392.2,583.4,28.5,96.3,0.893
43,21.5,SNMOT-118_incremental_clip,SHOT-118-A,204,player,Team_B,860.4,859.1,30.7,86.0,0.805
43,21.5,SNMOT-118_incremental_clip,SHOT-118-A,205,player,Team_B,1128.6,603.2,28.0,107.5,0.814
43,21.5,SNMOT-118_incremental_clip,SHOT-118-A,206,player,Team_B,1129.4,468.7,35.0,84.7,0.765
43,21.5,SNMOT-118_incremental_clip,SHOT-118-A,207,player,Team_B,250.6,393.1,27.3,96.4,0.799
43,21.5,SNMOT-118_incremental_clip,SHOT-118-A,208,player,Team_B,1344.1,555.8,27.6,83.0,0.728
43,21.5,SNMOT-118_incremental_clip,SHOT-118-A,209,player,Team_B,917.0,296.1,39.5,106.4,0.99
43,21.5,SNMOT-118_incremental_clip,SHOT-118-A,210,player,Team_B,1390.6,409.9,29.9,72.6,0.748
43,21.5,SNMOT-118_incremental_clip,SHOT-118-A,211,goalkeeper,Team_B,1794.1,578.0,40.7,90.3,0.845
43,21.5,SNMOT-118_incremental_clip,SHOT-118-A,300,referee,Referee,866.8,636.8,32.2,78.6,0.94
43,21.5,SNMOT-118_incremental_clip,SHOT-118-A,999,ball,N/A,633.2,614.4,8.5,10.1,0.778
44,22.0,SNMOT-118_incremental_clip,SHOT-118-A,101,player,Team_A,1070.4,856.8,27.6,91.9,0.964
44,22.0,SNMOT-118_incremental_clip,SHOT-118-A,102,player,Team_A,1268.9,427.0,37.0,85.2,0.733
44,22.0,SNMOT-118_incremental_clip,SHOT-118-A,103,player,Team_A,615.3,808.4,28.2,95.5,0.863
44,22.0,SNMOT-118_incremental_clip,SHOT-118-A,105,player,Team_A,1241.6,560.9,37.3,74.0,0.839
44,22.0,SNMOT-118_incremental_clip,SHOT-118-A,106,player,Team_A,605.6,619.7,40.5,105.9,0.973
44,22.0,SNMOT-118_incremental_clip,SHOT-118-A,107,player,Team_A,611.4,557.8,35.8,97.9,0.82
44,22.0,SNMOT-118_incremental_clip,SHOT-118-A,108,player,Team_A,933.6,618.2,29.5,85.6,0.863
44,22.0,SNMOT-118_incremental_clip,SHOT-118-A,109,player,Team_A,1550.4,635.3,32.3,100.9,0.867
44,22.0,SNMOT-118_incremental_clip,SHOT-118-A,110,player,Team_A,1139.3,780.8,35.8,101.4,0.758
44,22.0,SNMOT-118_incremental_clip,SHOT-118-A,111,goalkeeper,Team_A,55.5,605.7,41.3,95.5,0.749
44,22.0,SNMOT-118_incremental_clip,SHOT-118-A,201,player,Team_B,562.1,490.8,26.2,86.9,0.812
44,22.0,SNMOT-118_incremental_clip,SHOT-118-A,202,player,Team_B,1155.6,381.6,28.5,102.9,0.772
44,22.0,SNMOT-118_incremental_clip,SHOT-118-A,203,player,Team_B,389.4,602.2,41.2,101.5,0.688
44,22.0,SNMOT-118_incremental_clip,SHOT-118-A,204,player,Team_B,850.0,851.1,27.0,85.8,0.921
44,22.0,SNMOT-118_incremental_clip,SHOT-118-A,205,player,Team_B,1127.7,607.2,33.3,104.9,0.99
44,22.0,SNMOT-118_incremental_clip,SHOT-118-A,206,player,Team_B,1124.0,462.1,41.2,84.9,0.877
44,22.0,SNMOT-118_incremental_clip,SHOT-118-A,207,player,Team_B,232.2,382.1,41.2,104.8,0.822
44,22.0,SNMOT-118_incremental_clip,SHOT-118-A,208,player,Team_B,1361.0,557.9,29.9,78.4,0.868
44,22.0,SNMOT-118_incremental_clip,SHOT-118-A,209,player,Team_B,921.2,317.7,32.4,81.9,0.844
44,22.0,SNMOT-118_incremental_clip,SHOT-118-A,210,player,Team_B,1394.4,405.5,28.8,96.7,0.783
44,22.0,SNMOT-118_incremental_clip,SHOT-118-A,211,goalkeeper,Team_B,1802.1,574.9,26.7,81.9,0.755
44,22.0,SNMOT-118_incremental_clip,SHOT-118-A,300,referee,Referee,883.1,653.7,32.4,70.8,0.724
44,22.0,SNMOT-118_incremental_clip,SHOT-118-A,999,ball,N/A,703.3,591.4,10.8,10.5,0.444
45,22.5,SNMOT-118_incremental_clip,SHOT-118-A,101,player,Team_A,1066.5,866.6,36.2,93.0,0.774
45,22.5,SNMOT-118_incremental_clip,SHOT-118-A,102,player,Team_A,1279.5,419.8,34.1,95.1,0.85
45,22.5,SNMOT-118_incremental_clip,SHOT-118-A,103,player,Team_A,609.8,800.4,26.1,102.1,0.791
45,22.5,SNMOT-118_incremental_clip,SHOT-118-A,104,player,Team_A,163.1,743.3,36.2,72.9,0.856
45,22.5,SNMOT-118_incremental_clip,SHOT-118-A,105,player,Team_A,1230.6,528.0,35.5,88.7,0.745
45,22.5,SNMOT-118_incremental_clip,SHOT-118-A,106,player,Team_A,617.5,611.4,28.6,101.4,0.711
45,22.5,SNMOT-118_incremental_clip,SHOT-118-A,107,player,Team_A,615.8,567.3,35.7,86.2,0.878
45,22.5,SNMOT-118_incremental_clip,SHOT-118-A,108,player,Team_A,927.9,622.5,39.2,79.5,0.684
45,22.5,SNMOT-118_incremental_clip,SHOT-118-A,109,player,Team_A,1553.5,640.1,31.0,99.7,0.81
45,22.5,SNMOT-118_incremental_clip,SHOT-118-A,110,player,Team_A,1130.1,784.4,35.1,93.4,0.755
45,22.5,SNMOT-118_incremental_clip,SHOT-118-A,111,goalkeeper,Team_A,63.5,599.5,28.1,104.3,0.762
45,22.5,SNMOT-118_incremental_clip,SHOT-118-A,201,player,Team_B,553.2,486.9,30.0,79.5,0.805
45,22.5,SNMOT-118_incremental_clip,SHOT-118-A,202,player,Team_B,1155.3,367.4,30.6,102.1,0.71
45,22.5,SNMOT-118_incremental_clip,SHOT-118-A,203,player,Team_B,373.3,612.9,41.2,89.5,0.864
45,22.5,SNMOT-118_incremental_clip,SHOT-118-A,204,player,Team_B,842.8,848.4,35.5,103.1,0.731
45,22.5,SNMOT-118_incremental_clip,SHOT-118-A,205,player,Team_B,1125.0,605.8,35.8,93.5,0.869
45,22.5,SNMOT-118_incremental_clip,SHOT-118-A,206,player,Team_B,1129.5,465.4,39.7,95.8,0.863
45,22.5,SNMOT-118_incremental_clip,SHOT-118-A,207,player,Team_B,245.8,389.9,28.7,83.0,0.746
45,22.5,SNMOT-118_incremental_clip,SHOT-118-A,208,player,Team_B,1351.1,529.1,39.2,107.4,0.99
45,22.5,SNMOT-118_incremental_clip,SHOT-118-A,209,player,Team_B,926.2,311.2,41.6,90.4,0.896
45,22.5,SNMOT-118_incremental_clip,SHOT-118-A,210,player,Team_B,1388.8,422.5,26.3,80.9,0.787
45,22.5,SNMOT-118_incremental_clip,SHOT-118-A,211,goalkeeper,Team_B,1801.3,564.7,31.0,99.4,0.957
45,22.5,SNMOT-118_incremental_clip,SHOT-118-A,999,ball,N/A,662.0,556.0,10.8,11.4,0.696
46,23.0,SNMOT-118_incremental_clip,SHOT-118-A,101,player,Team_A,1067.1,880.2,28.2,73.4,0.874
46,23.0,SNMOT-118_incremental_clip,SHOT-118-A,102,player,Team_A,1259.8,421.8,33.3,101.8,0.689
46,23.0,SNMOT-118_incremental_clip,SHOT-118-A,103,player,Team_A,624.9,801.2,28.4,88.2,0.854
46,23.0,SNMOT-118_incremental_clip,SHOT-118-A,104,player,Team_A,168.0,736.5,31.3,95.4,0.911
46,23.0,SNMOT-118_incremental_clip,SHOT-118-A,105,player,Team_A,1227.6,519.2,35.8,88.6,0.771
46,23.0,SNMOT-118_incremental_clip,SHOT-118-A,106,player,Team_A,606.2,623.7,26.2,97.9,0.688
46,23.0,SNMOT-118_incremental_clip,SHOT-118-A,107,player,Team_A,617.4,560.8,33.8,94.9,0.937
46,23.0,SNMOT-118_incremental_clip,SHOT-118-A,108,player,Team_A,942.7,604.6,27.2,104.8,0.843
46,23.0,SNMOT-118_incremental_clip,SHOT-118-A,109,player,Team_A,1549.4,637.9,33.0,100.6,0.812
46,23.0,SNMOT-118_incremental_clip,SHOT-118-A,110,player,Team_A,1114.0,784.2,41.6,93.9,0.99
46,23.0,SNMOT-118_incremental_clip,SHOT-118-A,111,goalkeeper,Team_A,64.8,604.3,27.3,87.9,0.981
46,23.0,SNMOT-118_incremental_clip,SHOT-118-A,201,player,Team_B,555.9,472.9,36.9,81.6,0.792
46,23.0,SNMOT-118_incremental_clip,SHOT-118-A,202,player,Team_B,1153.4,361.5,40.7,102.7,0.755
46,23.0,SNMOT-118_incremental_clip,SHOT-118-A,203,player,Team_B,366.2,616.4,30.5,85.9,0.942
46,23.0,SNMOT-118_incremental_clip,SHOT-118-A,204,player,Team_B,838.0,844.4,37.1,98.4,0.99
46,23.0,SNMOT-118_incremental_clip,SHOT-118-A,205,player,Team_B,1112.5,594.0,37.4,97.6,0.852
46,23.0,SNMOT-118_incremental_clip,SHOT-118-A,206,player,Team_B,1113.7,457.9,41.5,104.4,0.822
46,23.0,SNMOT-118_incremental_clip,SHOT-118-A,207,player,Team_B,249.0,395.0,29.4,91.5,0.932
46,23.0,SNMOT-118_incremental_clip,SHOT-118-A,209,player,Team_B,929.3,325.3,40.8,78.5,0.753
46,23.0,SNMOT-118_incremental_clip,SHOT-118-A,210,player,Team_B,1372.5,420.0,40.9,74.9,0.841
46,23.0,SNMOT-118_incremental_clip,SHOT-118-A,211,goalkeeper,Team_B,1797.6,581.9,34.5,73.5,0.851
46,23.0,SNMOT-118_incremental_clip,SHOT-118-A,300,referee,Referee,857.5,672.0,29.9,70.1,0.868
46,23.0,SNMOT-118_incremental_clip,SHOT-118-A,999,ball,N/A,663.7,526.8,11.8,11.3,0.612
47,23.5,SNMOT-118_incremental_clip,SHOT-118-A,101,player,Team_A,1060.8,866.6,27.5,81.7,0.887
47,23.5,SNMOT-118_incremental_clip,SHOT-118-A,102,player,Team_A,1267.9,413.5,41.1,102.6,0.87
47,23.5,SNMOT-118_incremental_clip,SHOT-118-A,103,player,Team_A,616.0,782.5,37.2,95.3,0.808
47,23.5,SNMOT-118_incremental_clip,SHOT-118-A,104,player,Team_A,168.5,726.6,41.0,92.4,0.772
47,23.5,SNMOT-118_incremental_clip,SHOT-118-A,105,player,Team_A,1229.2,516.8,36.2,90.8,0.764
47,23.5,SNMOT-118_incremental_clip,SHOT-118-A,106,player,Team_A,593.1,629.7,39.8,93.3,0.944
47,23.5,SNMOT-118_incremental_clip,SHOT-118-A,107,player,Team_A,622.3,554.6,37.0,106.0,0.753
47,23.5,SNMOT-118_incremental_clip,SHOT-118-A,108,player,Team_A,940.8,607.2,41.0,96.4,0.756
47,23.5,SNMOT-118_incremental_clip,SHOT-118-A,109,player,Team_A,1549.6,640.4,26.8,99.3,0.862
47,23.5,SNMOT-118_incremental_clip,SHOT-118-A,110,player,Team_A,1122.3,798.0,30.4,97.9,0.802
47,23.5,SNMOT-118_incremental_clip,SHOT-118-A,111,goalkeeper,Team_A,57.6,592.7,38.5,102.9,0.862
47,23.5,SNMOT-118_incremental_clip,SHOT-118-A,201,player,Team_B,552.1,463.5,41.4,85.8,0.99
47,23.5,SNMOT-118_incremental_clip,SHOT-118-A,202,player,Team_B,1150.1,363.3,33.3,89.8,0.916
47,23.5,SNMOT-118_incremental_clip,SHOT-118-A,203,player,Team_B,373.2,614.6,41.6,86.6,0.7
47,23.5,SNMOT-118_incremental_clip,SHOT-118-A,204,player,Team_B,841.1,845.8,33.6,95.3,0.801
47,23.5,SNMOT-118_incremental_clip,SHOT-118-A,205,player,Team_B,1109.5,576.9,33.9,105.1,0.885
47,23.5,SNMOT-118_incremental_clip,SHOT-118-A,206,player,Team_B,1114.2,470.5,30.3,93.1,0.802
47,23.5,SNMOT-118_incremental_clip,SHOT-118-A,207,player,Team_B,259.6,393.6,29.2,89.6,0.886
47,23.5,SNMOT-118_incremental_clip,SHOT-118-A,208,player,Team_B,1349.7,512.3,33.4,105.4,0.879
47,23.5,SNMOT-118_incremental_clip,SHOT-118-A,209,player,Team_B,928.1,305.8,39.3,75.3,0.884
47,23.5,SNMOT-118_incremental_clip,SHOT-118-A,210,player,Team_B,1373.3,415.5,30.2,93.2,0.783
47,23.5,SNMOT-118_incremental_clip,SHOT-118-A,211,goalkeeper,Team_B,1799.3,567.8,36.4,100.2,0.871
47,23.5,SNMOT-118_incremental_clip,SHOT-118-A,300,referee,Referee,865.2,663.9,25.5,71.1,0.643
48,24.0,SNMOT-118_incremental_clip,SHOT-118-A,101,player,Team_A,1069.9,873.7,36.7,96.9,0.83
48,24.0,SNMOT-118_incremental_clip,SHOT-118-A,103,player,Team_A,624.7,798.5,27.7,94.5,0.745
48,24.0,SNMOT-118_incremental_clip,SHOT-118-A,104,player,Team_A,164.4,727.9,26.2,88.9,0.843
48,24.0,SNMOT-118_incremental_clip,SHOT-118-A,105,player,Team_A,1235.7,518.5,40.0,103.8,0.86
48,24.0,SNMOT-118_incremental_clip,SHOT-118-A,106,player,Team_A,598.5,638.2,39.1,76.2,0.99
48,24.0,SNMOT-118_incremental_clip,SHOT-118-A,107,player,Team_A,623.9,543.5,36.8,102.9,0.829
48,24.0,SNMOT-118_incremental_clip,SHOT-118-A,108,player,Team_A,949.9,611.3,33.4,95.0,0.673
48,24.0,SNMOT-118_incremental_clip,SHOT-118-A,109,player,Team_A,1538.4,652.5,29.1,77.8,0.891
48,24.0,SNMOT-118_incremental_clip,SHOT-118-A,110,player,Team_A,1106.2,781.3,28.3,96.4,0.645
48,24.0,SNMOT-118_incremental_clip,SHOT-118-A,111,goalkeeper,Team_A,57.6,594.8,38.4,90.6,0.906
48,24.0,SNMOT-118_incremental_clip,SHOT-118-A,201,player,Team_B,554.6,460.9,26.8,105.6,0.793
48,24.0,SNMOT-118_incremental_clip,SHOT-118-A,202,player,Team_B,1155.7,369.2,38.1,82.7,0.8
48,24.0,SNMOT-118_incremental_clip,SHOT-118-A,203,player,Team_B,378.6,613.8,32.1,106.9,0.858
48,24.0,SNMOT-118_incremental_clip,SHOT-118-A,204,player,Team_B,847.6,854.1,40.8,92.8,0.841
48,24.0,SNMOT-118_incremental_clip,SHOT-118-A,205,player,Team_B,1094.7,569.7,39.3,97.3,0.722
48,24.0,SNMOT-118_incremental_clip,SHOT-118-A,206,player,Team_B,1118.4,459.2,29.5,94.6,0.835
48,24.0,SNMOT-118_incremental_clip,SHOT-118-A,207,player,Team_B,250.8,403.1,38.5,79.5,0.857
48,24.0,SNMOT-118_incremental_clip,SHOT-118-A,208,player,Team_B,1346.6,535.3,38.8,98.3,0.821
48,24.0,SNMOT-118_incremental_clip,SHOT-118-A,209,player,Team_B,927.7,323.4,35.7,107.7,0.81
48,24.0,SNMOT-118_incremental_clip,SHOT-118-A,211,goalkeeper,Team_B,1804.2,580.4,27.8,77.8,0.898
48,24.0,SNMOT-118_incremental_clip,SHOT-118-A,300,referee,Referee,856.9,657.3,25.5,78.5,0.817
48,24.0,SNMOT-118_incremental_clip,SHOT-118-A,999,ball,N/A,662.6,456.4,8.7,8.4,0.656
49,24.5,SNMOT-118_incremental_clip,SHOT-118-A,101,player,Team_A,1066.9,872.4,30.6,84.8,0.788
49,24.5,SNMOT-118_incremental_clip,SHOT-118-A,102,player,Team_A,1277.1,439.8,34.0,82.5,0.933
49,24.5,SNMOT-118_incremental_clip,SHOT-118-A,103,player,Team_A,614.3,776.1,41.6,94.9,0.726
49,24.5,SNMOT-118_incremental_clip,SHOT-118-A,104,player,Team_A,152.0,722.2,31.0,91.1,0.893
49,24.5,SNMOT-118_incremental_clip,SHOT-118-A,106,player,Team_A,609.1,618.6,28.5,103.8,0.776
49,24.5,SNMOT-118_incremental_clip,SHOT-118-A,107,player,Team_A,640.3,537.7,34.2,105.7,0.652
49,24.5,SNMOT-118_incremental_clip,SHOT-118-A,108,player,Team_A,967.7,612.0,34.1,89.2,0.893
49,24.5,SNMOT-118_incremental_clip,SHOT-118-A,109,player,Team_A,1528.2,645.7,27.1,82.8,0.821
49,24.5,SNMOT-118_incremental_clip,SHOT-118-A,110,player,Team_A,1118.8,784.7,41.3,83.8,0.937
49,24.5,SNMOT-118_incremental_clip,SHOT-118-A,111,goalkeeper,Team_A,61.0,593.5,35.1,82.8,0.867
49,24.5,SNMOT-118_incremental_clip,SHOT-118-A,201,player,Team_B,556.8,465.7,26.8,86.8,0.728
49,24.5,SNMOT-118_incremental_clip,SHOT-118-A,202,player,Team_B,1158.0,356.9,32.1,79.9,0.923
49,24.5,SNMOT-118_incremental_clip,SHOT-118-A,203,player,Team_B,392.0,633.5,39.4,90.5,0.842
49,24.5,SNMOT-118_incremental_clip,SHOT-118-A,204,player,Team_B,842.2,861.9,40.5,76.5,0.762
49,24.5,SNMOT-118_incremental_clip,SHOT-118-A,205,player,Team_B,1090.8,567.6,39.1,88.9,0.752
49,24.5,SNMOT-118_incremental_clip,SHOT-118-A,206,player,Team_B,1112.3,463.3,40.9,79.0,0.72
49,24.5,SNMOT-118_incremental_clip,SHOT-118-A,207,player,Team_B,242.1,412.0,36.8,82.4,0.813
49,24.5,SNMOT-118_incremental_clip,SHOT-118-A,208,player,Team_B,1354.8,533.7,30.1,92.0,0.755
49,24.5,SNMOT-118_incremental_clip,SHOT-118-A,209,player,Team_B,939.6,331.4,30.1,103.7,0.903
49,24.5,SNMOT-118_incremental_clip,SHOT-118-A,210,player,Team_B,1383.6,428.8,29.3,72.2,0.884
49,24.5,SNMOT-118_incremental_clip,SHOT-118-A,211,goalkeeper,Team_B,1805.3,582.1,27.3,83.3,0.912
49,24.5,SNMOT-118_incremental_clip,SHOT-118-A,300,referee,Referee,868.9,646.2,24.9,75.4,0.811
49,24.5,SNMOT-118_incremental_clip,SHOT-118-A,999,ball,N/A,633.3,429.3,11.4,11.4,0.732
50,25.0,SNMOT-118_incremental_clip,SHOT-118-A,101,player,Team_A,1062.4,854.0,28.9,95.2,0.755
50,25.0,SNMOT-118_incremental_clip,SHOT-118-A,102,player,Team_A,1273.9,437.7,29.4,90.4,0.882
50,25.0,SNMOT-118_incremental_clip,SHOT-118-A,103,player,Team_A,607.3,769.2,36.6,92.0,0.821
50,25.0,SNMOT-118_incremental_clip,SHOT-118-A,104,player,Team_A,152.6,715.9,34.8,107.1,0.846
50,25.0,SNMOT-118_incremental_clip,SHOT-118-A,105,player,Team_A,1247.4,515.9,35.0,100.3,0.87
50,25.0,SNMOT-118_incremental_clip,SHOT-118-A,106,player,Team_A,597.4,630.1,36.9,76.2,0.923
50,25.0,SNMOT-118_incremental_clip,SHOT-118-A,107,player,Team_A,638.5,545.6,31.3,82.9,0.969
50,25.0,SNMOT-118_incremental_clip,SHOT-118-A,108,player,Team_A,952.0,602.9,31.9,100.1,0.782
50,25.0,SNMOT-118_incremental_clip,SHOT-118-A,109,player,Team_A,1522.6,635.0,31.1,98.9,0.925
50,25.0,SNMOT-118_incremental_clip,SHOT-118-A,110,player,Team_A,1121.4,791.7,26.8,72.8,0.82
50,25.0,SNMOT-118_incremental_clip,SHOT-118-A,111,goalkeeper,Team_A,58.5,584.6,36.5,101.3,0.813
50,25.0,SNMOT-118_incremental_clip,SHOT-118-A,201,player,Team_B,577.7,470.4,29.1,105.3,0.834
50,25.0,SNMOT-118_incremental_clip,SHOT-118-A,202,player,Team_B,1157.8,344.6,35.7,106.1,0.875
50,25.0,SNMOT-118_incremental_clip,SHOT-118-A,203,player,Team_B,378.1,631.7,29.5,95.3,0.719
50,25.0,SNMOT-118_incremental_clip,SHOT-118-A,204,player,Team_B,856.2,836.3,26.5,107.4,0.793
50,25.0,SNMOT-118_incremental_clip,SHOT-118-A,205,player,Team_B,1084.2,572.2,29.5,87.5,0.707
50,25.0,SNMOT-118_incremental_clip,SHOT-118-A,206,player,Team_B,1115.9,468.0,27.6,75.6,0.774
50,25.0,SNMOT-118_incremental_clip,SHOT-118-A,207,player,Team_B,240.2,413.3,37.8,94.0,0.925
50,25.0,SNMOT-118_incremental_clip,SHOT-118-A,208,player,Team_B,1361.0,559.4,33.9,88.1,0.799
50,25.0,SNMOT-118_incremental_clip,SHOT-118-A,209,player,Team_B,932.6,328.6,31.6,100.6,0.843
50,25.0,SNMOT-118_incremental_clip,SHOT-118-A,210,player,Team_B,1375.0,432.4,38.0,76.1,0.875
50,25.0,SNMOT-118_incremental_clip,SHOT-118-A,211,goalkeeper,Team_B,1803.8,577.2,31.0,92.8,0.948
50,25.0,SNMOT-118_incremental_clip,SHOT-118-A,300,referee,Referee,880.5,650.1,28.8,87.4,0.82
50,25.0,SNMOT-118_incremental_clip,SHOT-118-A,999,ball,N/A,654.5,423.6,9.7,11.9,0.762
51,25.5,SNMOT-118_incremental_clip,SHOT-118-A,101,player,Team_A,1068.2,843.3,32.7,92.5,0.684
51,25.5,SNMOT-118_incremental_clip,SHOT-118-A,102,player,Team_A,1260.3,432.9,28.4,106.7,0.819
51,25.5,SNMOT-118_incremental_clip,SHOT-118-A,103,player,Team_A,607.2,749.4,31.6,103.8,0.765
51,25.5,SNMOT-118_incremental_clip,SHOT-118-A,104,player,Team_A,155.3,737.9,27.1,74.3,0.99
51,25.5,SNMOT-118_incremental_clip,SHOT-118-A,105,player,Team_A,1246.5,531.4,37.4,94.6,0.682
51,25.5,SNMOT-118_incremental_clip,SHOT-118-A,106,player,Team_A,608.9,629.6,27.1,95.3,0.781
51,25.5,SNMOT-118_incremental_clip,SHOT-118-A,108,player,Team_A,949.2,599.5,28.5,107.2,0.99
51,25.5,SNMOT-118_incremental_clip,SHOT-118-A,109,player,Team_A,1512.8,626.6,29.9,105.3,0.76
51,25.5,SNMOT-118_incremental_clip,SHOT-118-A,111,goalkeeper,Team_A,60.7,592.8,29.9,82.5,0.931
51,25.5,SNMOT-118_incremental_clip,SHOT-118-A,201,player,Team_B,568.2,482.8,29.7,83.9,0.755
51,25.5,SNMOT-118_incremental_clip,SHOT-118-A,202,player,Team_B,1166.2,335.1,42.0,104.0,0.866
51,25.5,SNMOT-118_incremental_clip,SHOT-118-A,203,player,Team_B,369.8,629.5,30.1,79.4,0.897
51,25.5,SNMOT-118_incremental_clip,SHOT-118-A,204,player,Team_B,838.5,847.4,36.6,84.6,0.875
51,25.5,SNMOT-118_incremental_clip,SHOT-118-A,205,player,Team_B,1071.6,551.4,31.8,84.2,0.927
51,25.5,SNMOT-118_incremental_clip,SHOT-118-A,206,player,Team_B,1107.6,476.1,35.2,85.0,0.878
51,25.5,SNMOT-118_incremental_clip,SHOT-118-A,207,player,Team_B,235.7,426.8,36.3,77.9,0.708
51,25.5,SNMOT-118_incremental_clip,SHOT-118-A,208,player,Team_B,1369.6,564.7,28.1,83.2,0.838
51,25.5,SNMOT-118_incremental_clip,SHOT-118-A,209,player,Team_B,934.8,346.7,40.7,77.2,0.929
51,25.5,SNMOT-118_incremental_clip,SHOT-118-A,210,player,Team_B,1385.7,408.7,41.0,88.8,0.99
51,25.5,SNMOT-118_incremental_clip,SHOT-118-A,211,goalkeeper,Team_B,1803.1,568.8,26.8,107.2,0.952
51,25.5,SNMOT-118_incremental_clip,SHOT-118-A,300,referee,Referee,889.4,656.6,27.1,82.5,0.696
51,25.5,SNMOT-118_incremental_clip,SHOT-118-A,999,ball,N/A,647.1,421.4,10.6,9.3,0.555
52,26.0,SNMOT-118_incremental_clip,SHOT-118-A,101,player,Team_A,1065.2,835.5,38.3,105.3,0.696
52,26.0,SNMOT-118_incremental_clip,SHOT-118-A,102,player,Team_A,1268.9,431.8,32.1,105.2,0.98
52,26.0,SNMOT-118_incremental_clip,SHOT-118-A,103,player,Team_A,603.2,761.8,29.2,79.7,0.832
52,26.0,SNMOT-118_incremental_clip,SHOT-118-A,104,player,Team_A,147.4,726.2,37.8,83.0,0.887
52,26.0,SNMOT-118_incremental_clip,SHOT-118-A,105,player,Team_A,1267.5,517.3,28.2,106.7,0.867
52,26.0,SNMOT-118_incremental_clip,SHOT-118-A,106,player,Team_A,596.9,635.9,38.0,76.0,0.903
52,26.0,SNMOT-118_incremental_clip,SHOT-118-A,107,player,Team_A,620.0,550.1,36.1,89.6,0.773
52,26.0,SNMOT-118_incremental_clip,SHOT-118-A,108,player,Team_A,955.6,599.6,38.4,96.5,0.975
52,26.0,SNMOT-118_incremental_clip,SHOT-118-A,109,player,Team_A,1498.0,617.7,38.0,100.3,0.947
52,26.0,SNMOT-118_incremental_clip,SHOT-118-A,110,player,Team_A,1106.5,783.3,36.9,74.9,0.858
52,26.0,SNMOT-118_incremental_clip,SHOT-118-A,111,goalkeeper,Team_A,61.7,583.8,35.0,105.9,0.685
52,26.0,SNMOT-118_incremental_clip,SHOT-118-A,201,player,Team_B,565.4,474.4,26.8,94.0,0.961
52,26.0,SNMOT-118_incremental_clip,SHOT-118-A,202,player,Team_B,1152.0,340.9,40.2,75.2,0.942
52,26.0,SNMOT-118_incremental_clip,SHOT-118-A,203,player,Team_B,361.7,626.8,39.9,79.1,0.947
52,26.0,SNMOT-118_incremental_clip,SHOT-118-A,204,player,Team_B,844.5,837.6,27.1,101.1,0.846
52,26.0,SNMOT-118_incremental_clip,SHOT-118-A,205,player,Team_B,1058.5,555.2,41.1,88.9,0.88
52,26.0,SNMOT-118_incremental_clip,SHOT-118-A,206,player,Team_B,1123.7,486.1,26.1,73.8,0.74
52,26.0,SNMOT-118_incremental_clip,SHOT-118-A,207,player,Team_B,222.5,415.6,41.7,99.9,0.888
52,26.0,SNMOT-118_incremental_clip,SHOT-118-A,208,player,Team_B,1368.4,555.1,31.1,83.1,0.984
52,26.0,SNMOT-118_incremental_clip,SHOT-118-A,209,player,Team_B,918.2,345.2,36.2,83.2,0.815
52,26.0,SNMOT-118_incremental_clip,SHOT-118-A,210,player,Team_B,1378.2,404.8,29.7,97.4,0.8
52,26.0,SNMOT-118_incremental_clip,SHOT-118-A,211,goalkeeper,Team_B,1802.2,575.7,28.0,93.3,0.6
52,26.0,SNMOT-118_incremental_clip,SHOT-118-A,300,referee,Referee,892.9,668.7,29.4,81.8,0.877
52,26.0,SNMOT-118_incremental_clip,SHOT-118-A,999,ball,N/A,661.0,450.6,10.9,11.3,0.547
53,26.5,SNMOT-118_incremental_clip,SHOT-118-A,101,player,Team_A,1077.5,853.6,33.3,78.4,0.748
53,26.5,SNMOT-118_incremental_clip,SHOT-118-A,102,player,Team_A,1272.3,418.7,30.4,83.6,0.856
53,26.5,SNMOT-118_incremental_clip,SHOT-118-A,103,player,Team_A,585.5,770.8,34.2,87.4,0.87
53,26.5,SNMOT-118_incremental_clip,SHOT-118-A,104,player,Team_A,161.3,729.5,33.3,78.5,0.891
53,26.5,SNMOT-118_incremental_clip,SHOT-118-A,105,player,Team_A,1262.5,521.4,29.1,107.4,0.762
53,26.5,SNMOT-118_incremental_clip,SHOT-118-A,107,player,Team_A,635.0,540.9,38.8,100.6,0.834
53,26.5,SNMOT-118_incremental_clip,SHOT-118-A,108,player,Team_A,941.1,586.2,40.2,84.4,0.852
53,26.5,SNMOT-118_incremental_clip,SHOT-118-A,109,player,Team_A,1499.5,635.3,35.7,75.2,0.756
53,26.5,SNMOT-118_incremental_clip,SHOT-118-A,110,player,Team_A,1104.9,790.1,41.9,104.4,0.895
53,26.5,SNMOT-118_incremental_clip,SHOT-118-A,111,goalkeeper,Team_A,63.3,587.9,31.5,99.6,0.704
53,26.5,SNMOT-118_incremental_clip,SHOT-118-A,201,player,Team_B,555.0,472.6,31.1,107.1,0.854
53,26.5,SNMOT-118_incremental_clip,SHOT-118-A,202,player,Team_B,1152.0,341.7,32.0,74.3,0.669
53,26.5,SNMOT-118_incremental_clip,SHOT-118-A,203,player,Team_B,362.0,624.2,39.6,82.6,0.838
53,26.5,SNMOT-118_incremental_clip,SHOT-118-A,204,player,Team_B,840.7,819.4,32.3,107.9,0.805
53,26.5,SNMOT-118_incremental_clip,SHOT-118-A,205,player,Team_B,1053.0,557.9,28.6,84.2,0.83
53,26.5,SNMOT-118_incremental_clip,SHOT-118-A,206,player,Team_B,1118.5,481.0,30.9,81.7,0.79
53,26.5,SNMOT-118_incremental_clip,SHOT-118-A,207,player,Team_B,226.6,413.6,34.5,97.3,0.868
53,26.5,SNMOT-118_incremental_clip,SHOT-118-A,208,player,Team_B,1373.5,556.2,29.5,87.2,0.933
53,26.5,SNMOT-118_incremental_clip,SHOT-118-A,209,player,Team_B,924.3,344.4,32.1,90.5,0.842
53,26.5,SNMOT-118_incremental_clip,SHOT-118-A,210,player,Team_B,1376.4,400.7,37.4,87.4,0.631
53,26.5,SNMOT-118_incremental_clip,SHOT-118-A,211,goalkeeper,Team_B,1796.9,562.8,38.8,105.2,0.784
53,26.5,SNMOT-118_incremental_clip,SHOT-118-A,300,referee,Referee,880.3,672.8,33.2,68.1,0.855
53,26.5,SNMOT-118_incremental_clip,SHOT-118-A,999,ball,N/A,675.0,422.1,8.0,11.5,0.667
54,27.0,SNMOT-118_incremental_clip,SHOT-118-A,101,player,Team_A,1090.0,861.5,35.0,89.2,0.846
54,27.0,SNMOT-118_incremental_clip,SHOT-118-A,102,player,Team_A,1270.1,423.6,37.9,86.9,0.843
54,27.0,SNMOT-118_incremental_clip,SHOT-118-A,103,player,Team_A,580.5,776.4,31.9,88.2,0.736
54,27.0,SNMOT-118_incremental_clip,SHOT-118-A,104,player,Team_A,168.2,726.0,36.6,77.2,0.901
54,27.0,SNMOT-118_incremental_clip,SHOT-118-A,105,player,Team_A,1257.4,529.6,28.2,95.2,0.757
54,27.0,SNMOT-118_incremental_clip,SHOT-118-A,106,player,Team_A,604.4,614.2,41.1,91.7,0.796
54,27.0,SNMOT-118_incremental_clip,SHOT-118-A,107,player,Team_A,661.5,546.8,36.6,83.6,0.804
54,27.0,SNMOT-118_incremental_clip,SHOT-118-A,108,player,Team_A,951.8,566.6,34.6,106.3,0.82
54,27.0,SNMOT-118_incremental_clip,SHOT-118-A,109,player,Team_A,1491.8,629.5,35.4,93.4,0.685
54,27.0,SNMOT-118_incremental_clip,SHOT-118-A,110,player,Team_A,1118.6,799.5,26.5,77.8,0.796
54,27.0,SNMOT-118_incremental_clip,SHOT-118-A,111,goalkeeper,Team_A,61.3,591.0,34.3,97.8,0.765
54,27.0,SNMOT-118_incremental_clip,SHOT-118-A,201,player,Team_B,546.8,480.2,36.5,102.7,0.821
54,27.0,SNMOT-118_incremental_clip,SHOT-118-A,202,player,Team_B,1146.7,328.6,35.4,93.3,0.672
54,27.0,SNMOT-118_incremental_clip,SHOT-118-A,203,player,Team_B,366.1,615.7,35.6,106.6,0.913
54,27.0,SNMOT-118_incremental_clip,SHOT-118-A,205,player,Team_B,1053.0,554.7,29.0,93.4,0.936
54,27.0,SNMOT-118_incremental_clip,SHOT-118-A,206,player,Team_B,1114.7,456.6,41.6,97.2,0.808
54,27.0,SNMOT-118_incremental_clip,SHOT-118-A,207,player,Team_B,233.8,409.6,30.9,91.3,0.85
54,27.0,SNMOT-118_incremental_clip,SHOT-118-A,210,player,Team_B,1380.0,405.7,39.2,80.8,0.79
54,27.0,SNMOT-118_incremental_clip,SHOT-118-A,211,goalkeeper,Team_B,1794.2,582.1,39.7,75.9,0.868
54,27.0,SNMOT-118_incremental_clip,SHOT-118-A,300,referee,Referee,879.5,676.5,28.2,68.4,0.822
54,27.0,SNMOT-118_incremental_clip,SHOT-118-A,999,ball,N/A,650.4,426.4,8.9,11.6,0.659
55,27.5,SNMOT-118_incremental_clip,SHOT-118-A,101,player,Team_A,1095.3,865.6,39.1,86.5,0.9
55,27.5,SNMOT-118_incremental_clip,SHOT-118-A,102,player,Team_A,1285.5,409.2,26.6,100.6,0.99
55,27.5,SNMOT-118_incremental_clip,SHOT-118-A,103,player,Team_A,591.0,761.7,26.7,88.0,0.857
55,27.5,SNMOT-118_incremental_clip,SHOT-118-A,104,player,Team_A,171.9,724.8,26.2,81.8,0.838
55,27.5,SNMOT-118_incremental_clip,SHOT-118-A,105,player,Team_A,1257.7,515.6,36.2,104.2,0.912
55,27.5,SNMOT-118_incremental_clip,SHOT-118-A,106,player,Team_A,596.6,618.0,35.0,77.9,0.854
55,27.5,SNMOT-118_incremental_clip,SHOT-118-A,107,player,Team_A,663.6,532.1,38.9,86.2,0.84
55,27.5,SNMOT-118_incremental_clip,SHOT-118-A,108,player,Team_A,956.6,589.4,38.5,73.1,0.808
55,27.5,SNMOT-118_incremental_clip,SHOT-118-A,109,player,Team_A,1498.7,640.0,32.4,99.3,0.871
55,27.5,SNMOT-118_incremental_clip,SHOT-118-A,110,player,Team_A,1115.5,789.7,33.3,84.9,0.868
55,27.5,SNMOT-118_incremental_clip,SHOT-118-A,111,goalkeeper,Team_A,51.5,592.3,41.5,95.2,0.749
55,27.5,SNMOT-118_incremental_clip,SHOT-118-A,201,player,Team_B,554.7,476.4,34.0,97.2,0.906
55,27.5,SNMOT-118_incremental_clip,SHOT-118-A,202,player,Team_B,1139.6,342.1,27.0,88.9,0.986
55,27.5,SNMOT-118_incremental_clip,SHOT-118-A,203,player,Team_B,376.0,621.8,40.1,73.2,0.843
55,27.5,SNMOT-118_incremental_clip,SHOT-118-A,204,player,Team_B,832.9,844.6,27.5,89.5,0.924
55,27.5,SNMOT-118_incremental_clip,SHOT-118-A,205,player,Team_B,1044.3,562.0,28.0,72.9,0.87
55,27.5,SNMOT-118_incremental_clip,SHOT-118-A,206,player,Team_B,1114.3,453.9,32.4,89.3,0.782
55,27.5,SNMOT-118_incremental_clip,SHOT-118-A,207,player,Team_B,238.2,417.1,35.3,77.1,0.775
55,27.5,SNMOT-118_incremental_clip,SHOT-118-A,208,player,Team_B,1358.6,564.6,29.1,87.3,0.827
55,27.5,SNMOT-118_incremental_clip,SHOT-118-A,209,player,Team_B,920.4,358.3,40.2,107.4,0.976
55,27.5,SNMOT-118_incremental_clip,SHOT-118-A,210,player,Team_B,1376.0,406.2,31.7,76.5,0.926
55,27.5,SNMOT-118_incremental_clip,SHOT-118-A,211,goalkeeper,Team_B,1801.1,570.7,26.4,99.2,0.873
55,27.5,SNMOT-118_incremental_clip,SHOT-118-A,300,referee,Referee,876.1,670.1,27.8,79.4,0.754
55,27.5,SNMOT-118_incremental_clip,SHOT-118-A,999,ball,N/A,655.3,391.0,8.9,12.7,0.718
56,28.0,SNMOT-118_incremental_clip,SHOT-118-A,101,player,Team_A,1100.2,875.2,37.9,98.6,0.728
56,28.0,SNMOT-118_incremental_clip,SHOT-118-A,102,player,Team_A,1283.9,418.3,29.3,76.3,0.976
56,28.0,SNMOT-118_incremental_clip,SHOT-118-A,103,player,Team_A,573.8,763.3,41.7,73.3,0.93
56,28.0,SNMOT-118_incremental_clip,SHOT-118-A,106,player,Team_A,587.3,604.7,41.2,88.9,0.801
56,28.0,SNMOT-118_incremental_clip,SHOT-118-A,107,player,Team_A,649.4,544.8,37.4,72.3,0.813
56,28.0,SNMOT-118_incremental_clip,SHOT-118-A,108,player,Team_A,949.6,583.5,40.6,99.3,0.807
56,28.0,SNMOT-118_incremental_clip,SHOT-118-A,109,player,Team_A,1491.0,650.0,32.5,97.3,0.99
56,28.0,SNMOT-118_incremental_clip,SHOT-118-A,110,player,Team_A,1110.8,780.5,32.1,99.1,0.814
56,28.0,SNMOT-118_incremental_clip,SHOT-118-A,111,goalkeeper,Team_A,54.2,584.3,31.9,102.2,0.806
56,28.0,SNMOT-118_incremental_clip,SHOT-118-A,201,player,Team_B,545.9,482.5,37.2,96.1,0.907
56,28.0,SNMOT-118_incremental_clip,SHOT-118-A,202,player,Team_B,1139.2,331.5,34.1,95.8,0.776
56,28.0,SNMOT-118_incremental_clip,SHOT-118-A,203,player,Team_B,388.9,624.4,29.5,75.3,0.737
56,28.0,SNMOT-118_incremental_clip,SHOT-118-A,204,player,Team_B,844.2,840.3,39.0,78.5,0.9
56,28.0,SNMOT-118_incremental_clip,SHOT-118-A,205,player,Team_B,1039.8,563.1,35.5,94.1,0.867
56,28.0,SNMOT-118_incremental_clip,SHOT-118-A,206,player,Team_B,1093.2,447.1,30.2,95.1,0.744
56,28.0,SNMOT-118_incremental_clip,SHOT-118-A,207,player,Team_B,230.2,409.7,31.5,87.4,0.853
56,28.0,SNMOT-118_incremental_clip,SHOT-118-A,208,player,Team_B,1356.0,559.8,34.0,102.0,0.943
56,28.0,SNMOT-118_incremental_clip,SHOT-118-A,209,player,Team_B,931.0,363.9,27.0,91.5,0.813
56,28.0,SNMOT-118_incremental_clip,SHOT-118-A,210,player,Team_B,1358.0,398.3,29.8,77.0,0.785
56,28.0,SNMOT-118_incremental_clip,SHOT-118-A,211,goalkeeper,Team_B,1792.9,578.1,41.3,99.7,0.742
56,28.0,SNMOT-118_incremental_clip,SHOT-118-A,300,referee,Referee,860.5,677.2,28.8,68.3,0.781
56,28.0,SNMOT-118_incremental_clip,SHOT-118-A,999,ball,N/A,659.0,417.8,11.7,11.7,0.658
57,28.5,SNMOT-118_incremental_clip,SHOT-118-A,101,player,Team_A,1116.4,885.5,33.9,82.0,0.987
57,28.5,SNMOT-118_incremental_clip,SHOT-118-A,102,player,Team_A,1292.2,410.7,30.9,83.2,0.896
57,28.5,SNMOT-118_incremental_clip,SHOT-118-A,103,player,Team_A,592.7,758.8,28.7,97.4,0.809
57,28.5,SNMOT-118_incremental_clip,SHOT-118-A,104,player,Team_A,140.8,723.8,38.9,83.5,0.717
57,28.5,SNMOT-118_incremental_clip,SHOT-118-A,105,player,Team_A,1255.1,534.2,28.1,104.9,0.802
57,28.5,SNMOT-118_incremental_clip,SHOT-118-A,106,player,Team_A,587.8,598.0,34.6,86.9,0.914
57,28.5,SNMOT-118_incremental_clip,SHOT-118-A,107,player,Team_A,644.5,548.4,32.7,98.0,0.965
57,28.5,SNMOT-118_incremental_clip,SHOT-118-A,108,player,Team_A,934.3,592.8,31.5,98.8,0.789
57,28.5,SNMOT-118_incremental_clip,SHOT-118-A,109,player,Team_A,1492.8,645.8,27.2,97.8,0.9
57,28.5,SNMOT-118_incremental_clip,SHOT-118-A,111,goalkeeper,Team_A,52.7,589.5,35.4,97.6,0.576
57,28.5,SNMOT-118_incremental_clip,SHOT-118-A,201,player,Team_B,542.9,489.2,37.0,91.0,0.99
57,28.5,SNMOT-118_incremental_clip,SHOT-118-A,202,player,Team_B,1139.7,330.0,31.4,85.7,0.905
57,28.5,SNMOT-118_incremental_clip,SHOT-118-A,203,player,Team_B,398.2,628.0,33.0,87.6,0.894
57,28.5,SNMOT-118_incremental_clip,SHOT-118-A,205,player,Team_B,1039.4,565.5,26.7,102.8,0.839
57,28.5,SNMOT-118_incremental_clip,SHOT-118-A,206,player,Team_B,1090.8,455.1,28.5,77.1,0.664
57,28.5,SNMOT-118_incremental_clip,SHOT-118-A,207,player,Team_B,241.5,408.3,28.7,79.0,0.769
57,28.5,SNMOT-118_incremental_clip,SHOT-118-A,208,player,Team_B,1363.7,572.9,27.7,96.9,0.742
57,28.5,SNMOT-118_incremental_clip,SHOT-118-A,209,player,Team_B,935.4,382.0,41.4,76.6,0.804
57,28.5,SNMOT-118_incremental_clip,SHOT-118-A,210,player,Team_B,1369.0,409.8,27.3,77.1,0.93
57,28.5,SNMOT-118_incremental_clip,SHOT-118-A,211,goalkeeper,Team_B,1794.8,586.6,39.0,89.2,0.925
57,28.5,SNMOT-118_incremental_clip,SHOT-118-A,300,referee,Referee,862.3,664.7,26.3,73.3,0.946
57,28.5,SNMOT-118_incremental_clip,SHOT-118-A,999,ball,N/A,647.5,443.4,9.5,9.0,0.707
58,29.0,SNMOT-118_incremental_clip,SHOT-118-A,101,player,Team_A,1117.1,896.9,35.2,72.8,0.913
58,29.0,SNMOT-118_incremental_clip,SHOT-118-A,102,player,Team_A,1302.8,415.0,34.5,78.3,0.805
58,29.0,SNMOT-118_incremental_clip,SHOT-118-A,103,player,Team_A,599.5,766.4,29.6,104.5,0.754
58,29.0,SNMOT-118_incremental_clip,SHOT-118-A,104,player,Team_A,145.1,727.9,37.1,99.4,0.796
58,29.0,SNMOT-118_incremental_clip,SHOT-118-A,105,player,Team_A,1272.0,547.9,28.6,77.3,0.803
58,29.0,SNMOT-118_incremental_clip,SHOT-118-A,106,player,Team_A,583.9,601.3,26.9,79.8,0.847
58,29.0,SNMOT-118_incremental_clip,SHOT-118-A,107,player,Team_A,634.2,534.5,41.7,102.0,0.728
58,29.0,SNMOT-118_incremental_clip,SHOT-118-A,108,player,Team_A,936.2,608.7,29.9,107.7,0.868
58,29.0,SNMOT-118_incremental_clip,SHOT-118-A,109,player,Team_A,1484.7,643.7,34.3,102.0,0.819
58,29.0,SNMOT-118_incremental_clip,SHOT-118-A,110,player,Team_A,1094.9,786.7,40.8,90.8,0.804
58,29.0,SNMOT-118_incremental_clip,SHOT-118-A,111,goalkeeper,Team_A,47.8,592.5,41.6,89.6,0.789
58,29.0,SNMOT-118_incremental_clip,SHOT-118-A,201,player,Team_B,546.7,508.3,32.3,74.9,0.918
58,29.0,SNMOT-118_incremental_clip,SHOT-118-A,202,player,Team_B,1134.9,322.7,39.4,99.9,0.71
58,29.0,SNMOT-118_incremental_clip,SHOT-118-A,203,player,Team_B,402.0,626.8,33.5,86.1,0.925
58,29.0,SNMOT-118_incremental_clip,SHOT-118-A,204,player,Team_B,865.4,842.0,31.9,94.6,0.844
58,29.0,SNMOT-118_incremental_clip,SHOT-118-A,205,player,Team_B,1031.4,574.8,37.9,78.0,0.859
58,29.0,SNMOT-118_incremental_clip,SHOT-118-A,206,player,Team_B,1077.5,442.8,39.0,101.2,0.99
58,29.0,SNMOT-118_incremental_clip,SHOT-118-A,207,player,Team_B,228.6,398.3,41.2,96.9,0.904
58,29.0,SNMOT-118_incremental_clip,SHOT-118-A,208,player,Team_B,1351.1,584.5,40.7,72.0,0.79
58,29.0,SNMOT-118_incremental_clip,SHOT-118-A,209,player,Team_B,930.6,378.1,38.7,85.9,0.772
58,29.0,SNMOT-118_incremental_clip,SHOT-118-A,210,player,Team_B,1357.4,408.1,40.2,72.7,0.777
58,29.0,SNMOT-118_incremental_clip,SHOT-118-A,211,goalkeeper,Team_B,1798.8,581.7,39.6,104.6,0.83
58,29.0,SNMOT-118_incremental_clip,SHOT-118-A,300,referee,Referee,860.9,687.5,31.0,74.9,0.859
59,29.5,SNMOT-118_incremental_clip,SHOT-118-A,101,player,Team_A,1129.7,889.9,32.5,98.7,0.798
59,29.5,SNMOT-118_incremental_clip,SHOT-118-A,102,player,Team_A,1326.8,404.7,33.1,104.8,0.852
59,29.5,SNMOT-118_incremental_clip,SHOT-118-A,103,player,Team_A,590.2,780.8,35.1,76.7,0.8
59,29.5,SNMOT-118_incremental_clip,SHOT-118-A,104,player,Team_A,140.7,735.2,41.2,83.2,0.865
59,29.5,SNMOT-118_incremental_clip,SHOT-118-A,105,player,Team_A,1261.9,548.3,28.6,86.1,0.801
59,29.5,SNMOT-118_incremental_clip,SHOT-118-A,106,player,Team_A,574.1,592.4,32.5,86.1,0.936
59,29.5,SNMOT-118_incremental_clip,SHOT-118-A,107,player,Team_A,643.4,545.7,31.0,98.5,0.849
59,29.5,SNMOT-118_incremental_clip,SHOT-118-A,108,player,Team_A,930.3,625.5,37.2,77.3,0.85
59,29.5,SNMOT-118_incremental_clip,SHOT-118-A,109,player,Team_A,1487.2,649.6,41.5,93.7,0.937
59,29.5,SNMOT-118_incremental_clip,SHOT-118-A,110,player,Team_A,1084.5,780.8,36.7,96.0,0.834
59,29.5,SNMOT-118_incremental_clip,SHOT-118-A,111,goalkeeper,Team_A,55.0,589.7,31.4,95.4,0.736
59,29.5,SNMOT-118_incremental_clip,SHOT-118-A,202,player,Team_B,1147.1,329.3,29.3,100.5,0.708
59,29.5,SNMOT-118_incremental_clip,SHOT-118-A,203,player,Team_B,399.4,628.1,32.1,85.8,0.799
59,29.5,SNMOT-118_incremental_clip,SHOT-118-A,204,player,Team_B,859.1,854.6,37.2,75.3,0.955
59,29.5,SNMOT-118_incremental_clip,SHOT-118-A,205,player,Team_B,1020.1,555.5,29.9,107.9,0.917
59,29.5,SNMOT-118_incremental_clip,SHOT-118-A,206,player,Team_B,1083.1,451.4,26.4,86.4,0.931
59,29.5,SNMOT-118_incremental_clip,SHOT-118-A,207,player,Team_B,234.2,406.5,38.6,105.5,0.771
59,29.5,SNMOT-118_incremental_clip,SHOT-118-A,209,player,Team_B,944.7,383.6,27.8,76.5,0.937
59,29.5,SNMOT-118_incremental_clip,SHOT-118-A,210,player,Team_B,1376.1,400.9,41.1,99.9,0.876
59,29.5,SNMOT-118_incremental_clip,SHOT-118-A,211,goalkeeper,Team_B,1805.8,584.4,26.3,105.5,0.78
59,29.5,SNMOT-118_incremental_clip,SHOT-118-A,300,referee,Referee,861.6,676.5,28.4,85.3,0.851
59,29.5,SNMOT-118_incremental_clip,SHOT-118-A,999,ball,N/A,686.8,460.0,12.2,12.8,0.673
60,30.0,SNMOT-118_incremental_clip,SHOT-118-A,101,player,Team_A,1116.2,894.0,28.6,103.2,0.886
60,30.0,SNMOT-118_incremental_clip,SHOT-118-A,102,player,Team_A,1321.0,422.0,34.1,76.7,0.748
60,30.0,SNMOT-118_incremental_clip,SHOT-118-A,103,player,Team_A,597.7,761.7,40.4,106.7,0.831
60,30.0,SNMOT-118_incremental_clip,SHOT-118-A,104,player,Team_A,153.6,735.8,37.8,96.1,0.894
60,30.0,SNMOT-118_incremental_clip,SHOT-118-A,105,player,Team_A,1268.4,574.7,41.9,73.1,0.824
60,30.0,SNMOT-118_incremental_clip,SHOT-118-A,106,player,Team_A,562.1,591.7,39.9,94.5,0.863
60,30.0,SNMOT-118_incremental_clip,SHOT-118-A,107,player,Team_A,648.5,559.6,32.2,87.3,0.711
60,30.0,SNMOT-118_incremental_clip,SHOT-118-A,108,player,Team_A,929.6,634.3,31.5,77.2,0.699
60,30.0,SNMOT-118_incremental_clip,SHOT-118-A,109,player,Team_A,1496.7,664.9,37.1,81.3,0.913
60,30.0,SNMOT-118_incremental_clip,SHOT-118-A,110,player,Team_A,1078.0,772.9,30.7,106.4,0.864
60,30.0,SNMOT-118_incremental_clip,SHOT-118-A,111,goalkeeper,Team_A,55.9,583.0,27.6,105.2,0.84
60,30.0,SNMOT-118_incremental_clip,SHOT-118-A,201,player,Team_B,534.6,501.2,32.1,105.7,0.93
60,30.0,SNMOT-118_incremental_clip,SHOT-118-A,203,player,Team_B,413.3,606.1,40.4,104.5,0.907
60,30.0,SNMOT-118_incremental_clip,SHOT-118-A,204,player,Team_B,861.5,849.4,35.1,90.4,0.709
60,30.0,SNMOT-118_incremental_clip,SHOT-118-A,205,player,Team_B,1016.3,559.1,31.6,87.9,0.891
60,30.0,SNMOT-118_incremental_clip,SHOT-118-A,206,player,Team_B,1086.9,431.2,38.0,86.1,0.738
60,30.0,SNMOT-118_incremental_clip,SHOT-118-A,207,player,Team_B,244.1,425.2,28.3,87.8,0.93
60,30.0,SNMOT-118_incremental_clip,SHOT-118-A,208,player,Team_B,1368.3,558.7,38.1,99.6,0.87
60,30.0,SNMOT-118_incremental_clip,SHOT-118-A,209,player,Team_B,940.1,387.7,28.6,81.8,0.801
60,30.0,SNMOT-118_incremental_clip,SHOT-118-A,210,player,Team_B,1381.6,385.6,26.0,94.9,0.89
60,30.0,SNMOT-118_incremental_clip,SHOT-118-A,211,goalkeeper,Team_B,1802.1,588.7,34.9,92.9,0.99
60,30.0,SNMOT-118_incremental_clip,SHOT-118-A,300,referee,Referee,857.5,675.2,26.0,89.6,0.726
60,30.0,SNMOT-118_incremental_clip,SHOT-118-A,999,ball,N/A,721.2,484.2,9.0,10.0,0.93
