frame_id,timestamp_sec,source_clip_id,shot_id,track_id,class,team,bb_left,bb_top,bb_width,bb_height,confidence
1,0.5,SNMOT-060_baseline_excerpt,SHOT-060-A,101,player,Team_A,1293.7,576.9,38.9,85.9,0.87
1,0.5,SNMOT-060_baseline_excerpt,SHOT-060-A,102,player,Team_A,1423.2,706.4,26.1,100.3,0.907
1,0.5,SNMOT-060_baseline_excerpt,SHOT-060-A,103,player,Team_A,297.0,863.4,35.1,77.0,0.985
1,0.5,SNMOT-060_baseline_excerpt,SHOT-060-A,104,player,Team_A,1261.1,763.8,38.2,94.8,0.903
1,0.5,SNMOT-060_baseline_excerpt,SHOT-060-A,106,player,Team_A,702.0,846.0,39.7,80.4,0.767
1,0.5,SNMOT-060_baseline_excerpt,SHOT-060-A,107,player,Team_A,1106.2,773.5,34.9,100.2,0.906
1,0.5,SNMOT-060_baseline_excerpt,SHOT-060-A,108,player,Team_A,814.6,467.2,26.4,75.2,0.742
1,0.5,SNMOT-060_baseline_excerpt,SHOT-060-A,109,player,Team_A,980.8,359.7,28.4,97.1,0.91
1,0.5,SNMOT-060_baseline_excerpt,SHOT-060-A,110,player,Team_A,1367.0,677.7,31.8,75.2,0.731
1,0.5,SNMOT-060_baseline_excerpt,SHOT-060-A,111,goalkeeper,Team_A,97.1,541.8,30.3,106.9,0.818
1,0.5,SNMOT-060_baseline_excerpt,SHOT-060-A,201,player,Team_B,1372.5,508.8,27.5,104.5,0.926
1,0.5,SNMOT-060_baseline_excerpt,SHOT-060-A,202,player,Team_B,1655.8,812.8,28.8,102.8,0.856
1,0.5,SNMOT-060_baseline_excerpt,SHOT-060-A,203,player,Team_B,1386.4,437.5,35.3,95.4,0.758
1,0.5,SNMOT-060_baseline_excerpt,SHOT-060-A,204,player,Team_B,946.1,365.0,31.3,77.2,0.982
1,0.5,SNMOT-060_baseline_excerpt,SHOT-060-A,205,player,Team_B,481.8,698.8,35.3,84.5,0.907
1,0.5,SNMOT-060_baseline_excerpt,SHOT-060-A,206,player,Team_B,1339.2,849.7,38.5,75.0,0.99
1,0.5,SNMOT-060_baseline_excerpt,SHOT-060-A,207,player,Team_B,766.6,541.0,33.6,81.6,0.777
1,0.5,SNMOT-060_baseline_excerpt,SHOT-060-A,209,player,Team_B,467.2,598.3,34.9,75.9,0.806
1,0.5,SNMOT-060_baseline_excerpt,SHOT-060-A,210,player,Team_B,600.4,703.1,27.7,105.0,0.743
1,0.5,SNMOT-060_baseline_excerpt,SHOT-060-A,211,goalkeeper,Team_B,1782.3,541.3,39.3,101.1,0.769
1,0.5,SNMOT-060_baseline_excerpt,SHOT-060-A,300,referee,Referee,955.1,552.2,26.6,90.5,0.846
1,0.5,SNMOT-060_baseline_excerpt,SHOT-060-A,999,ball,N/A,941.9,556.3,12.5,11.7,0.642
2,1.0,SNMOT-060_baseline_excerpt,SHOT-060-A,101,player,Team_A,1292.9,574.5,38.4,95.8,0.95
2,1.0,SNMOT-060_baseline_excerpt,SHOT-060-A,102,player,Team_A,1419.6,730.1,41.0,80.7,0.99
2,1.0,SNMOT-060_baseline_excerpt,SHOT-060-A,103,player,Team_A,312.2,848.6,35.6,103.5,0.976
2,1.0,SNMOT-060_baseline_excerpt,SHOT-060-A,104,player,Team_A,1255.2,778.4,34.0,77.2,0.88
2,1.0,SNMOT-060_baseline_excerpt,SHOT-060-A,105,player,Team_A,381.6,584.0,27.9,90.2,0.774
2,1.0,SNMOT-060_baseline_excerpt,SHOT-060-A,106,player,Team_A,692.1,829.0,37.4,98.6,0.853
2,1.0,SNMOT-060_baseline_excerpt,SHOT-060-A,107,player,Team_A,1101.0,767.4,36.6,106.4,0.836
2,1.0,SNMOT-060_baseline_excerpt,SHOT-060-A,108,player,Team_A,803.4,464.9,36.1,75.8,0.858
2,1.0,SNMOT-060_baseline_excerpt,SHOT-060-A,109,player,Team_A,976.6,380.4,40.9,101.0,0.718
2,1.0,SNMOT-060_baseline_excerpt,SHOT-060-A,110,player,Team_A,1358.0,667.8,39.3,100.7,0.657
2,1.0,SNMOT-060_baseline_excerpt,SHOT-060-A,111,goalkeeper,Team_A,93.9,548.6,35.6,86.9,0.771
2,1.0,SNMOT-060_baseline_excerpt,SHOT-060-A,201,player,Team_B,1370.5,505.0,30.0,80.5,0.751
2,1.0,SNMOT-060_baseline_excerpt,SHOT-060-A,202,player,Team_B,1669.0,851.7,35.5,77.3,0.99
2,1.0,SNMOT-060_baseline_excerpt,SHOT-060-A,203,player,Team_B,1380.9,441.9,28.6,82.2,0.838
2,1.0,SNMOT-060_baseline_excerpt,SHOT-060-A,204,player,Team_B,934.9,364.5,28.8,73.9,0.892
2,1.0,SNMOT-060_baseline_excerpt,SHOT-060-A,205,player,Team_B,491.6,690.7,34.1,103.5,0.785
2,1.0,SNMOT-060_baseline_excerpt,SHOT-060-A,206,player,Team_B,1343.7,842.8,35.1,87.0,0.781
2,1.0,SNMOT-060_baseline_excerpt,SHOT-060-A,207,player,Team_B,753.0,554.7,40.8,75.6,0.933
2,1.0,SNMOT-060_baseline_excerpt,SHOT-060-A,208,player,Team_B,945.3,417.2,38.5,95.1,0.824
2,1.0,SNMOT-060_baseline_excerpt,SHOT-060-A,209,player,Team_B,463.9,589.7,39.7,88.7,0.829
2,1.0,SNMOT-060_baseline_excerpt,SHOT-060-A,210,player,Team_B,599.0,714.8,33.6,87.0,0.99
2,1.0,SNMOT-060_baseline_excerpt,SHOT-060-A,211,goalkeeper,Team_B,1781.3,546.1,32.1,96.7,0.82
2,1.0,SNMOT-060_baseline_excerpt,SHOT-060-A,300,referee,Referee,966.4,562.3,27.3,80.9,0.95
2,1.0,SNMOT-060_baseline_excerpt,SHOT-060-A,999,ball,N/A,954.0,578.9,11.2,9.4,0.759
3,1.5,SNMOT-060_baseline_excerpt,SHOT-060-A,101,player,Team_A,1287.5,582.4,28.1,94.1,0.918
3,1.5,SNMOT-060_baseline_excerpt,SHOT-060-A,102,player,Team_A,1442.4,723.7,28.2,106.5,0.803
3,1.5,SNMOT-060_baseline_excerpt,SHOT-060-A,103,player,Team_A,323.0,865.5,41.1,81.1,0.741
3,1.5,SNMOT-060_baseline_excerpt,SHOT-060-A,104,player,Team_A,1248.6,775.4,35.2,88.8,0.877
3,1.5,SNMOT-060_baseline_excerpt,SHOT-060-A,105,player,Team_A,378.4,580.1,35.6,105.5,0.903
3,1.5,SNMOT-060_baseline_excerpt,SHOT-060-A,106,player,Team_A,680.2,841.6,32.7,99.9,0.923
3,1.5,SNMOT-060_baseline_excerpt,SHOT-060-A,107,player,Team_A,1113.7,780.2,30.3,85.1,0.837
3,1.5,SNMOT-060_baseline_excerpt,SHOT-060-A,108,player,Team_A,803.6,463.4,33.0,85.8,0.983
3,1.5,SNMOT-060_baseline_excerpt,SHOT-060-A,109,player,Team_A,973.5,380.7,33.7,85.5,0.97
3,1.5,SNMOT-060_baseline_excerpt,SHOT-060-A,110,player,Team_A,1365.5,678.2,39.6,94.9,0.67
3,1.5,SNMOT-060_baseline_excerpt,SHOT-060-A,201,player,Team_B,1380.6,486.8,33.3,87.9,0.89
3,1.5,SNMOT-060_baseline_excerpt,SHOT-060-A,202,player,Team_B,1670.5,841.0,42.0,103.7,0.808
3,1.5,SNMOT-060_baseline_excerpt,SHOT-060-A,203,player,Team_B,1381.0,441.6,36.7,95.4,0.918
3,1.5,SNMOT-060_baseline_excerpt,SHOT-060-A,204,player,Team_B,937.2,356.3,28.3,100.0,0.924
3,1.5,SNMOT-060_baseline_excerpt,SHOT-060-A,206,player,Team_B,1340.8,853.5,38.8,80.6,0.64
3,1.5,SNMOT-060_baseline_excerpt,SHOT-060-A,207,player,Team_B,748.1,550.7,38.4,97.1,0.969
3,1.5,SNMOT-060_baseline_excerpt,SHOT-060-A,208,player,Team_B,944.1,438.2,39.6,77.6,0.717
3,1.5,SNMOT-060_baseline_excerpt,SHOT-060-A,209,player,Team_B,454.9,583.8,41.7,94.0,0.885
3,1.5,SNMOT-060_baseline_excerpt,SHOT-060-A,210,player,Team_B,587.8,723.4,37.4,78.2,0.796
3,1.5,SNMOT-060_baseline_excerpt,SHOT-060-A,211,goalkeeper,Team_B,1776.4,543.8,38.5,94.9,0.88
3,1.5,SNMOT-060_baseline_excerpt,SHOT-060-A,300,referee,Referee,968.5,572.2,29.8,84.8,0.783
3,1.5,SNMOT-060_baseline_excerpt,SHOT-060-A,999,ball,N/A,983.6,588.4,10.0,10.4,0.911
4,2.0,SNMOT-060_baseline_excerpt,SHOT-060-A,101,player,Team_A,1285.7,583.9,32.8,94.0,0.848
4,2.0,SNMOT-060_baseline_excerpt,SHOT-060-A,102,player,Team_A,1441.6,727.8,35.4,83.4,0.809
4,2.0,SNMOT-060_baseline_excerpt,SHOT-060-A,103,player,Team_A,323.4,877.3,35.2,92.4,0.813
4,2.0,SNMOT-060_baseline_excerpt,SHOT-060-A,104,player,Team_A,1244.3,775.6,38.6,91.8,0.747
4,2.0,SNMOT-060_baseline_excerpt,SHOT-060-A,105,player,Team_A,377.4,604.3,37.8,103.9,0.902
4,2.0,SNMOT-060_baseline_excerpt,SHOT-060-A,106,player,Team_A,680.6,838.9,31.0,102.1,0.91
4,2.0,SNMOT-060_baseline_excerpt,SHOT-060-A,107,player,Team_A,1123.0,786.9,31.3,78.2,0.934
4,2.0,SNMOT-060_baseline_excerpt,SHOT-060-A,108,player,Team_A,783.8,460.5,39.7,85.4,0.931
4,2.0,SNMOT-060_baseline_excerpt,SHOT-060-A,109,player,Team_A,963.2,356.1,41.3,107.8,0.889
4,2.0,SNMOT-060_baseline_excerpt,SHOT-060-A,110,player,Team_A,1364.2,682.4,32.2,95.1,0.842
4,2.0,SNMOT-060_baseline_excerpt,SHOT-060-A,111,goalkeeper,Team_A,104.6,540.6,28.7,102.1,0.99
4,2.0,SNMOT-060_baseline_excerpt,SHOT-060-A,201,player,Team_B,1374.4,478.7,28.3,88.1,0.81
4,2.0,SNMOT-060_baseline_excerpt,SHOT-060-A,202,player,Team_B,1687.8,855.3,33.5,77.4,0.765
4,2.0,SNMOT-060_baseline_excerpt,SHOT-060-A,203,player,Team_B,1380.0,448.6,30.7,89.6,0.953
4,2.0,SNMOT-060_baseline_excerpt,SHOT-060-A,204,player,Team_B,910.1,351.7,39.5,95.0,0.834
4,2.0,SNMOT-060_baseline_excerpt,SHOT-060-A,205,player,Team_B,486.8,700.0,31.9,91.4,0.91
4,2.0,SNMOT-060_baseline_excerpt,SHOT-060-A,206,player,Team_B,1343.9,853.7,39.6,90.2,0.822
4,2.0,SNMOT-060_baseline_excerpt,SHOT-060-A,207,player,Team_B,743.5,544.4,34.0,91.1,0.77
4,2.0,SNMOT-060_baseline_excerpt,SHOT-060-A,208,player,Team_B,948.8,437.9,28.8,84.2,0.917
4,2.0,SNMOT-060_baseline_excerpt,SHOT-060-A,209,player,Team_B,458.9,578.2,30.9,93.5,0.844
4,2.0,SNMOT-060_baseline_excerpt,SHOT-060-A,210,player,Team_B,588.0,707.3,41.7,94.3,0.962
4,2.0,SNMOT-060_baseline_excerpt,SHOT-060-A,211,goalkeeper,Team_B,1774.2,542.2,41.4,100.2,0.754
4,2.0,SNMOT-060_baseline_excerpt,SHOT-060-A,300,referee,Referee,975.0,590.7,29.5,83.7,0.939
4,2.0,SNMOT-060_baseline_excerpt,SHOT-060-A,999,ball,N/A,950.9,595.2,11.7,9.7,0.389
5,2.5,SNMOT-060_baseline_excerpt,SHOT-060-A,101,player,Team_A,1269.7,582.8,41.8,88.7,0.69
5,2.5,SNMOT-060_baseline_excerpt,SHOT-060-A,102,player,Team_A,1446.5,713.9,34.9,100.9,0.899
5,2.5,SNMOT-060_baseline_excerpt,SHOT-060-A,103,player,Team_A,334.5,889.6,26.8,75.9,0.871
5,2.5,SNMOT-060_baseline_excerpt,SHOT-060-A,104,player,Team_A,1231.9,775.1,37.8,100.8,0.872
5,2.5,SNMOT-060_baseline_excerpt,SHOT-060-A,105,player,Team_A,377.7,624.1,26.1,90.5,0.794
5,2.5,SNMOT-060_baseline_excerpt,SHOT-060-A,106,player,Team_A,681.9,844.9,36.7,80.6,0.633
5,2.5,SNMOT-060_baseline_excerpt,SHOT-060-A,107,player,Team_A,1135.4,805.8,35.4,86.3,0.824
5,2.5,SNMOT-060_baseline_excerpt,SHOT-060-A,108,player,Team_A,786.2,444.3,31.5,97.8,0.913
5,2.5,SNMOT-060_baseline_excerpt,SHOT-060-A,109,player,Team_A,988.3,365.2,28.2,92.7,0.694
5,2.5,SNMOT-060_baseline_excerpt,SHOT-060-A,110,player,Team_A,1367.7,683.8,28.1,85.2,0.751
5,2.5,SNMOT-060_baseline_excerpt,SHOT-060-A,111,goalkeeper,Team_A,102.6,550.5,36.2,84.4,0.821
5,2.5,SNMOT-060_baseline_excerpt,SHOT-060-A,201,player,Team_B,1358.0,470.5,30.6,104.3,0.696
5,2.5,SNMOT-060_baseline_excerpt,SHOT-060-A,202,player,Team_B,1671.1,851.7,37.9,93.3,0.875
5,2.5,SNMOT-060_baseline_excerpt,SHOT-060-A,203,player,Team_B,1374.7,429.8,28.5,103.5,0.885
5,2.5,SNMOT-060_baseline_excerpt,SHOT-060-A,204,player,Team_B,917.1,358.1,33.0,89.1,0.963
5,2.5,SNMOT-060_baseline_excerpt,SHOT-060-A,205,player,Team_B,480.6,704.0,35.0,75.7,0.809
5,2.5,SNMOT-060_baseline_excerpt,SHOT-060-A,206,player,Team_B,1346.6,848.4,26.6,106.6,0.776
5,2.5,SNMOT-060_baseline_excerpt,SHOT-060-A,207,player,Team_B,736.8,523.8,33.3,90.6,0.95
5,2.5,SNMOT-060_baseline_excerpt,SHOT-060-A,208,player,Team_B,947.6,422.2,27.0,97.1,0.768
5,2.5,SNMOT-060_baseline_excerpt,SHOT-060-A,209,player,Team_B,466.3,584.9,26.0,76.0,0.757
5,2.5,SNMOT-060_baseline_excerpt,SHOT-060-A,210,player,Team_B,593.1,708.8,31.3,87.5,0.818
5,2.5,SNMOT-060_baseline_excerpt,SHOT-060-A,211,goalkeeper,Team_B,1776.9,547.4,29.9,89.3,0.767
5,2.5,SNMOT-060_baseline_excerpt,SHOT-060-A,300,referee,Referee,990.7,595.6,24.5,79.1,0.846
6,3.0,SNMOT-060_baseline_excerpt,SHOT-060-A,101,player,Team_A,1279.9,590.6,26.5,76.0,0.648
6,3.0,SNMOT-060_baseline_excerpt,SHOT-060-A,102,player,Team_A,1453.2,738.9,39.6,72.2,0.934
6,3.0,SNMOT-060_baseline_excerpt,SHOT-060-A,103,player,Team_A,344.2,891.6,39.7,81.2,0.823
6,3.0,SNMOT-060_baseline_excerpt,SHOT-060-A,104,player,Team_A,1225.8,793.3,31.8,101.3,0.927
6,3.0,SNMOT-060_baseline_excerpt,SHOT-060-A,105,player,Team_A,380.2,631.6,32.6,83.4,0.907
6,3.0,SNMOT-060_baseline_excerpt,SHOT-060-A,107,player,Team_A,1129.3,795.7,37.8,83.4,0.873
6,3.0,SNMOT-060_baseline_excerpt,SHOT-060-A,108,player,Team_A,795.5,454.2,37.1,78.2,0.855
6,3.0,SNMOT-060_baseline_excerpt,SHOT-060-A,110,player,Team_A,1377.7,682.6,40.4,103.7,0.832
6,3.0,SNMOT-060_baseline_excerpt,SHOT-060-A,111,goalkeeper,Team_A,99.7,550.9,35.5,82.6,0.885
6,3.0,SNMOT-060_baseline_excerpt,SHOT-060-A,201,player,Team_B,1342.3,469.8,29.7,103.5,0.854
6,3.0,SNMOT-060_baseline_excerpt,SHOT-060-A,202,player,Team_B,1664.0,839.5,36.8,98.1,0.949
6,3.0,SNMOT-060_baseline_excerpt,SHOT-060-A,203,player,Team_B,1370.6,434.1,34.2,72.4,0.798
6,3.0,SNMOT-060_baseline_excerpt,SHOT-060-A,204,player,Team_B,915.8,355.0,40.2,86.2,0.872
6,3.0,SNMOT-060_baseline_excerpt,SHOT-060-A,205,player,Team_B,485.9,680.1,29.2,102.9,0.879
6,3.0,SNMOT-060_baseline_excerpt,SHOT-060-A,206,player,Team_B,1329.4,839.8,40.1,85.6,0.839
6,3.0,SNMOT-060_baseline_excerpt,SHOT-060-A,207,player,Team_B,746.8,507.1,35.1,75.8,0.816
6,3.0,SNMOT-060_baseline_excerpt,SHOT-060-A,208,player,Team_B,939.6,413.3,29.3,98.8,0.82
6,3.0,SNMOT-060_baseline_excerpt,SHOT-060-A,209,player,Team_B,476.4,580.2,40.2,86.2,0.883
6,3.0,SNMOT-060_baseline_excerpt,SHOT-060-A,210,player,Team_B,619.5,707.4,35.6,105.7,0.806
6,3.0,SNMOT-060_baseline_excerpt,SHOT-060-A,211,goalkeeper,Team_B,1780.6,553.2,28.1,77.9,0.888
6,3.0,SNMOT-060_baseline_excerpt,SHOT-060-A,300,referee,Referee,973.0,598.1,25.0,86.1,0.817
7,3.5,SNMOT-060_baseline_excerpt,SHOT-060-A,101,player,Team_A,1276.1,578.6,26.7,89.3,0.915
7,3.5,SNMOT-060_baseline_excerpt,SHOT-060-A,102,player,Team_A,1458.5,716.6,30.0,82.6,0.841
7,3.5,SNMOT-060_baseline_excerpt,SHOT-060-A,103,player,Team_A,342.9,881.1,41.7,106.3,0.752
7,3.5,SNMOT-060_baseline_excerpt,SHOT-060-A,104,player,Team_A,1230.5,803.9,27.6,102.4,0.775
7,3.5,SNMOT-060_baseline_excerpt,SHOT-060-A,105,player,Team_A,377.2,618.3,28.6,102.7,0.789
7,3.5,SNMOT-060_baseline_excerpt,SHOT-060-A,106,player,Team_A,679.4,823.8,32.5,99.4,0.837
7,3.5,SNMOT-060_baseline_excerpt,SHOT-060-A,107,player,Team_A,1142.3,794.0,40.3,75.6,0.856
7,3.5,SNMOT-060_baseline_excerpt,SHOT-060-A,108,player,Team_A,787.8,446.1,33.2,80.8,0.939
7,3.5,SNMOT-060_baseline_excerpt,SHOT-060-A,109,player,Team_A,986.1,383.6,30.0,80.8,0.821
7,3.5,SNMOT-060_baseline_excerpt,SHOT-060-A,110,player,Team_A,1373.0,690.7,34.3,89.7,0.835
7,3.5,SNMOT-060_baseline_excerpt,SHOT-060-A,111,goalkeeper,Team_A,104.7,538.3,28.0,106.3,0.955
7,3.5,SNMOT-060_baseline_excerpt,SHOT-060-A,201,player,Team_B,1357.3,483.8,29.3,81.1,0.935
7,3.5,SNMOT-060_baseline_excerpt,SHOT-060-A,202,player,Team_B,1672.4,846.1,35.7,88.7,0.876
7,3.5,SNMOT-060_baseline_excerpt,SHOT-060-A,203,player,Team_B,1365.0,424.0,39.1,98.7,0.695
7,3.5,SNMOT-060_baseline_excerpt,SHOT-060-A,204,player,Team_B,926.6,360.3,26.8,84.3,0.806
7,3.5,SNMOT-060_baseline_excerpt,SHOT-060-A,205,player,Team_B,506.0,678.9,29.4,105.3,0.76
7,3.5,SNMOT-060_baseline_excerpt,SHOT-060-A,206,player,Team_B,1333.2,845.2,30.5,74.2,0.933
7,3.5,SNMOT-060_baseline_excerpt,SHOT-060-A,207,player,Team_B,748.6,489.9,32.3,105.2,0.76
7,3.5,SNMOT-060_baseline_excerpt,SHOT-060-A,208,player,Team_B,927.1,428.1,35.6,89.0,0.892
7,3.5,SNMOT-060_baseline_excerpt,SHOT-060-A,209,player,Team_B,462.9,588.6,39.5,73.4,0.724
7,3.5,SNMOT-060_baseline_excerpt,SHOT-060-A,210,player,Team_B,624.9,704.4,30.8,106.1,0.99
7,3.5,SNMOT-060_baseline_excerpt,SHOT-060-A,211,goalkeeper,Team_B,1779.8,546.6,37.5,90.3,0.862
7,3.5,SNMOT-060_baseline_excerpt,SHOT-060-A,300,referee,Referee,978.9,601.3,28.1,78.6,0.81
7,3.5,SNMOT-060_baseline_excerpt,SHOT-060-A,999,ball,N/A,943.5,649.4,11.3,8.1,0.447
8,4.0,SNMOT-060_baseline_excerpt,SHOT-060-A,101,player,Team_A,1287.5,570.8,29.9,96.0,0.855
8,4.0,SNMOT-060_baseline_excerpt,SHOT-060-A,102,player,Team_A,1452.7,702.5,36.8,104.8,0.887
8,4.0,SNMOT-060_baseline_excerpt,SHOT-060-A,103,player,Team_A,351.4,874.7,35.8,81.2,0.85
8,4.0,SNMOT-060_baseline_excerpt,SHOT-060-A,104,player,Team_A,1235.2,829.4,37.0,72.8,0.802
8,4.0,SNMOT-060_baseline_excerpt,SHOT-060-A,105,player,Team_A,371.0,627.1,41.0,102.7,0.764
8,4.0,SNMOT-060_baseline_excerpt,SHOT-060-A,106,player,Team_A,688.7,839.4,31.3,80.8,0.802
8,4.0,SNMOT-060_baseline_excerpt,SHOT-060-A,107,player,Team_A,1148.4,773.5,37.9,99.5,0.86
8,4.0,SNMOT-060_baseline_excerpt,SHOT-060-A,108,player,Team_A,808.2,433.0,36.3,82.4,0.861
8,4.0,SNMOT-060_baseline_excerpt,SHOT-060-A,109,player,Team_A,985.5,371.1,39.1,103.0,0.792
8,4.0,SNMOT-060_baseline_excerpt,SHOT-060-A,110,player,Team_A,1369.9,687.4,39.4,77.0,0.832
8,4.0,SNMOT-060_baseline_excerpt,SHOT-060-A,111,goalkeeper,Team_A,100.8,552.0,29.1,77.5,0.969
8,4.0,SNMOT-060_baseline_excerpt,SHOT-060-A,201,player,Team_B,1383.7,480.6,27.1,77.0,0.889
8,4.0,SNMOT-060_baseline_excerpt,SHOT-060-A,202,player,Team_B,1676.9,840.5,27.8,102.0,0.909
8,4.0,SNMOT-060_baseline_excerpt,SHOT-060-A,203,player,Team_B,1363.5,420.2,37.0,95.5,0.791
8,4.0,SNMOT-060_baseline_excerpt,SHOT-060-A,204,player,Team_B,930.2,374.9,41.6,83.5,0.952
8,4.0,SNMOT-060_baseline_excerpt,SHOT-060-A,205,player,Team_B,510.4,686.8,31.7,100.3,0.728
8,4.0,SNMOT-060_baseline_excerpt,SHOT-060-A,206,player,Team_B,1322.3,843.6,38.0,100.9,0.746
8,4.0,SNMOT-060_baseline_excerpt,SHOT-060-A,207,player,Team_B,748.8,504.6,27.5,77.5,0.882
8,4.0,SNMOT-060_baseline_excerpt,SHOT-060-A,210,player,Team_B,623.7,721.9,28.3,103.0,0.77
8,4.0,SNMOT-060_baseline_excerpt,SHOT-060-A,211,goalkeeper,Team_B,1781.6,540.4,32.3,98.6,0.856
8,4.0,SNMOT-060_baseline_excerpt,SHOT-060-A,300,referee,Referee,978.9,601.4,28.6,76.8,0.65
9,4.5,SNMOT-060_baseline_excerpt,SHOT-060-A,101,player,Team_A,1287.1,572.1,39.2,86.3,0.937
9,4.5,SNMOT-060_baseline_excerpt,SHOT-060-A,102,player,Team_A,1457.4,698.1,32.3,103.5,0.983
9,4.5,SNMOT-060_baseline_excerpt,SHOT-060-A,103,player,Team_A,329.0,861.3,36.5,82.4,0.714
9,4.5,SNMOT-060_baseline_excerpt,SHOT-060-A,104,player,Team_A,1226.1,821.6,37.4,73.0,0.817
9,4.5,SNMOT-060_baseline_excerpt,SHOT-060-A,105,player,Team_A,364.8,611.7,32.7,99.3,0.706
9,4.5,SNMOT-060_baseline_excerpt,SHOT-060-A,106,player,Team_A,680.4,839.4,34.4,83.3,0.927
9,4.5,SNMOT-060_baseline_excerpt,SHOT-060-A,108,player,Team_A,799.6,419.3,28.8,104.0,0.988
9,4.5,SNMOT-060_baseline_excerpt,SHOT-060-A,109,player,Team_A,999.4,373.7,29.4,93.1,0.739
9,4.5,SNMOT-060_baseline_excerpt,SHOT-060-A,110,player,Team_A,1366.6,695.6,29.3,87.2,0.888
9,4.5,SNMOT-060_baseline_excerpt,SHOT-060-A,111,goalkeeper,Team_A,99.1,551.8,31.8,74.0,0.99
9,4.5,SNMOT-060_baseline_excerpt,SHOT-060-A,201,player,Team_B,1379.9,474.3,40.2,105.5,0.611
9,4.5,SNMOT-060_baseline_excerpt,SHOT-060-A,202,player,Team_B,1664.4,823.9,28.0,102.7,0.846
9,4.5,SNMOT-060_baseline_excerpt,SHOT-060-A,203,player,Team_B,1380.3,428.5,26.7,86.4,0.916
9,4.5,SNMOT-060_baseline_excerpt,SHOT-060-A,204,player,Team_B,931.4,368.1,28.7,107.2,0.743
9,4.5,SNMOT-060_baseline_excerpt,SHOT-060-A,205,player,Team_B,513.0,698.1,28.0,83.6,0.906
9,4.5,SNMOT-060_baseline_excerpt,SHOT-060-A,206,player,Team_B,1339.4,862.1,31.7,86.7,0.944
9,4.5,SNMOT-060_baseline_excerpt,SHOT-060-A,207,player,Team_B,747.0,497.8,32.3,83.9,0.937
9,4.5,SNMOT-060_baseline_excerpt,SHOT-060-A,208,player,Team_B,932.2,427.7,34.9,83.5,0.92
9,4.5,SNMOT-060_baseline_excerpt,SHOT-060-A,209,player,Team_B,456.8,595.9,37.6,86.0,0.922
9,4.5,SNMOT-060_baseline_excerpt,SHOT-060-A,210,player,Team_B,614.3,720.3,39.2,105.4,0.909
9,4.5,SNMOT-060_baseline_excerpt,SHOT-060-A,211,goalkeeper,Team_B,1783.4,541.7,32.3,105.3,0.794
9,4.5,SNMOT-060_baseline_excerpt,SHOT-060-A,300,referee,Referee,978.6,600.1,29.6,68.6,0.905
9,4.5,SNMOT-060_baseline_excerpt,SHOT-060-A,999,ball,N/A,874.5,595.4,8.0,11.9,0.434
10,5.0,SNMOT-060_baseline_excerpt,SHOT-060-A,101,player,Team_A,1291.3,594.5,30.3,77.8,0.814
10,5.0,SNMOT-060_baseline_excerpt,SHOT-060-A,102,player,Team_A,1433.6,700.8,41.4,102.8,0.746
10,5.0,SNMOT-060_baseline_excerpt,SHOT-060-A,103,player,Team_A,324.8,852.4,27.6,101.2,0.918
10,5.0,SNMOT-060_baseline_excerpt,SHOT-060-A,104,player,Team_A,1226.1,793.1,32.8,85.3,0.819
10,5.0,SNMOT-060_baseline_excerpt,SHOT-060-A,105,player,Team_A,355.2,627.1,30.6,82.9,0.99
10,5.0,SNMOT-060_baseline_excerpt,SHOT-060-A,106,player,Team_A,677.2,845.5,37.0,77.9,0.8
10,5.0,SNMOT-060_baseline_excerpt,SHOT-060-A,108,player,Team_A,808.6,434.6,28.2,78.8,0.681
10,5.0,SNMOT-060_baseline_excerpt,SHOT-060-A,109,player,Team_A,985.0,374.6,38.9,107.1,0.892
10,5.0,SNMOT-060_baseline_excerpt,SHOT-060-A,110,player,Team_A,1370.7,719.9,32.9,87.5,0.89
10,5.0,SNMOT-060_baseline_excerpt,SHOT-060-A,111,goalkeeper,Team_A,100.1,537.0,26.6,97.4,0.932
10,5.0,SNMOT-060_baseline_excerpt,SHOT-060-A,201,player,Team_B,1379.3,486.6,39.4,76.2,0.915
10,5.0,SNMOT-060_baseline_excerpt,SHOT-060-A,202,player,Team_B,1675.3,833.2,40.7,92.4,0.827
10,5.0,SNMOT-060_baseline_excerpt,SHOT-060-A,203,player,Team_B,1374.7,440.5,31.0,78.8,0.884
10,5.0,SNMOT-060_baseline_excerpt,SHOT-060-A,204,player,Team_B,917.0,382.7,37.3,101.9,0.925
10,5.0,SNMOT-060_baseline_excerpt,SHOT-060-A,205,player,Team_B,511.3,679.6,38.7,91.6,0.866
10,5.0,SNMOT-060_baseline_excerpt,SHOT-060-A,206,player,Team_B,1341.0,874.5,33.7,88.4,0.835
10,5.0,SNMOT-060_baseline_excerpt,SHOT-060-A,207,player,Team_B,733.8,490.5,27.2,100.1,0.768
10,5.0,SNMOT-060_baseline_excerpt,SHOT-060-A,209,player,Team_B,465.0,576.7,29.5,90.6,0.902
10,5.0,SNMOT-060_baseline_excerpt,SHOT-060-A,211,goalkeeper,Team_B,1781.4,540.4,35.1,104.8,0.909
10,5.0,SNMOT-060_baseline_excerpt,SHOT-060-A,300,referee,Referee,978.3,594.6,30.2,88.7,0.911
11,5.5,SNMOT-060_baseline_excerpt,SHOT-060-A,101,player,Team_A,1296.3,596.4,38.3,91.5,0.885
11,5.5,SNMOT-060_baseline_excerpt,SHOT-060-A,102,player,Team_A,1450.5,713.7,33.0,80.2,0.909
11,5.5,SNMOT-060_baseline_excerpt,SHOT-060-A,103,player,Team_A,331.4,855.6,27.7,89.9,0.871
11,5.5,SNMOT-060_baseline_excerpt,SHOT-060-A,104,player,Team_A,1224.9,787.2,33.8,89.2,0.79
11,5.5,SNMOT-060_baseline_excerpt,SHOT-060-A,105,player,Team_A,355.6,619.1,36.2,73.8,0.99
11,5.5,SNMOT-060_baseline_excerpt,SHOT-060-A,106,player,Team_A,695.9,830.9,27.0,101.6,0.841
11,5.5,SNMOT-060_baseline_excerpt,SHOT-060-A,107,player,Team_A,1136.5,780.7,39.7,94.7,0.99
11,5.5,SNMOT-060_baseline_excerpt,SHOT-060-A,108,player,Team_A,809.9,439.0,31.9,87.3,0.939
11,5.5,SNMOT-060_baseline_excerpt,SHOT-060-A,109,player,Team_A,990.1,367.2,29.4,98.8,0.86
11,5.5,SNMOT-060_baseline_excerpt,SHOT-060-A,110,player,Team_A,1377.1,722.6,40.3,81.8,0.99
11,5.5,SNMOT-060_baseline_excerpt,SHOT-060-A,111,goalkeeper,Team_A,93.7,539.0,30.7,91.1,0.86
11,5.5,SNMOT-060_baseline_excerpt,SHOT-060-A,201,player,Team_B,1386.1,487.1,31.7,89.2,0.88
11,5.5,SNMOT-060_baseline_excerpt,SHOT-060-A,202,player,Team_B,1679.8,825.2,34.8,97.4,0.818
11,5.5,SNMOT-060_baseline_excerpt,SHOT-060-A,203,player,Team_B,1360.8,438.8,39.0,88.1,0.799
11,5.5,SNMOT-060_baseline_excerpt,SHOT-060-A,204,player,Team_B,913.3,402.5,33.5,86.1,0.66
11,5.5,SNMOT-060_baseline_excerpt,SHOT-060-A,205,player,Team_B,516.2,699.5,28.1,87.8,0.931
11,5.5,SNMOT-060_baseline_excerpt,SHOT-060-A,206,player,Team_B,1319.5,858.7,40.9,89.9,0.822
11,5.5,SNMOT-060_baseline_excerpt,SHOT-060-A,207,player,Team_B,709.9,476.8,40.2,104.7,0.812
11,5.5,SNMOT-060_baseline_excerpt,SHOT-060-A,209,player,Team_B,443.0,581.6,35.1,91.9,0.745
11,5.5,SNMOT-060_baseline_excerpt,SHOT-060-A,210,player,Team_B,619.5,721.1,39.6,107.8,0.986
11,5.5,SNMOT-060_baseline_excerpt,SHOT-060-A,211,goalkeeper,Team_B,1783.0,548.5,30.3,93.8,0.829
11,5.5,SNMOT-060_baseline_excerpt,SHOT-060-A,300,referee,Referee,964.5,595.4,25.7,72.7,0.752
11,5.5,SNMOT-060_baseline_excerpt,SHOT-060-A,999,ball,N/A,893.3,565.3,11.4,9.0,0.728
12,6.0,SNMOT-060_baseline_excerpt,SHOT-060-A,101,player,Team_A,1308.6,592.6,28.2,96.4,0.747
12,6.0,SNMOT-060_baseline_excerpt,SHOT-060-A,102,player,Team_A,1443.4,704.4,30.2,87.5,0.707
12,6.0,SNMOT-060_baseline_excerpt,SHOT-060-A,103,player,Team_A,329.5,847.5,32.1,102.1,0.736
12,6.0,SNMOT-060_baseline_excerpt,SHOT-060-A,104,player,Team_A,1228.7,801.3,26.6,79.5,0.836
12,6.0,SNMOT-060_baseline_excerpt,SHOT-060-A,105,player,Team_A,359.7,607.0,38.0,85.4,0.935
12,6.0,SNMOT-060_baseline_excerpt,SHOT-060-A,106,player,Team_A,680.6,830.1,39.8,95.1,0.784
12,6.0,SNMOT-060_baseline_excerpt,SHOT-060-A,107,player,Team_A,1139.4,791.7,40.8,80.9,0.754
12,6.0,SNMOT-060_baseline_excerpt,SHOT-060-A,108,player,Team_A,810.8,453.5,29.2,78.7,0.972
12,6.0,SNMOT-060_baseline_excerpt,SHOT-060-A,109,player,Team_A,989.9,377.6,38.8,81.6,0.827
12,6.0,SNMOT-060_baseline_excerpt,SHOT-060-A,110,player,Team_A,1380.7,724.2,32.4,80.1,0.69
12,6.0,SNMOT-060_baseline_excerpt,SHOT-060-A,111,goalkeeper,Team_A,91.9,532.2,36.2,100.2,0.956
12,6.0,SNMOT-060_baseline_excerpt,SHOT-060-A,201,player,Team_B,1388.9,505.0,29.6,73.8,0.947
12,6.0,SNMOT-060_baseline_excerpt,SHOT-060-A,202,player,Team_B,1672.2,816.3,28.1,100.1,0.948
12,6.0,SNMOT-060_baseline_excerpt,SHOT-060-A,203,player,Team_B,1347.2,442.2,34.4,98.8,0.895
12,6.0,SNMOT-060_baseline_excerpt,SHOT-060-A,204,player,Team_B,891.3,406.3,34.0,90.2,0.955
12,6.0,SNMOT-060_baseline_excerpt,SHOT-060-A,205,player,Team_B,513.7,687.9,29.9,98.5,0.815
12,6.0,SNMOT-060_baseline_excerpt,SHOT-060-A,206,player,Team_B,1317.1,840.5,41.4,98.0,0.862
12,6.0,SNMOT-060_baseline_excerpt,SHOT-060-A,207,player,Team_B,734.7,465.5,33.6,107.5,0.787
12,6.0,SNMOT-060_baseline_excerpt,SHOT-060-A,208,player,Team_B,936.0,450.7,38.6,85.8,0.706
12,6.0,SNMOT-060_baseline_excerpt,SHOT-060-A,209,player,Team_B,446.1,584.7,31.4,93.8,0.883
12,6.0,SNMOT-060_baseline_excerpt,SHOT-060-A,210,player,Team_B,614.0,726.3,37.4,92.3,0.961
12,6.0,SNMOT-060_baseline_excerpt,SHOT-060-A,211,goalkeeper,Team_B,1783.0,554.2,26.5,86.3,0.929
12,6.0,SNMOT-060_baseline_excerpt,SHOT-060-A,300,referee,Referee,956.8,573.0,31.5,89.3,0.71
13,6.5,SNMOT-060_baseline_excerpt,SHOT-060-A,101,player,Team_A,1288.4,595.2,37.4,94.9,0.641
13,6.5,SNMOT-060_baseline_excerpt,SHOT-060-A,102,player,Team_A,1442.5,725.6,36.2,79.3,0.835
13,6.5,SNMOT-060_baseline_excerpt,SHOT-060-A,103,player,Team_A,326.1,824.6,28.3,107.0,0.861
13,6.5,SNMOT-060_baseline_excerpt,SHOT-060-A,104,player,Team_A,1222.1,798.7,29.4,75.2,0.724
13,6.5,SNMOT-060_baseline_excerpt,SHOT-060-A,105,player,Team_A,358.7,616.2,28.1,101.8,0.802
13,6.5,SNMOT-060_baseline_excerpt,SHOT-060-A,106,player,Team_A,683.0,832.6,36.2,90.8,0.72
13,6.5,SNMOT-060_baseline_excerpt,SHOT-060-A,107,player,Team_A,1140.8,790.0,28.7,100.7,0.86
13,6.5,SNMOT-060_baseline_excerpt,SHOT-060-A,108,player,Team_A,806.3,457.8,31.3,96.7,0.78
13,6.5,SNMOT-060_baseline_excerpt,SHOT-060-A,109,player,Team_A,989.4,372.8,29.5,96.8,0.794
13,6.5,SNMOT-060_baseline_excerpt,SHOT-060-A,110,player,Team_A,1373.6,711.9,34.9,94.4,0.99
13,6.5,SNMOT-060_baseline_excerpt,SHOT-060-A,111,goalkeeper,Team_A,88.5,534.2,36.8,96.6,0.755
13,6.5,SNMOT-060_baseline_excerpt,SHOT-060-A,201,player,Team_B,1379.4,496.7,29.6,87.9,0.99
13,6.5,SNMOT-060_baseline_excerpt,SHOT-060-A,202,player,Team_B,1665.2,819.9,34.0,94.3,0.877
13,6.5,SNMOT-060_baseline_excerpt,SHOT-060-A,203,player,Team_B,1333.4,456.2,37.8,74.6,0.859
13,6.5,SNMOT-060_baseline_excerpt,SHOT-060-A,204,player,Team_B,869.6,389.2,33.5,106.6,0.707
13,6.5,SNMOT-060_baseline_excerpt,SHOT-060-A,205,player,Team_B,518.4,702.5,26.0,87.6,0.823
13,6.5,SNMOT-060_baseline_excerpt,SHOT-060-A,206,player,Team_B,1306.9,833.6,28.5,105.9,0.81
13,6.5,SNMOT-060_baseline_excerpt,SHOT-060-A,207,player,Team_B,734.8,473.5,32.6,99.3,0.677
13,6.5,SNMOT-060_baseline_excerpt,SHOT-060-A,208,player,Team_B,939.8,439.6,39.6,108.0,0.672
13,6.5,SNMOT-060_baseline_excerpt,SHOT-060-A,209,player,Team_B,446.6,577.7,35.3,107.8,0.934
13,6.5,SNMOT-060_baseline_excerpt,SHOT-060-A,210,player,Team_B,616.6,730.5,40.9,79.3,0.908
13,6.5,SNMOT-060_baseline_excerpt,SHOT-060-A,211,goalkeeper,Team_B,1772.7,545.6,41.8,107.5,0.83
13,6.5,SNMOT-060_baseline_excerpt,SHOT-060-A,300,referee,Referee,964.5,577.4,29.5,81.5,0.817
13,6.5,SNMOT-060_baseline_excerpt,SHOT-060-A,999,ball,N/A,910.5,546.1,9.7,9.7,0.622
14,7.0,SNMOT-060_baseline_excerpt,SHOT-060-A,101,player,Team_A,1300.2,579.5,29.6,99.3,0.749
14,7.0,SNMOT-060_baseline_excerpt,SHOT-060-A,102,player,Team_A,1438.9,730.2,36.5,81.9,0.91
14,7.0,SNMOT-060_baseline_excerpt,SHOT-060-A,104,player,Team_A,1229.6,795.8,33.1,87.9,0.977
14,7.0,SNMOT-060_baseline_excerpt,SHOT-060-A,106,player,Team_A,685.1,844.4,28.4,79.3,0.799
14,7.0,SNMOT-060_baseline_excerpt,SHOT-060-A,107,player,Team_A,1132.6,788.2,33.9,82.8,0.99
14,7.0,SNMOT-060_baseline_excerpt,SHOT-060-A,110,player,Team_A,1353.7,710.9,38.4,101.2,0.899
14,7.0,SNMOT-060_baseline_excerpt,SHOT-060-A,111,goalkeeper,Team_A,95.0,543.4,29.9,73.5,0.798
14,7.0,SNMOT-060_baseline_excerpt,SHOT-060-A,201,player,Team_B,1360.7,492.1,39.2,105.3,0.946
14,7.0,SNMOT-060_baseline_excerpt,SHOT-060-A,202,player,Team_B,1667.0,829.6,41.2,72.4,0.863
14,7.0,SNMOT-060_baseline_excerpt,SHOT-060-A,203,player,Team_B,1330.7,460.0,34.8,74.8,0.587
14,7.0,SNMOT-060_baseline_excerpt,SHOT-060-A,204,player,Team_B,879.5,376.4,35.1,77.5,0.718
14,7.0,SNMOT-060_baseline_excerpt,SHOT-060-A,205,player,Team_B,504.8,710.4,33.6,90.4,0.743
14,7.0,SNMOT-060_baseline_excerpt,SHOT-060-A,206,player,Team_B,1301.5,837.5,28.8,79.9,0.814
14,7.0,SNMOT-060_baseline_excerpt,SHOT-060-A,207,player,Team_B,723.5,492.0,39.8,85.6,0.745
14,7.0,SNMOT-060_baseline_excerpt,SHOT-060-A,208,player,Team_B,938.5,437.9,30.1,96.9,0.654
14,7.0,SNMOT-060_baseline_excerpt,SHOT-060-A,209,player,Team_B,445.1,578.0,31.4,74.6,0.99
14,7.0,SNMOT-060_baseline_excerpt,SHOT-060-A,210,player,Team_B,617.8,727.0,39.5,90.7,0.758
14,7.0,SNMOT-060_baseline_excerpt,SHOT-060-A,211,goalkeeper,Team_B,1782.4,543.8,27.9,103.9,0.792
14,7.0,SNMOT-060_baseline_excerpt,SHOT-060-A,300,referee,Referee,964.6,578.6,24.5,74.9,0.803
14,7.0,SNMOT-060_baseline_excerpt,SHOT-060-A,999,ball,N/A,899.5,567.5,9.4,8.2,0.858
15,7.5,SNMOT-060_baseline_excerpt,SHOT-060-A,101,player,Team_A,1289.8,595.6,26.2,80.9,0.894
15,7.5,SNMOT-060_baseline_excerpt,SHOT-060-A,102,player,Team_A,1441.5,719.5,34.5,93.4,0.824
15,7.5,SNMOT-060_baseline_excerpt,SHOT-060-A,103,player,Team_A,332.5,814.9,27.6,100.2,0.899
15,7.5,SNMOT-060_baseline_excerpt,SHOT-060-A,104,player,Team_A,1233.0,798.3,30.6,100.4,0.842
15,7.5,SNMOT-060_baseline_excerpt,SHOT-060-A,106,player,Team_A,677.6,834.2,31.4,107.6,0.842
15,7.5,SNMOT-060_baseline_excerpt,SHOT-060-A,107,player,Team_A,1122.7,786.7,33.7,107.2,0.909
15,7.5,SNMOT-060_baseline_excerpt,SHOT-060-A,108,player,Team_A,817.6,468.2,34.1,75.3,0.902
15,7.5,SNMOT-060_baseline_excerpt,SHOT-060-A,109,player,Team_A,1006.2,372.1,30.1,90.2,0.73
15,7.5,SNMOT-060_baseline_excerpt,SHOT-060-A,110,player,Team_A,1343.6,721.0,32.2,91.1,0.968
15,7.5,SNMOT-060_baseline_excerpt,SHOT-060-A,201,player,Team_B,1366.8,503.2,28.9,96.3,0.877
15,7.5,SNMOT-060_baseline_excerpt,SHOT-060-A,202,player,Team_B,1679.2,829.3,33.5,85.0,0.761
15,7.5,SNMOT-060_baseline_excerpt,SHOT-060-A,203,player,Team_B,1338.3,465.2,31.5,73.4,0.74
15,7.5,SNMOT-060_baseline_excerpt,SHOT-060-A,204,player,Team_B,893.5,390.3,28.1,101.0,0.806
15,7.5,SNMOT-060_baseline_excerpt,SHOT-060-A,205,player,Team_B,484.3,708.0,41.9,84.3,0.875
15,7.5,SNMOT-060_baseline_excerpt,SHOT-060-A,206,player,Team_B,1301.4,838.4,35.8,72.5,0.898
15,7.5,SNMOT-060_baseline_excerpt,SHOT-060-A,207,player,Team_B,726.7,490.8,29.8,81.9,0.855
15,7.5,SNMOT-060_baseline_excerpt,SHOT-060-A,208,player,Team_B,926.2,444.2,31.4,83.8,0.887
15,7.5,SNMOT-060_baseline_excerpt,SHOT-060-A,209,player,Team_B,443.4,552.2,41.9,105.4,0.841
15,7.5,SNMOT-060_baseline_excerpt,SHOT-060-A,210,player,Team_B,614.3,715.5,38.2,102.4,0.862
15,7.5,SNMOT-060_baseline_excerpt,SHOT-060-A,211,goalkeeper,Team_B,1783.3,543.3,30.9,105.5,0.687
15,7.5,SNMOT-060_baseline_excerpt,SHOT-060-A,300,referee,Referee,975.4,583.9,30.6,68.8,0.788
15,7.5,SNMOT-060_baseline_excerpt,SHOT-060-A,999,ball,N/A,886.6,603.4,8.5,9.4,0.675
16,8.0,SNMOT-060_baseline_excerpt,SHOT-060-A,101,player,Team_A,1291.3,600.6,32.3,87.3,0.856
16,8.0,SNMOT-060_baseline_excerpt,SHOT-060-A,102,player,Team_A,1444.0,723.0,31.2,90.1,0.777
16,8.0,SNMOT-060_baseline_excerpt,SHOT-060-A,103,player,Team_A,331.1,818.5,31.6,92.4,0.888
16,8.0,SNMOT-060_baseline_excerpt,SHOT-060-A,104,player,Team_A,1238.6,796.0,38.6,106.8,0.778
16,8.0,SNMOT-060_baseline_excerpt,SHOT-060-A,105,player,Team_A,354.5,645.3,39.1,93.0,0.841
16,8.0,SNMOT-060_baseline_excerpt,SHOT-060-A,106,player,Team_A,671.5,875.3,37.5,74.1,0.765
16,8.0,SNMOT-060_baseline_excerpt,SHOT-060-A,107,player,Team_A,1132.9,789.1,30.1,95.9,0.774
16,8.0,SNMOT-060_baseline_excerpt,SHOT-060-A,108,player,Team_A,809.4,461.2,31.2,93.2,0.911
16,8.0,SNMOT-060_baseline_excerpt,SHOT-060-A,109,player,Team_A,993.6,368.3,42.0,88.4,0.967
16,8.0,SNMOT-060_baseline_excerpt,SHOT-060-A,110,player,Team_A,1351.5,719.3,27.8,105.5,0.784
16,8.0,SNMOT-060_baseline_excerpt,SHOT-060-A,111,goalkeeper,Team_A,90.4,540.2,32.7,78.8,0.88
16,8.0,SNMOT-060_baseline_excerpt,SHOT-060-A,201,player,Team_B,1368.4,507.9,26.6,95.5,0.99
16,8.0,SNMOT-060_baseline_excerpt,SHOT-060-A,202,player,Team_B,1679.0,803.3,38.0,103.5,0.839
16,8.0,SNMOT-060_baseline_excerpt,SHOT-060-A,203,player,Team_B,1334.4,482.9,30.7,74.2,0.76
16,8.0,SNMOT-060_baseline_excerpt,SHOT-060-A,204,player,Team_B,892.8,395.1,30.2,94.6,0.831
16,8.0,SNMOT-060_baseline_excerpt,SHOT-060-A,205,player,Team_B,481.9,698.7,32.1,93.2,0.947
16,8.0,SNMOT-060_baseline_excerpt,SHOT-060-A,206,player,Team_B,1303.2,826.8,26.9,87.4,0.921
16,8.0,SNMOT-060_baseline_excerpt,SHOT-060-A,207,player,Team_B,732.9,505.1,35.0,76.6,0.851
16,8.0,SNMOT-060_baseline_excerpt,SHOT-060-A,208,player,Team_B,923.0,433.2,36.1,94.0,0.858
16,8.0,SNMOT-060_baseline_excerpt,SHOT-060-A,210,player,Team_B,616.6,728.3,36.4,87.1,0.753
16,8.0,SNMOT-060_baseline_excerpt,SHOT-060-A,211,goalkeeper,Team_B,1781.2,548.8,27.5,104.0,0.842
16,8.0,SNMOT-060_baseline_excerpt,SHOT-060-A,300,referee,Referee,967.0,574.2,31.1,82.7,0.885
16,8.0,SNMOT-060_baseline_excerpt,SHOT-060-A,999,ball,N/A,899.6,587.9,8.2,8.0,0.783
17,8.5,SNMOT-060_baseline_excerpt,SHOT-060-A,101,player,Team_A,1281.2,599.7,33.8,87.7,0.744
17,8.5,SNMOT-060_baseline_excerpt,SHOT-060-A,102,player,Team_A,1442.5,716.4,40.4,107.8,0.779
17,8.5,SNMOT-060_baseline_excerpt,SHOT-060-A,103,player,Team_A,332.9,823.8,30.6,78.3,0.831
17,8.5,SNMOT-060_baseline_excerpt,SHOT-060-A,105,player,Team_A,349.1,643.8,30.2,107.5,0.735
17,8.5,SNMOT-060_baseline_excerpt,SHOT-060-A,106,player,Team_A,689.6,864.6,35.3,85.6,0.949
17,8.5,SNMOT-060_baseline_excerpt,SHOT-060-A,107,player,Team_A,1130.6,798.5,39.9,85.3,0.937
17,8.5,SNMOT-060_baseline_excerpt,SHOT-060-A,108,player,Team_A,791.9,470.6,37.6,82.4,0.955
17,8.5,SNMOT-060_baseline_excerpt,SHOT-060-A,109,player,Team_A,1009.2,399.2,27.4,72.9,0.806
17,8.5,SNMOT-060_baseline_excerpt,SHOT-060-A,110,player,Team_A,1341.0,696.9,32.8,100.6,0.99
17,8.5,SNMOT-060_baseline_excerpt,SHOT-060-A,111,goalkeeper,Team_A,87.1,546.5,39.3,73.9,0.973
17,8.5,SNMOT-060_baseline_excerpt,SHOT-060-A,201,player,Team_B,1367.1,516.6,30.2,87.1,0.99
17,8.5,SNMOT-060_baseline_excerpt,SHOT-060-A,202,player,Team_B,1680.2,818.3,30.9,81.0,0.635
17,8.5,SNMOT-060_baseline_excerpt,SHOT-060-A,203,player,Team_B,1340.4,451.5,28.1,97.0,0.769
17,8.5,SNMOT-060_baseline_excerpt,SHOT-060-A,205,player,Team_B,480.1,696.6,26.7,98.9,0.926
17,8.5,SNMOT-060_baseline_excerpt,SHOT-060-A,206,player,Team_B,1316.9,822.1,26.2,93.4,0.763
17,8.5,SNMOT-060_baseline_excerpt,SHOT-060-A,207,player,Team_B,731.4,490.4,34.9,93.5,0.906
17,8.5,SNMOT-060_baseline_excerpt,SHOT-060-A,208,player,Team_B,925.8,436.0,30.0,92.0,0.879
17,8.5,SNMOT-060_baseline_excerpt,SHOT-060-A,209,player,Team_B,447.3,565.7,41.6,87.0,0.893
17,8.5,SNMOT-060_baseline_excerpt,SHOT-060-A,210,player,Team_B,640.3,748.0,34.4,74.4,0.921
17,8.5,SNMOT-060_baseline_excerpt,SHOT-060-A,211,goalkeeper,Team_B,1777.8,547.8,27.6,104.4,0.63
17,8.5,SNMOT-060_baseline_excerpt,SHOT-060-A,300,referee,Referee,971.3,565.3,31.6,87.9,0.873
17,8.5,SNMOT-060_baseline_excerpt,SHOT-060-A,999,ball,N/A,857.4,573.0,12.8,10.9,0.714
18,9.0,SNMOT-060_baseline_excerpt,SHOT-060-A,101,player,Team_A,1293.9,603.5,28.6,79.3,0.878
18,9.0,SNMOT-060_baseline_excerpt,SHOT-060-A,103,player,Team_A,328.3,808.2,36.5,97.9,0.875
18,9.0,SNMOT-060_baseline_excerpt,SHOT-060-A,104,player,Team_A,1219.8,792.0,30.4,91.0,0.637
18,9.0,SNMOT-060_baseline_excerpt,SHOT-060-A,105,player,Team_A,344.6,640.2,29.5,98.4,0.95
18,9.0,SNMOT-060_baseline_excerpt,SHOT-060-A,106,player,Team_A,702.9,849.1,33.1,103.1,0.682
18,9.0,SNMOT-060_baseline_excerpt,SHOT-060-A,107,player,Team_A,1133.8,815.7,28.3,78.9,0.99
18,9.0,SNMOT-060_baseline_excerpt,SHOT-060-A,108,player,Team_A,791.7,469.6,27.7,84.2,0.758
18,9.0,SNMOT-060_baseline_excerpt,SHOT-060-A,109,player,Team_A,1010.0,386.5,27.8,93.9,0.762
18,9.0,SNMOT-060_baseline_excerpt,SHOT-060-A,110,player,Team_A,1339.8,710.7,40.1,90.8,0.763
18,9.0,SNMOT-060_baseline_excerpt,SHOT-060-A,111,goalkeeper,Team_A,95.7,537.6,26.5,96.6,0.919
18,9.0,SNMOT-060_baseline_excerpt,SHOT-060-A,201,player,Team_B,1369.1,502.5,41.0,105.7,0.813
18,9.0,SNMOT-060_baseline_excerpt,SHOT-060-A,202,player,Team_B,1682.4,830.0,27.9,75.5,0.737
18,9.0,SNMOT-060_baseline_excerpt,SHOT-060-A,203,player,Team_B,1325.2,458.8,34.8,79.7,0.81
18,9.0,SNMOT-060_baseline_excerpt,SHOT-060-A,204,player,Team_B,885.5,412.0,40.6,77.4,0.879
18,9.0,SNMOT-060_baseline_excerpt,SHOT-060-A,205,player,Team_B,480.8,690.4,35.9,95.0,0.919
18,9.0,SNMOT-060_baseline_excerpt,SHOT-060-A,206,player,Team_B,1308.2,842.4,38.5,85.6,0.841
18,9.0,SNMOT-060_baseline_excerpt,SHOT-060-A,207,player,Team_B,732.1,497.6,31.4,81.0,0.871
18,9.0,SNMOT-060_baseline_excerpt,SHOT-060-A,208,player,Team_B,925.2,448.1,31.1,82.6,0.948
18,9.0,SNMOT-060_baseline_excerpt,SHOT-060-A,209,player,Team_B,472.7,559.6,30.6,96.9,0.9
18,9.0,SNMOT-060_baseline_excerpt,SHOT-060-A,211,goalkeeper,Team_B,1778.1,555.9,34.3,93.7,0.822
18,9.0,SNMOT-060_baseline_excerpt,SHOT-060-A,300,referee,Referee,964.7,590.5,34.0,68.4,0.763
18,9.0,SNMOT-060_baseline_excerpt,SHOT-060-A,999,ball,N/A,858.5,610.1,11.1,11.5,0.87
19,9.5,SNMOT-060_baseline_excerpt,SHOT-060-A,101,player,Team_A,1291.7,590.8,29.1,72.1,0.817
19,9.5,SNMOT-060_baseline_excerpt,SHOT-060-A,102,player,Team_A,1448.2,705.2,32.4,99.6,0.863
19,9.5,SNMOT-060_baseline_excerpt,SHOT-060-A,103,player,Team_A,331.3,823.2,27.4,86.6,0.907
19,9.5,SNMOT-060_baseline_excerpt,SHOT-060-A,104,player,Team_A,1222.7,791.6,33.3,99.1,0.806
19,9.5,SNMOT-060_baseline_excerpt,SHOT-060-A,105,player,Team_A,338.2,665.3,36.7,84.6,0.84
19,9.5,SNMOT-060_baseline_excerpt,SHOT-060-A,106,player,Team_A,700.4,837.0,30.3,89.8,0.926
19,9.5,SNMOT-060_baseline_excerpt,SHOT-060-A,107,player,Team_A,1140.9,815.3,40.0,106.5,0.99
19,9.5,SNMOT-060_baseline_excerpt,SHOT-060-A,108,player,Team_A,798.3,461.0,35.0,84.3,0.892
19,9.5,SNMOT-060_baseline_excerpt,SHOT-060-A,109,player,Team_A,1024.2,391.9,40.2,94.7,0.884
19,9.5,SNMOT-060_baseline_excerpt,SHOT-060-A,110,player,Team_A,1332.9,707.9,39.2,79.1,0.937
19,9.5,SNMOT-060_baseline_excerpt,SHOT-060-A,111,goalkeeper,Team_A,93.4,535.1,30.7,103.7,0.977
19,9.5,SNMOT-060_baseline_excerpt,SHOT-060-A,201,player,Team_B,1371.5,517.4,41.9,87.1,0.914
19,9.5,SNMOT-060_baseline_excerpt,SHOT-060-A,202,player,Team_B,1665.8,814.2,32.3,92.4,0.943
19,9.5,SNMOT-060_baseline_excerpt,SHOT-060-A,203,player,Team_B,1321.6,470.9,32.3,80.9,0.769
19,9.5,SNMOT-060_baseline_excerpt,SHOT-060-A,204,player,Team_B,879.3,404.5,35.2,88.8,0.924
19,9.5,SNMOT-060_baseline_excerpt,SHOT-060-A,205,player,Team_B,475.7,689.3,35.3,90.0,0.934
19,9.5,SNMOT-060_baseline_excerpt,SHOT-060-A,206,player,Team_B,1301.1,848.7,38.8,102.7,0.869
19,9.5,SNMOT-060_baseline_excerpt,SHOT-060-A,207,player,Team_B,727.9,488.6,29.8,96.2,0.846
19,9.5,SNMOT-060_baseline_excerpt,SHOT-060-A,208,player,Team_B,921.5,426.7,40.0,107.5,0.959
19,9.5,SNMOT-060_baseline_excerpt,SHOT-060-A,209,player,Team_B,466.5,560.6,37.0,91.2,0.842
19,9.5,SNMOT-060_baseline_excerpt,SHOT-060-A,210,player,Team_B,630.9,745.5,40.3,80.3,0.804
19,9.5,SNMOT-060_baseline_excerpt,SHOT-060-A,211,goalkeeper,Team_B,1781.1,571.4,30.0,77.0,0.966
19,9.5,SNMOT-060_baseline_excerpt,SHOT-060-A,300,referee,Referee,962.2,583.8,24.1,81.4,0.796
19,9.5,SNMOT-060_baseline_excerpt,SHOT-060-A,999,ball,N/A,871.4,583.7,8.8,11.7,0.561
20,10.0,SNMOT-060_baseline_excerpt,SHOT-060-A,101,player,Team_A,1294.3,581.9,26.0,82.8,0.912
20,10.0,SNMOT-060_baseline_excerpt,SHOT-060-A,102,player,Team_A,1462.9,705.3,28.9,91.1,0.99
20,10.0,SNMOT-060_baseline_excerpt,SHOT-060-A,103,player,Team_A,335.1,800.8,28.8,99.5,0.94
20,10.0,SNMOT-060_baseline_excerpt,SHOT-060-A,104,player,Team_A,1216.1,791.2,34.0,73.2,0.966
20,10.0,SNMOT-060_baseline_excerpt,SHOT-060-A,105,player,Team_A,319.3,645.7,40.1,100.7,0.976
20,10.0,SNMOT-060_baseline_excerpt,SHOT-060-A,106,player,Team_A,705.9,833.8,36.4,105.1,0.927
20,10.0,SNMOT-060_baseline_excerpt,SHOT-060-A,107,player,Team_A,1134.3,827.9,33.1,96.3,0.886
20,10.0,SNMOT-060_baseline_excerpt,SHOT-060-A,108,player,Team_A,769.9,469.0,40.2,73.8,0.843
20,10.0,SNMOT-060_baseline_excerpt,SHOT-060-A,109,player,Team_A,1019.0,399.5,30.2,76.9,0.944
20,10.0,SNMOT-060_baseline_excerpt,SHOT-060-A,110,player,Team_A,1328.0,700.6,29.5,96.9,0.797
20,10.0,SNMOT-060_baseline_excerpt,SHOT-060-A,111,goalkeeper,Team_A,87.9,546.9,39.4,74.7,0.745
20,10.0,SNMOT-060_baseline_excerpt,SHOT-060-A,201,player,Team_B,1362.7,534.1,36.0,84.7,0.765
20,10.0,SNMOT-060_baseline_excerpt,SHOT-060-A,202,player,Team_B,1666.3,835.8,27.0,93.5,0.775
20,10.0,SNMOT-060_baseline_excerpt,SHOT-060-A,203,player,Team_B,1307.3,481.5,28.9,78.0,0.835
20,10.0,SNMOT-060_baseline_excerpt,SHOT-060-A,205,player,Team_B,462.3,682.7,33.0,105.2,0.88
20,10.0,SNMOT-060_baseline_excerpt,SHOT-060-A,206,player,Team_B,1306.4,858.6,41.7,98.6,0.93
20,10.0,SNMOT-060_baseline_excerpt,SHOT-060-A,207,player,Team_B,723.2,486.4,29.6,88.2,0.919
20,10.0,SNMOT-060_baseline_excerpt,SHOT-060-A,208,player,Team_B,932.0,444.8,36.4,81.7,0.99
20,10.0,SNMOT-060_baseline_excerpt,SHOT-060-A,209,player,Team_B,473.5,561.6,33.0,80.8,0.791
20,10.0,SNMOT-060_baseline_excerpt,SHOT-060-A,210,player,Team_B,636.4,752.5,38.3,85.6,0.845
20,10.0,SNMOT-060_baseline_excerpt,SHOT-060-A,211,goalkeeper,Team_B,1775.3,555.7,38.1,105.8,0.804
20,10.0,SNMOT-060_baseline_excerpt,SHOT-060-A,300,referee,Referee,969.5,592.7,29.3,75.6,0.759
20,10.0,SNMOT-060_baseline_excerpt,SHOT-060-A,999,ball,N/A,863.6,608.5,10.8,12.7,0.635
21,10.5,SNMOT-060_baseline_excerpt,SHOT-060-A,102,player,Team_A,1448.7,699.6,32.4,91.0,0.851
21,10.5,SNMOT-060_baseline_excerpt,SHOT-060-A,103,player,Team_A,329.1,791.6,31.3,91.7,0.711
21,10.5,SNMOT-060_baseline_excerpt,SHOT-060-A,104,player,Team_A,1221.8,795.2,28.0,77.3,0.99
21,10.5,SNMOT-060_baseline_excerpt,SHOT-060-A,105,player,Team_A,343.0,627.5,27.4,107.1,0.937
21,10.5,SNMOT-060_baseline_excerpt,SHOT-060-A,106,player,Team_A,694.7,852.1,40.9,77.4,0.958
21,10.5,SNMOT-060_baseline_excerpt,SHOT-060-A,107,player,Team_A,1138.1,821.9,26.9,105.2,0.79
21,10.5,SNMOT-060_baseline_excerpt,SHOT-060-A,108,player,Team_A,762.2,456.6,36.8,88.4,0.836
21,10.5,SNMOT-060_baseline_excerpt,SHOT-060-A,111,goalkeeper,Team_A,90.2,534.9,35.4,96.6,0.779
21,10.5,SNMOT-060_baseline_excerpt,SHOT-060-A,201,player,Team_B,1393.6,520.6,29.3,92.3,0.856
21,10.5,SNMOT-060_baseline_excerpt,SHOT-060-A,202,player,Team_B,1671.3,825.5,27.4,80.8,0.861
21,10.5,SNMOT-060_baseline_excerpt,SHOT-060-A,203,player,Team_B,1287.2,467.5,28.7,82.2,0.878
21,10.5,SNMOT-060_baseline_excerpt,SHOT-060-A,204,player,Team_B,891.6,420.5,40.0,77.5,0.896
21,10.5,SNMOT-060_baseline_excerpt,SHOT-060-A,205,player,Team_B,464.4,693.0,31.4,77.7,0.842
21,10.5,SNMOT-060_baseline_excerpt,SHOT-060-A,206,player,Team_B,1303.5,861.4,35.5,81.3,0.772
21,10.5,SNMOT-060_baseline_excerpt,SHOT-060-A,207,player,Team_B,730.7,481.0,28.9,88.9,0.813
21,10.5,SNMOT-060_baseline_excerpt,SHOT-060-A,208,player,Team_B,931.0,448.2,39.1,95.5,0.806
21,10.5,SNMOT-060_baseline_excerpt,SHOT-060-A,209,player,Team_B,491.8,564.2,30.5,75.6,0.99
21,10.5,SNMOT-060_baseline_excerpt,SHOT-060-A,210,player,Team_B,654.6,747.2,34.8,77.8,0.735
21,10.5,SNMOT-060_baseline_excerpt,SHOT-060-A,211,goalkeeper,Team_B,1775.1,560.4,34.8,92.3,0.728
21,10.5,SNMOT-060_baseline_excerpt,SHOT-060-A,300,referee,Referee,968.9,579.9,25.0,87.9,0.75
22,11.0,SNMOT-060_baseline_excerpt,SHOT-060-A,101,player,Team_A,1305.6,549.8,27.3,99.0,0.824
22,11.0,SNMOT-060_baseline_excerpt,SHOT-060-A,102,player,Team_A,1448.5,698.4,30.5,97.5,0.955
22,11.0,SNMOT-060_baseline_excerpt,SHOT-060-A,103,player,Team_A,318.1,794.9,32.3,98.7,0.658
22,11.0,SNMOT-060_baseline_excerpt,SHOT-060-A,104,player,Team_A,1211.5,787.2,30.3,102.9,0.736
22,11.0,SNMOT-060_baseline_excerpt,SHOT-060-A,105,player,Team_A,341.4,643.7,30.1,80.3,0.977
22,11.0,SNMOT-060_baseline_excerpt,SHOT-060-A,107,player,Team_A,1140.4,824.3,40.8,99.5,0.879
22,11.0,SNMOT-060_baseline_excerpt,SHOT-060-A,108,player,Team_A,758.6,447.7,30.0,103.9,0.989
22,11.0,SNMOT-060_baseline_excerpt,SHOT-060-A,109,player,Team_A,1028.2,405.5,33.9,94.2,0.869
22,11.0,SNMOT-060_baseline_excerpt,SHOT-060-A,110,player,Team_A,1333.1,724.8,33.1,80.8,0.845
22,11.0,SNMOT-060_baseline_excerpt,SHOT-060-A,111,goalkeeper,Team_A,100.7,532.6,28.9,98.3,0.924
22,11.0,SNMOT-060_baseline_excerpt,SHOT-060-A,201,player,Team_B,1386.4,526.3,37.6,103.3,0.826
22,11.0,SNMOT-060_baseline_excerpt,SHOT-060-A,202,player,Team_B,1665.7,808.1,30.3,80.0,0.99
22,11.0,SNMOT-060_baseline_excerpt,SHOT-060-A,203,player,Team_B,1282.8,465.1,31.1,79.4,0.793
22,11.0,SNMOT-060_baseline_excerpt,SHOT-060-A,204,player,Team_B,900.8,411.3,40.7,102.6,0.74
22,11.0,SNMOT-060_baseline_excerpt,SHOT-060-A,205,player,Team_B,477.4,694.8,32.2,81.3,0.801
22,11.0,SNMOT-060_baseline_excerpt,SHOT-060-A,206,player,Team_B,1308.8,842.2,38.2,95.1,0.901
22,11.0,SNMOT-060_baseline_excerpt,SHOT-060-A,207,player,Team_B,713.6,487.2,41.0,82.9,0.841
22,11.0,SNMOT-060_baseline_excerpt,SHOT-060-A,208,player,Team_B,925.0,456.4,36.1,77.7,0.806
22,11.0,SNMOT-060_baseline_excerpt,SHOT-060-A,209,player,Team_B,493.1,556.7,31.3,83.9,0.978
22,11.0,SNMOT-060_baseline_excerpt,SHOT-060-A,210,player,Team_B,667.0,729.3,28.1,96.8,0.748
22,11.0,SNMOT-060_baseline_excerpt,SHOT-060-A,211,goalkeeper,Team_B,1777.8,556.2,26.7,98.0,0.868
22,11.0,SNMOT-060_baseline_excerpt,SHOT-060-A,300,referee,Referee,989.7,587.7,27.8,75.3,0.845
22,11.0,SNMOT-060_baseline_excerpt,SHOT-060-A,999,ball,N/A,846.2,541.1,11.2,11.7,0.728
23,11.5,SNMOT-060_baseline_excerpt,SHOT-060-A,102,player,Team_A,1433.7,693.8,29.0,83.9,0.871
23,11.5,SNMOT-060_baseline_excerpt,SHOT-060-A,103,player,Team_A,308.6,786.6,41.7,106.7,0.864
23,11.5,SNMOT-060_baseline_excerpt,SHOT-060-A,104,player,Team_A,1221.6,810.4,27.5,78.8,0.99
23,11.5,SNMOT-060_baseline_excerpt,SHOT-060-A,105,player,Team_A,327.6,642.1,37.4,107.4,0.759
23,11.5,SNMOT-060_baseline_excerpt,SHOT-060-A,106,player,Team_A,691.3,871.0,26.1,90.3,0.918
23,11.5,SNMOT-060_baseline_excerpt,SHOT-060-A,107,player,Team_A,1148.5,825.0,26.9,74.9,0.99
23,11.5,SNMOT-060_baseline_excerpt,SHOT-060-A,108,player,Team_A,766.0,465.8,29.1,73.0,0.776
23,11.5,SNMOT-060_baseline_excerpt,SHOT-060-A,109,player,Team_A,1016.5,417.9,34.9,75.4,0.872
23,11.5,SNMOT-060_baseline_excerpt,SHOT-060-A,110,player,Team_A,1334.3,717.1,40.7,95.4,0.91
23,11.5,SNMOT-060_baseline_excerpt,SHOT-060-A,111,goalkeeper,Team_A,99.2,544.2,27.8,75.4,0.964
23,11.5,SNMOT-060_baseline_excerpt,SHOT-060-A,201,player,Team_B,1400.6,533.3,28.3,98.9,0.779
23,11.5,SNMOT-060_baseline_excerpt,SHOT-060-A,202,player,Team_B,1663.6,799.8,30.4,101.2,0.84
23,11.5,SNMOT-060_baseline_excerpt,SHOT-060-A,203,player,Team_B,1295.9,467.5,36.8,79.0,0.838
23,11.5,SNMOT-060_baseline_excerpt,SHOT-060-A,204,player,Team_B,898.5,417.8,34.3,75.6,0.787
23,11.5,SNMOT-060_baseline_excerpt,SHOT-060-A,205,player,Team_B,477.2,698.5,31.7,83.6,0.881
23,11.5,SNMOT-060_baseline_excerpt,SHOT-060-A,206,player,Team_B,1306.1,838.2,27.8,92.0,0.912
23,11.5,SNMOT-060_baseline_excerpt,SHOT-060-A,207,player,Team_B,722.2,483.0,41.5,91.9,0.866
23,11.5,SNMOT-060_baseline_excerpt,SHOT-060-A,208,player,Team_B,934.9,457.2,27.6,83.1,0.901
23,11.5,SNMOT-060_baseline_excerpt,SHOT-060-A,209,player,Team_B,501.4,541.7,27.1,89.2,0.727
23,11.5,SNMOT-060_baseline_excerpt,SHOT-060-A,210,player,Team_B,647.6,731.8,41.2,77.0,0.945
23,11.5,SNMOT-060_baseline_excerpt,SHOT-060-A,211,goalkeeper,Team_B,1768.6,553.8,37.3,101.5,0.955
23,11.5,SNMOT-060_baseline_excerpt,SHOT-060-A,300,referee,Referee,985.5,600.9,30.6,68.8,0.836
23,11.5,SNMOT-060_baseline_excerpt,SHOT-060-A,999,ball,N/A,872.8,527.6,11.1,10.1,0.476
24,12.0,SNMOT-060_baseline_excerpt,SHOT-060-A,101,player,Team_A,1322.2,550.9,35.3,89.7,0.94
24,12.0,SNMOT-060_baseline_excerpt,SHOT-060-A,102,player,Team_A,1444.2,700.1,33.7,73.0,0.797
24,12.0,SNMOT-060_baseline_excerpt,SHOT-060-A,103,player,Team_A,302.5,802.6,37.5,73.7,0.719
24,12.0,SNMOT-060_baseline_excerpt,SHOT-060-A,104,player,Team_A,1210.8,810.5,40.9,105.7,0.899
24,12.0,SNMOT-060_baseline_excerpt,SHOT-060-A,105,player,Team_A,337.2,664.6,37.8,75.7,0.773
24,12.0,SNMOT-060_baseline_excerpt,SHOT-060-A,106,player,Team_A,688.0,868.0,37.3,100.8,0.729
24,12.0,SNMOT-060_baseline_excerpt,SHOT-060-A,107,player,Team_A,1152.8,824.1,34.1,80.0,0.937
24,12.0,SNMOT-060_baseline_excerpt,SHOT-060-A,108,player,Team_A,761.3,463.0,31.9,84.6,0.82
24,12.0,SNMOT-060_baseline_excerpt,SHOT-060-A,109,player,Team_A,1019.2,395.0,31.4,101.6,0.886
24,12.0,SNMOT-060_baseline_excerpt,SHOT-060-A,110,player,Team_A,1310.5,717.9,38.7,93.2,0.821
24,12.0,SNMOT-060_baseline_excerpt,SHOT-060-A,111,goalkeeper,Team_A,99.3,538.8,26.6,83.8,0.66
24,12.0,SNMOT-060_baseline_excerpt,SHOT-060-A,201,player,Team_B,1389.5,531.2,36.8,96.0,0.967
24,12.0,SNMOT-060_baseline_excerpt,SHOT-060-A,202,player,Team_B,1656.6,817.6,31.0,83.9,0.757
24,12.0,SNMOT-060_baseline_excerpt,SHOT-060-A,203,player,Team_B,1292.3,472.8,40.3,73.3,0.906
24,12.0,SNMOT-060_baseline_excerpt,SHOT-060-A,204,player,Team_B,906.6,402.6,26.2,105.0,0.99
24,12.0,SNMOT-060_baseline_excerpt,SHOT-060-A,205,player,Team_B,481.2,703.1,40.8,92.0,0.913
24,12.0,SNMOT-060_baseline_excerpt,SHOT-060-A,206,player,Team_B,1294.4,839.4,33.0,81.7,0.862
24,12.0,SNMOT-060_baseline_excerpt,SHOT-060-A,208,player,Team_B,928.8,460.5,27.8,96.9,0.865
24,12.0,SNMOT-060_baseline_excerpt,SHOT-060-A,209,player,Team_B,501.7,542.7,40.5,103.6,0.789
24,12.0,SNMOT-060_baseline_excerpt,SHOT-060-A,210,player,Team_B,652.0,722.6,27.6,95.7,0.855
24,12.0,SNMOT-060_baseline_excerpt,SHOT-060-A,211,goalkeeper,Team_B,1771.5,556.6,29.7,94.3,0.819
24,12.0,SNMOT-060_baseline_excerpt,SHOT-060-A,300,referee,Referee,994.0,608.6,27.4,83.8,0.831
25,12.5,SNMOT-060_baseline_excerpt,SHOT-060-A,101,player,Team_A,1322.9,553.5,35.0,92.1,0.607
25,12.5,SNMOT-060_baseline_excerpt,SHOT-060-A,102,player,Team_A,1439.9,695.7,31.2,72.3,0.647
25,12.5,SNMOT-060_baseline_excerpt,SHOT-060-A,104,player,Team_A,1201.3,814.0,36.9,99.2,0.827
25,12.5,SNMOT-060_baseline_excerpt,SHOT-060-A,105,player,Team_A,329.3,652.5,26.0,73.3,0.906
25,12.5,SNMOT-060_baseline_excerpt,SHOT-060-A,106,player,Team_A,691.0,859.5,26.3,100.5,0.99
25,12.5,SNMOT-060_baseline_excerpt,SHOT-060-A,107,player,Team_A,1144.8,813.2,38.0,100.5,0.711
25,12.5,SNMOT-060_baseline_excerpt,SHOT-060-A,108,player,Team_A,756.1,451.6,33.0,88.1,0.903
25,12.5,SNMOT-060_baseline_excerpt,SHOT-060-A,109,player,Team_A,1020.7,385.3,39.2,104.7,0.886
25,12.5,SNMOT-060_baseline_excerpt,SHOT-060-A,110,player,Team_A,1317.6,711.9,39.4,92.3,0.914
25,12.5,SNMOT-060_baseline_excerpt,SHOT-060-A,111,goalkeeper,Team_A,99.9,546.2,35.4,72.1,0.652
25,12.5,SNMOT-060_baseline_excerpt,SHOT-060-A,201,player,Team_B,1371.0,530.7,37.5,99.3,0.86
25,12.5,SNMOT-060_baseline_excerpt,SHOT-060-A,202,player,Team_B,1667.6,813.1,26.0,95.2,0.946
25,12.5,SNMOT-060_baseline_excerpt,SHOT-060-A,203,player,Team_B,1285.2,493.8,36.9,82.0,0.99
25,12.5,SNMOT-060_baseline_excerpt,SHOT-060-A,204,player,Team_B,906.4,391.1,40.7,99.2,0.735
25,12.5,SNMOT-060_baseline_excerpt,SHOT-060-A,205,player,Team_B,489.1,691.6,34.3,103.3,0.99
25,12.5,SNMOT-060_baseline_excerpt,SHOT-060-A,206,player,Team_B,1297.5,842.0,27.7,77.5,0.812
25,12.5,SNMOT-060_baseline_excerpt,SHOT-060-A,208,player,Team_B,909.1,475.2,38.7,80.2,0.774
25,12.5,SNMOT-060_baseline_excerpt,SHOT-060-A,209,player,Team_B,506.8,534.1,34.7,103.9,0.723
25,12.5,SNMOT-060_baseline_excerpt,SHOT-060-A,210,player,Team_B,633.0,720.0,42.0,76.1,0.679
25,12.5,SNMOT-060_baseline_excerpt,SHOT-060-A,211,goalkeeper,Team_B,1773.5,565.3,34.3,82.5,0.9
25,12.5,SNMOT-060_baseline_excerpt,SHOT-060-A,300,referee,Referee,981.4,613.5,29.1,85.1,0.811
25,12.5,SNMOT-060_baseline_excerpt,SHOT-060-A,999,ball,N/A,864.0,563.6,12.1,12.3,0.771
26,13.0,SNMOT-060_baseline_excerpt,SHOT-060-A,101,player,Team_A,1332.9,560.4,28.2,83.1,0.764
26,13.0,SNMOT-060_baseline_excerpt,SHOT-060-A,102,player,Team_A,1437.9,684.6,30.1,98.8,0.947
26,13.0,SNMOT-060_baseline_excerpt,SHOT-060-A,103,player,Team_A,302.3,783.9,37.6,104.9,0.743
26,13.0,SNMOT-060_baseline_excerpt,SHOT-060-A,104,player,Team_A,1205.9,828.0,30.7,100.9,0.757
26,13.0,SNMOT-060_baseline_excerpt,SHOT-060-A,106,player,Team_A,698.6,874.6,30.6,76.7,0.851
26,13.0,SNMOT-060_baseline_excerpt,SHOT-060-A,108,player,Team_A,755.0,433.6,29.6,95.6,0.731
26,13.0,SNMOT-060_baseline_excerpt,SHOT-060-A,109,player,Team_A,1007.9,394.1,37.1,85.2,0.882
26,13.0,SNMOT-060_baseline_excerpt,SHOT-060-A,110,player,Team_A,1326.3,701.9,30.4,88.2,0.777
26,13.0,SNMOT-060_baseline_excerpt,SHOT-060-A,111,goalkeeper,Team_A,99.7,535.7,36.8,95.1,0.792
26,13.0,SNMOT-060_baseline_excerpt,SHOT-060-A,201,player,Team_B,1387.8,543.2,32.7,93.2,0.743
26,13.0,SNMOT-060_baseline_excerpt,SHOT-060-A,202,player,Team_B,1672.6,804.4,34.6,82.0,0.887
26,13.0,SNMOT-060_baseline_excerpt,SHOT-060-A,203,player,Team_B,1289.8,485.1,38.1,84.6,0.835
26,13.0,SNMOT-060_baseline_excerpt,SHOT-060-A,204,player,Team_B,924.5,414.2,29.4,83.1,0.927
26,13.0,SNMOT-060_baseline_excerpt,SHOT-060-A,205,player,Team_B,496.5,698.5,32.7,103.7,0.795
26,13.0,SNMOT-060_baseline_excerpt,SHOT-060-A,206,player,Team_B,1275.8,843.5,36.9,80.7,0.908
26,13.0,SNMOT-060_baseline_excerpt,SHOT-060-A,207,player,Team_B,762.4,490.2,35.2,85.0,0.758
26,13.0,SNMOT-060_baseline_excerpt,SHOT-060-A,208,player,Team_B,910.3,466.3,40.1,83.6,0.99
26,13.0,SNMOT-060_baseline_excerpt,SHOT-060-A,209,player,Team_B,513.8,539.0,28.7,87.3,0.69
26,13.0,SNMOT-060_baseline_excerpt,SHOT-060-A,210,player,Team_B,646.0,719.7,41.2,94.1,0.856
26,13.0,SNMOT-060_baseline_excerpt,SHOT-060-A,211,goalkeeper,Team_B,1775.7,552.1,34.7,99.1,0.908
26,13.0,SNMOT-060_baseline_excerpt,SHOT-060-A,999,ball,N/A,817.7,587.8,8.3,8.8,0.583
27,13.5,SNMOT-060_baseline_excerpt,SHOT-060-A,101,player,Team_A,1330.0,546.7,39.9,99.3,0.99
27,13.5,SNMOT-060_baseline_excerpt,SHOT-060-A,102,player,Team_A,1434.5,675.3,37.7,100.9,0.957
27,13.5,SNMOT-060_baseline_excerpt,SHOT-060-A,103,player,Team_A,295.4,791.5,39.6,87.5,0.97
27,13.5,SNMOT-060_baseline_excerpt,SHOT-060-A,104,player,Team_A,1204.7,816.8,37.4,99.2,0.792
27,13.5,SNMOT-060_baseline_excerpt,SHOT-060-A,105,player,Team_A,330.1,609.8,28.7,107.1,0.855
27,13.5,SNMOT-060_baseline_excerpt,SHOT-060-A,106,player,Team_A,712.0,875.9,29.4,78.8,0.881
27,13.5,SNMOT-060_baseline_excerpt,SHOT-060-A,107,player,Team_A,1152.7,822.4,30.0,103.6,0.886
27,13.5,SNMOT-060_baseline_excerpt,SHOT-060-A,108,player,Team_A,749.4,434.7,33.2,99.0,0.751
27,13.5,SNMOT-060_baseline_excerpt,SHOT-060-A,109,player,Team_A,990.4,398.9,40.8,77.9,0.676
27,13.5,SNMOT-060_baseline_excerpt,SHOT-060-A,110,player,Team_A,1315.8,713.6,26.9,100.4,0.857
27,13.5,SNMOT-060_baseline_excerpt,SHOT-060-A,111,goalkeeper,Team_A,95.7,531.7,41.0,106.6,0.874
27,13.5,SNMOT-060_baseline_excerpt,SHOT-060-A,201,player,Team_B,1374.6,556.3,37.3,74.8,0.842
27,13.5,SNMOT-060_baseline_excerpt,SHOT-060-A,202,player,Team_B,1652.0,793.4,40.9,80.1,0.835
27,13.5,SNMOT-060_baseline_excerpt,SHOT-060-A,203,player,Team_B,1283.5,467.8,31.6,97.1,0.78
27,13.5,SNMOT-060_baseline_excerpt,SHOT-060-A,204,player,Team_B,926.4,405.9,35.0,95.5,0.825
27,13.5,SNMOT-060_baseline_excerpt,SHOT-060-A,205,player,Team_B,503.9,716.6,26.2,79.4,0.773
27,13.5,SNMOT-060_baseline_excerpt,SHOT-060-A,206,player,Team_B,1282.8,840.5,36.7,94.7,0.913
27,13.5,SNMOT-060_baseline_excerpt,SHOT-060-A,207,player,Team_B,770.9,503.7,35.0,74.2,0.907
27,13.5,SNMOT-060_baseline_excerpt,SHOT-060-A,208,player,Team_B,914.4,459.2,37.0,102.3,0.816
27,13.5,SNMOT-060_baseline_excerpt,SHOT-060-A,210,player,Team_B,664.8,707.8,31.2,105.7,0.696
27,13.5,SNMOT-060_baseline_excerpt,SHOT-060-A,211,goalkeeper,Team_B,1778.2,568.8,33.5,82.5,0.785
27,13.5,SNMOT-060_baseline_excerpt,SHOT-060-A,300,referee,Referee,987.3,606.0,26.8,84.4,0.792
27,13.5,SNMOT-060_baseline_excerpt,SHOT-060-A,999,ball,N/A,803.1,582.4,11.5,9.2,0.558
28,14.0,SNMOT-060_baseline_excerpt,SHOT-060-A,101,player,Team_A,1340.6,552.2,32.3,93.7,0.933
28,14.0,SNMOT-060_baseline_excerpt,SHOT-060-A,102,player,Team_A,1443.7,689.6,27.3,88.9,0.888
28,14.0,SNMOT-060_baseline_excerpt,SHOT-060-A,103,player,Team_A,304.6,798.9,31.2,92.3,0.844
28,14.0,SNMOT-060_baseline_excerpt,SHOT-060-A,104,player,Team_A,1191.8,831.7,29.3,76.0,0.99
28,14.0,SNMOT-060_baseline_excerpt,SHOT-060-A,106,player,Team_A,724.0,858.4,37.5,104.9,0.915
28,14.0,SNMOT-060_baseline_excerpt,SHOT-060-A,107,player,Team_A,1134.6,819.9,39.6,105.4,0.846
28,14.0,SNMOT-060_baseline_excerpt,SHOT-060-A,108,player,Team_A,745.9,424.9,34.4,105.3,0.614
28,14.0,SNMOT-060_baseline_excerpt,SHOT-060-A,109,player,Team_A,988.8,400.7,29.1,77.2,0.823
28,14.0,SNMOT-060_baseline_excerpt,SHOT-060-A,110,player,Team_A,1306.2,711.0,36.7,101.3,0.844
28,14.0,SNMOT-060_baseline_excerpt,SHOT-060-A,111,goalkeeper,Team_A,100.0,538.1,33.6,103.2,0.844
28,14.0,SNMOT-060_baseline_excerpt,SHOT-060-A,201,player,Team_B,1374.0,542.8,34.7,95.8,0.871
28,14.0,SNMOT-060_baseline_excerpt,SHOT-060-A,202,player,Team_B,1641.9,785.1,40.8,79.5,0.979
28,14.0,SNMOT-060_baseline_excerpt,SHOT-060-A,203,player,Team_B,1281.5,476.0,40.6,91.1,0.726
28,14.0,SNMOT-060_baseline_excerpt,SHOT-060-A,204,player,Team_B,928.0,414.1,30.2,84.3,0.842
28,14.0,SNMOT-060_baseline_excerpt,SHOT-060-A,205,player,Team_B,527.2,724.7,29.0,78.9,0.728
28,14.0,SNMOT-060_baseline_excerpt,SHOT-060-A,206,player,Team_B,1284.3,836.9,27.5,103.5,0.813
28,14.0,SNMOT-060_baseline_excerpt,SHOT-060-A,207,player,Team_B,773.3,492.7,37.4,74.5,0.696
28,14.0,SNMOT-060_baseline_excerpt,SHOT-060-A,208,player,Team_B,906.8,472.4,32.3,83.4,0.852
28,14.0,SNMOT-060_baseline_excerpt,SHOT-060-A,209,player,Team_B,505.8,529.2,27.4,89.9,0.814
28,14.0,SNMOT-060_baseline_excerpt,SHOT-060-A,210,player,Team_B,656.2,718.2,28.3,90.8,0.977
28,14.0,SNMOT-060_baseline_excerpt,SHOT-060-A,211,goalkeeper,Team_B,1781.8,568.9,28.2,89.8,0.813
28,14.0,SNMOT-060_baseline_excerpt,SHOT-060-A,300,referee,Referee,985.2,603.2,26.3,76.9,0.725
28,14.0,SNMOT-060_baseline_excerpt,SHOT-060-A,999,ball,N/A,818.7,539.0,13.0,12.9,0.665
29,14.5,SNMOT-060_baseline_excerpt,SHOT-060-A,101,player,Team_A,1349.4,567.3,26.2,75.4,0.99
29,14.5,SNMOT-060_baseline_excerpt,SHOT-060-A,102,player,Team_A,1427.2,673.3,31.7,102.7,0.99
29,14.5,SNMOT-060_baseline_excerpt,SHOT-060-A,103,player,Team_A,301.7,794.3,28.4,77.8,0.791
29,14.5,SNMOT-060_baseline_excerpt,SHOT-060-A,104,player,Team_A,1195.0,827.1,26.7,92.3,0.91
29,14.5,SNMOT-060_baseline_excerpt,SHOT-060-A,105,player,Team_A,314.8,628.4,37.5,80.0,0.782
29,14.5,SNMOT-060_baseline_excerpt,SHOT-060-A,106,player,Team_A,712.7,869.9,41.2,95.5,0.869
29,14.5,SNMOT-060_baseline_excerpt,SHOT-060-A,107,player,Team_A,1149.3,829.3,31.7,95.1,0.823
29,14.5,SNMOT-060_baseline_excerpt,SHOT-060-A,108,player,Team_A,739.5,433.0,32.1,101.6,0.673
29,14.5,SNMOT-060_baseline_excerpt,SHOT-060-A,109,player,Team_A,986.0,398.3,33.7,81.4,0.813
29,14.5,SNMOT-060_baseline_excerpt,SHOT-060-A,110,player,Team_A,1306.4,697.7,36.7,91.7,0.775
29,14.5,SNMOT-060_baseline_excerpt,SHOT-060-A,111,goalkeeper,Team_A,100.1,550.6,41.3,86.2,0.778
29,14.5,SNMOT-060_baseline_excerpt,SHOT-060-A,201,player,Team_B,1364.7,543.2,35.4,76.3,0.87
29,14.5,SNMOT-060_baseline_excerpt,SHOT-060-A,202,player,Team_B,1650.0,797.0,28.9,86.1,0.827
29,14.5,SNMOT-060_baseline_excerpt,SHOT-060-A,204,player,Team_B,926.6,409.0,28.5,88.2,0.749
29,14.5,SNMOT-060_baseline_excerpt,SHOT-060-A,205,player,Team_B,528.3,722.3,34.6,105.2,0.823
29,14.5,SNMOT-060_baseline_excerpt,SHOT-060-A,206,player,Team_B,1278.0,844.3,27.6,99.5,0.792
29,14.5,SNMOT-060_baseline_excerpt,SHOT-060-A,207,player,Team_B,763.0,485.0,35.5,94.4,0.979
29,14.5,SNMOT-060_baseline_excerpt,SHOT-060-A,208,player,Team_B,902.8,469.7,35.0,83.0,0.883
29,14.5,SNMOT-060_baseline_excerpt,SHOT-060-A,209,player,Team_B,501.6,535.0,40.6,90.7,0.986
29,14.5,SNMOT-060_baseline_excerpt,SHOT-060-A,210,player,Team_B,659.9,719.8,38.3,81.6,0.728
29,14.5,SNMOT-060_baseline_excerpt,SHOT-060-A,211,goalkeeper,Team_B,1770.7,560.7,41.2,100.7,0.835
29,14.5,SNMOT-060_baseline_excerpt,SHOT-060-A,300,referee,Referee,985.6,590.9,29.2,79.5,0.752
29,14.5,SNMOT-060_baseline_excerpt,SHOT-060-A,999,ball,N/A,824.4,597.3,10.1,10.6,0.633
30,15.0,SNMOT-060_baseline_excerpt,SHOT-060-A,101,player,Team_A,1342.5,554.4,37.3,100.6,0.835
30,15.0,SNMOT-060_baseline_excerpt,SHOT-060-A,102,player,Team_A,1421.1,682.4,33.6,81.2,0.886
30,15.0,SNMOT-060_baseline_excerpt,SHOT-060-A,103,player,Team_A,296.0,792.7,30.0,91.4,0.928
30,15.0,SNMOT-060_baseline_excerpt,SHOT-060-A,105,player,Team_A,321.1,632.5,29.3,90.9,0.887
30,15.0,SNMOT-060_baseline_excerpt,SHOT-060-A,106,player,Team_A,710.8,880.6,30.0,72.7,0.836
30,15.0,SNMOT-060_baseline_excerpt,SHOT-060-A,107,player,Team_A,1145.1,835.6,37.3,107.8,0.807
30,15.0,SNMOT-060_baseline_excerpt,SHOT-060-A,108,player,Team_A,731.1,431.5,41.8,95.5,0.817
30,15.0,SNMOT-060_baseline_excerpt,SHOT-060-A,109,player,Team_A,995.2,386.2,33.7,105.1,0.918
30,15.0,SNMOT-060_baseline_excerpt,SHOT-060-A,110,player,Team_A,1328.3,706.7,33.9,74.9,0.691
30,15.0,SNMOT-060_baseline_excerpt,SHOT-060-A,111,goalkeeper,Team_A,105.2,558.0,34.3,76.2,0.865
30,15.0,SNMOT-060_baseline_excerpt,SHOT-060-A,201,player,Team_B,1355.9,560.0,38.9,75.8,0.965
30,15.0,SNMOT-060_baseline_excerpt,SHOT-060-A,202,player,Team_B,1664.2,796.3,27.0,88.2,0.899
30,15.0,SNMOT-060_baseline_excerpt,SHOT-060-A,203,player,Team_B,1287.3,476.8,27.8,92.4,0.784
30,15.0,SNMOT-060_baseline_excerpt,SHOT-060-A,204,player,Team_B,916.6,420.4,37.0,78.5,0.842
30,15.0,SNMOT-060_baseline_excerpt,SHOT-060-A,205,player,Team_B,534.8,725.3,40.0,93.7,0.781
30,15.0,SNMOT-060_baseline_excerpt,SHOT-060-A,206,player,Team_B,1281.7,844.2,26.5,98.4,0.868
30,15.0,SNMOT-060_baseline_excerpt,SHOT-060-A,207,player,Team_B,751.7,489.3,39.9,91.3,0.876
30,15.0,SNMOT-060_baseline_excerpt,SHOT-060-A,208,player,Team_B,899.7,475.0,34.1,97.8,0.84
30,15.0,SNMOT-060_baseline_excerpt,SHOT-060-A,209,player,Team_B,486.9,534.7,38.8,84.2,0.788
30,15.0,SNMOT-060_baseline_excerpt,SHOT-060-A,210,player,Team_B,660.5,727.4,27.1,73.1,0.73
30,15.0,SNMOT-060_baseline_excerpt,SHOT-060-A,211,goalkeeper,Team_B,1767.2,571.6,40.2,82.2,0.748
30,15.0,SNMOT-060_baseline_excerpt,SHOT-060-A,300,referee,Referee,974.9,586.3,32.2,87.0,0.816
31,15.5,SNMOT-060_baseline_excerpt,SHOT-060-A,101,player,Team_A,1349.6,559.1,30.6,97.2,0.857
31,15.5,SNMOT-060_baseline_excerpt,SHOT-060-A,102,player,Team_A,1405.0,705.4,40.3,77.6,0.817
31,15.5,SNMOT-060_baseline_excerpt,SHOT-060-A,103,player,Team_A,290.8,820.3,27.3,74.3,0.76
31,15.5,SNMOT-060_baseline_excerpt,SHOT-060-A,104,player,Team_A,1209.7,824.4,33.1,93.2,0.879
31,15.5,SNMOT-060_baseline_excerpt,SHOT-060-A,105,player,Team_A,307.5,617.7,42.0,84.6,0.827
31,15.5,SNMOT-060_baseline_excerpt,SHOT-060-A,106,player,Team_A,705.4,877.7,41.0,94.6,0.877
31,15.5,SNMOT-060_baseline_excerpt,SHOT-060-A,107,player,Team_A,1155.7,841.2,26.0,94.3,0.959
31,15.5,SNMOT-060_baseline_excerpt,SHOT-060-A,108,player,Team_A,736.7,448.8,39.2,91.8,0.99
31,15.5,SNMOT-060_baseline_excerpt,SHOT-060-A,109,player,Team_A,987.9,383.2,26.9,98.7,0.79
31,15.5,SNMOT-060_baseline_excerpt,SHOT-060-A,110,player,Team_A,1339.9,710.1,27.1,89.1,0.961
31,15.5,SNMOT-060_baseline_excerpt,SHOT-060-A,201,player,Team_B,1360.7,557.5,28.0,92.5,0.774
31,15.5,SNMOT-060_baseline_excerpt,SHOT-060-A,202,player,Team_B,1648.2,788.2,40.0,90.7,0.895
31,15.5,SNMOT-060_baseline_excerpt,SHOT-060-A,203,player,Team_B,1282.2,484.1,26.8,104.1,0.685
31,15.5,SNMOT-060_baseline_excerpt,SHOT-060-A,204,player,Team_B,909.0,428.2,37.9,80.7,0.817
31,15.5,SNMOT-060_baseline_excerpt,SHOT-060-A,205,player,Team_B,543.4,737.7,27.9,89.1,0.79
31,15.5,SNMOT-060_baseline_excerpt,SHOT-060-A,206,player,Team_B,1276.7,841.0,27.9,90.4,0.736
31,15.5,SNMOT-060_baseline_excerpt,SHOT-060-A,207,player,Team_B,747.3,486.3,29.1,104.3,0.919
31,15.5,SNMOT-060_baseline_excerpt,SHOT-060-A,208,player,Team_B,897.9,469.4,33.5,102.3,0.922
31,15.5,SNMOT-060_baseline_excerpt,SHOT-060-A,209,player,Team_B,484.4,533.5,35.3,79.2,0.838
31,15.5,SNMOT-060_baseline_excerpt,SHOT-060-A,210,player,Team_B,661.2,720.7,33.0,78.5,0.857
31,15.5,SNMOT-060_baseline_excerpt,SHOT-060-A,211,goalkeeper,Team_B,1769.7,575.6,37.9,72.7,0.81
31,15.5,SNMOT-060_baseline_excerpt,SHOT-060-A,300,referee,Referee,986.9,578.8,27.8,89.0,0.831
31,15.5,SNMOT-060_baseline_excerpt,SHOT-060-A,999,ball,N/A,860.0,578.9,8.8,9.3,0.626
32,16.0,SNMOT-060_baseline_excerpt,SHOT-060-A,101,player,Team_A,1351.7,568.2,30.9,78.5,0.765
32,16.0,SNMOT-060_baseline_excerpt,SHOT-060-A,102,player,Team_A,1437.9,699.3,29.0,77.0,0.766
32,16.0,SNMOT-060_baseline_excerpt,SHOT-060-A,103,player,Team_A,280.8,824.2,39.3,85.4,0.99
32,16.0,SNMOT-060_baseline_excerpt,SHOT-060-A,104,player,Team_A,1200.2,843.3,30.7,82.9,0.864
32,16.0,SNMOT-060_baseline_excerpt,SHOT-060-A,105,player,Team_A,310.4,616.0,27.8,88.5,0.843
32,16.0,SNMOT-060_baseline_excerpt,SHOT-060-A,107,player,Team_A,1142.4,822.6,36.6,91.0,0.747
32,16.0,SNMOT-060_baseline_excerpt,SHOT-060-A,109,player,Team_A,979.0,386.7,31.2,106.9,0.882
32,16.0,SNMOT-060_baseline_excerpt,SHOT-060-A,110,player,Team_A,1335.5,711.0,41.9,80.5,0.89
32,16.0,SNMOT-060_baseline_excerpt,SHOT-060-A,201,player,Team_B,1345.8,547.5,29.8,101.8,0.652
32,16.0,SNMOT-060_baseline_excerpt,SHOT-060-A,202,player,Team_B,1639.7,780.8,29.9,103.1,0.878
32,16.0,SNMOT-060_baseline_excerpt,SHOT-060-A,203,player,Team_B,1282.6,484.5,34.5,90.9,0.905
32,16.0,SNMOT-060_baseline_excerpt,SHOT-060-A,204,player,Team_B,897.4,438.3,31.7,89.2,0.767
32,16.0,SNMOT-060_baseline_excerpt,SHOT-060-A,206,player,Team_B,1272.5,833.9,28.1,86.3,0.788
32,16.0,SNMOT-060_baseline_excerpt,SHOT-060-A,207,player,Team_B,758.1,492.5,35.4,90.6,0.845
32,16.0,SNMOT-060_baseline_excerpt,SHOT-060-A,208,player,Team_B,882.9,492.0,32.9,82.7,0.835
32,16.0,SNMOT-060_baseline_excerpt,SHOT-060-A,209,player,Team_B,475.1,532.9,38.4,102.6,0.954
32,16.0,SNMOT-060_baseline_excerpt,SHOT-060-A,210,player,Team_B,669.8,701.2,29.7,91.8,0.865
32,16.0,SNMOT-060_baseline_excerpt,SHOT-060-A,211,goalkeeper,Team_B,1767.5,573.7,34.1,75.2,0.898
32,16.0,SNMOT-060_baseline_excerpt,SHOT-060-A,999,ball,N/A,848.5,600.1,9.8,9.4,0.318
33,16.5,SNMOT-060_baseline_excerpt,SHOT-060-A,101,player,Team_A,1353.2,550.0,27.1,96.6,0.852
33,16.5,SNMOT-060_baseline_excerpt,SHOT-060-A,102,player,Team_A,1445.8,688.8,38.3,98.1,0.887
33,16.5,SNMOT-060_baseline_excerpt,SHOT-060-A,103,player,Team_A,290.6,838.4,30.4,101.3,0.869
33,16.5,SNMOT-060_baseline_excerpt,SHOT-060-A,105,player,Team_A,298.7,630.2,40.0,77.9,0.99
33,16.5,SNMOT-060_baseline_excerpt,SHOT-060-A,106,player,Team_A,700.6,877.8,27.3,89.6,0.789
33,16.5,SNMOT-060_baseline_excerpt,SHOT-060-A,107,player,Team_A,1144.4,822.3,41.7,96.2,0.869
33,16.5,SNMOT-060_baseline_excerpt,SHOT-060-A,108,player,Team_A,736.6,445.2,40.1,80.5,0.99
33,16.5,SNMOT-060_baseline_excerpt,SHOT-060-A,109,player,Team_A,964.3,400.2,41.6,87.6,0.784
33,16.5,SNMOT-060_baseline_excerpt,SHOT-060-A,110,player,Team_A,1327.4,700.4,40.8,107.5,0.872
33,16.5,SNMOT-060_baseline_excerpt,SHOT-060-A,111,goalkeeper,Team_A,107.4,554.0,29.5,75.8,0.787
33,16.5,SNMOT-060_baseline_excerpt,SHOT-060-A,201,player,Team_B,1358.4,563.3,33.5,83.6,0.826
33,16.5,SNMOT-060_baseline_excerpt,SHOT-060-A,202,player,Team_B,1636.0,804.0,34.2,79.8,0.923
33,16.5,SNMOT-060_baseline_excerpt,SHOT-060-A,203,player,Team_B,1280.4,476.1,36.0,102.6,0.755
33,16.5,SNMOT-060_baseline_excerpt,SHOT-060-A,204,player,Team_B,899.5,439.8,33.2,83.7,0.829
33,16.5,SNMOT-060_baseline_excerpt,SHOT-060-A,205,player,Team_B,530.1,739.0,37.0,78.3,0.99
33,16.5,SNMOT-060_baseline_excerpt,SHOT-060-A,206,player,Team_B,1259.7,836.1,26.6,81.8,0.75
33,16.5,SNMOT-060_baseline_excerpt,SHOT-060-A,207,player,Team_B,765.3,496.1,33.4,102.4,0.901
33,16.5,SNMOT-060_baseline_excerpt,SHOT-060-A,208,player,Team_B,879.5,471.2,40.1,75.9,0.94
33,16.5,SNMOT-060_baseline_excerpt,SHOT-060-A,209,player,Team_B,471.6,540.6,33.3,75.0,0.882
33,16.5,SNMOT-060_baseline_excerpt,SHOT-060-A,210,player,Team_B,668.8,713.3,40.0,81.9,0.908
33,16.5,SNMOT-060_baseline_excerpt,SHOT-060-A,211,goalkeeper,Team_B,1764.0,573.8,36.6,77.1,0.573
33,16.5,SNMOT-060_baseline_excerpt,SHOT-060-A,300,referee,Referee,989.1,611.7,33.4,69.1,0.802
33,16.5,SNMOT-060_baseline_excerpt,SHOT-060-A,999,ball,N/A,890.0,607.1,12.3,11.6,0.494
34,17.0,SNMOT-060_baseline_excerpt,SHOT-060-A,101,player,Team_A,1328.6,546.0,32.4,96.1,0.863
34,17.0,SNMOT-060_baseline_excerpt,SHOT-060-A,102,player,Team_A,1455.8,691.2,41.6,88.0,0.696
34,17.0,SNMOT-060_baseline_excerpt,SHOT-060-A,103,player,Team_A,285.2,857.7,32.8,78.0,0.918
34,17.0,SNMOT-060_baseline_excerpt,SHOT-060-A,104,player,Team_A,1212.3,838.9,29.1,84.4,0.917
34,17.0,SNMOT-060_baseline_excerpt,SHOT-060-A,105,player,Team_A,301.8,627.9,34.7,81.6,0.755
34,17.0,SNMOT-060_baseline_excerpt,SHOT-060-A,106,player,Team_A,710.8,865.5,30.1,93.8,0.812
34,17.0,SNMOT-060_baseline_excerpt,SHOT-060-A,107,player,Team_A,1144.4,813.1,29.8,104.7,0.99
34,17.0,SNMOT-060_baseline_excerpt,SHOT-060-A,108,player,Team_A,743.9,435.7,36.2,79.5,0.99
34,17.0,SNMOT-060_baseline_excerpt,SHOT-060-A,109,player,Team_A,975.3,395.2,26.6,88.0,0.692
34,17.0,SNMOT-060_baseline_excerpt,SHOT-060-A,110,player,Team_A,1316.4,703.6,34.5,85.1,0.567
34,17.0,SNMOT-060_baseline_excerpt,SHOT-060-A,111,goalkeeper,Team_A,98.1,553.3,41.8,74.3,0.929
34,17.0,SNMOT-060_baseline_excerpt,SHOT-060-A,201,player,Team_B,1357.9,560.9,34.1,87.8,0.865
34,17.0,SNMOT-060_baseline_excerpt,SHOT-060-A,202,player,Team_B,1632.3,787.8,37.4,95.2,0.863
34,17.0,SNMOT-060_baseline_excerpt,SHOT-060-A,204,player,Team_B,895.3,425.4,30.4,95.6,0.787
34,17.0,SNMOT-060_baseline_excerpt,SHOT-060-A,205,player,Team_B,550.6,734.5,41.5,103.2,0.779
34,17.0,SNMOT-060_baseline_excerpt,SHOT-060-A,206,player,Team_B,1236.8,832.1,26.3,81.9,0.969
34,17.0,SNMOT-060_baseline_excerpt,SHOT-060-A,207,player,Team_B,768.6,503.3,33.7,102.3,0.859
34,17.0,SNMOT-060_baseline_excerpt,SHOT-060-A,209,player,Team_B,465.6,519.8,32.5,93.4,0.95
34,17.0,SNMOT-060_baseline_excerpt,SHOT-060-A,210,player,Team_B,674.4,703.7,34.1,105.9,0.914
34,17.0,SNMOT-060_baseline_excerpt,SHOT-060-A,211,goalkeeper,Team_B,1764.7,569.6,34.6,91.9,0.687
34,17.0,SNMOT-060_baseline_excerpt,SHOT-060-A,300,referee,Referee,994.2,614.0,28.1,77.7,0.745
34,17.0,SNMOT-060_baseline_excerpt,SHOT-060-A,999,ball,N/A,905.0,619.2,11.0,9.5,0.538
35,17.5,SNMOT-060_baseline_excerpt,SHOT-060-A,101,player,Team_A,1346.0,565.6,27.2,72.4,0.603
35,17.5,SNMOT-060_baseline_excerpt,SHOT-060-A,102,player,Team_A,1453.2,691.0,30.4,87.4,0.821
35,17.5,SNMOT-060_baseline_excerpt,SHOT-060-A,103,player,Team_A,278.0,849.7,28.2,99.9,0.99
35,17.5,SNMOT-060_baseline_excerpt,SHOT-060-A,104,player,Team_A,1193.0,824.5,27.4,106.2,0.923
35,17.5,SNMOT-060_baseline_excerpt,SHOT-060-A,105,player,Team_A,301.6,614.3,34.1,103.9,0.833
35,17.5,SNMOT-060_baseline_excerpt,SHOT-060-A,106,player,Team_A,712.8,878.8,30.7,80.6,0.928
35,17.5,SNMOT-060_baseline_excerpt,SHOT-060-A,107,player,Team_A,1143.0,823.5,37.1,93.0,0.865
35,17.5,SNMOT-060_baseline_excerpt,SHOT-060-A,108,player,Team_A,753.6,424.0,32.2,85.1,0.877
35,17.5,SNMOT-060_baseline_excerpt,SHOT-060-A,109,player,Team_A,983.2,398.8,39.8,102.4,0.715
35,17.5,SNMOT-060_baseline_excerpt,SHOT-060-A,110,player,Team_A,1333.3,706.9,29.6,82.1,0.909
35,17.5,SNMOT-060_baseline_excerpt,SHOT-060-A,111,goalkeeper,Team_A,103.5,547.5,29.5,90.2,0.853
35,17.5,SNMOT-060_baseline_excerpt,SHOT-060-A,201,player,Team_B,1357.4,564.0,28.9,103.6,0.71
35,17.5,SNMOT-060_baseline_excerpt,SHOT-060-A,202,player,Team_B,1620.6,795.6,36.9,79.8,0.57
35,17.5,SNMOT-060_baseline_excerpt,SHOT-060-A,203,player,Team_B,1288.7,468.0,31.2,101.3,0.926
35,17.5,SNMOT-060_baseline_excerpt,SHOT-060-A,204,player,Team_B,892.2,428.4,28.6,81.9,0.849
35,17.5,SNMOT-060_baseline_excerpt,SHOT-060-A,205,player,Team_B,563.2,733.0,33.8,97.8,0.799
35,17.5,SNMOT-060_baseline_excerpt,SHOT-060-A,206,player,Team_B,1234.4,826.3,30.0,94.7,0.866
35,17.5,SNMOT-060_baseline_excerpt,SHOT-060-A,207,player,Team_B,749.7,519.9,29.0,102.9,0.808
35,17.5,SNMOT-060_baseline_excerpt,SHOT-060-A,208,player,Team_B,868.5,470.1,38.8,93.4,0.809
35,17.5,SNMOT-060_baseline_excerpt,SHOT-060-A,209,player,Team_B,460.7,537.8,37.9,80.6,0.752
35,17.5,SNMOT-060_baseline_excerpt,SHOT-060-A,210,player,Team_B,669.2,699.6,29.9,85.0,0.958
35,17.5,SNMOT-060_baseline_excerpt,SHOT-060-A,211,goalkeeper,Team_B,1768.3,575.9,29.9,80.5,0.846
36,18.0,SNMOT-060_baseline_excerpt,SHOT-060-A,101,player,Team_A,1341.4,575.8,32.6,88.7,0.718
36,18.0,SNMOT-060_baseline_excerpt,SHOT-060-A,102,player,Team_A,1447.8,688.4,29.6,83.2,0.91
36,18.0,SNMOT-060_baseline_excerpt,SHOT-060-A,103,player,Team_A,282.2,839.3,29.0,105.1,0.99
36,18.0,SNMOT-060_baseline_excerpt,SHOT-060-A,104,player,Team_A,1191.7,820.2,31.7,93.4,0.756
36,18.0,SNMOT-060_baseline_excerpt,SHOT-060-A,105,player,Team_A,296.8,634.7,35.8,79.9,0.801
36,18.0,SNMOT-060_baseline_excerpt,SHOT-060-A,107,player,Team_A,1146.9,823.6,37.2,86.5,0.956
36,18.0,SNMOT-060_baseline_excerpt,SHOT-060-A,108,player,Team_A,760.2,412.1,29.2,82.5,0.842
36,18.0,SNMOT-060_baseline_excerpt,SHOT-060-A,109,player,Team_A,988.3,410.2,40.7,102.2,0.856
36,18.0,SNMOT-060_baseline_excerpt,SHOT-060-A,110,player,Team_A,1331.8,707.8,33.0,83.6,0.763
36,18.0,SNMOT-060_baseline_excerpt,SHOT-060-A,111,goalkeeper,Team_A,103.4,546.9,26.7,90.9,0.752
36,18.0,SNMOT-060_baseline_excerpt,SHOT-060-A,201,player,Team_B,1362.5,567.0,40.2,99.5,0.938
36,18.0,SNMOT-060_baseline_excerpt,SHOT-060-A,202,player,Team_B,1621.1,788.9,29.9,108.0,0.951
36,18.0,SNMOT-060_baseline_excerpt,SHOT-060-A,203,player,Team_B,1300.2,478.0,29.6,87.2,0.768
36,18.0,SNMOT-060_baseline_excerpt,SHOT-060-A,204,player,Team_B,904.7,428.2,34.8,91.8,0.7
36,18.0,SNMOT-060_baseline_excerpt,SHOT-060-A,205,player,Team_B,571.0,734.8,30.8,77.2,0.782
36,18.0,SNMOT-060_baseline_excerpt,SHOT-060-A,206,player,Team_B,1232.7,845.6,30.4,90.1,0.926
36,18.0,SNMOT-060_baseline_excerpt,SHOT-060-A,207,player,Team_B,753.5,523.9,41.7,80.0,0.99
36,18.0,SNMOT-060_baseline_excerpt,SHOT-060-A,208,player,Team_B,874.2,451.2,28.8,92.9,0.906
36,18.0,SNMOT-060_baseline_excerpt,SHOT-060-A,209,player,Team_B,462.6,530.2,38.5,87.0,0.75
36,18.0,SNMOT-060_baseline_excerpt,SHOT-060-A,210,player,Team_B,665.4,702.6,31.5,85.1,0.604
36,18.0,SNMOT-060_baseline_excerpt,SHOT-060-A,211,goalkeeper,Team_B,1762.3,562.7,39.2,103.0,0.786
36,18.0,SNMOT-060_baseline_excerpt,SHOT-060-A,300,referee,Referee,1005.2,623.3,32.3,78.8,0.844
36,18.0,SNMOT-060_baseline_excerpt,SHOT-060-A,999,ball,N/A,897.0,626.2,8.9,11.1,0.611
37,18.5,SNMOT-060_baseline_excerpt,SHOT-060-A,101,player,Team_A,1334.8,564.3,35.6,99.6,0.92
37,18.5,SNMOT-060_baseline_excerpt,SHOT-060-A,102,player,Team_A,1446.6,676.0,32.9,92.0,0.889
37,18.5,SNMOT-060_baseline_excerpt,SHOT-060-A,103,player,Team_A,278.5,823.9,40.7,107.2,0.877
37,18.5,SNMOT-060_baseline_excerpt,SHOT-060-A,104,player,Team_A,1194.6,810.4,40.0,90.0,0.882
37,18.5,SNMOT-060_baseline_excerpt,SHOT-060-A,105,player,Team_A,292.9,620.1,35.9,92.3,0.78
37,18.5,SNMOT-060_baseline_excerpt,SHOT-060-A,106,player,Team_A,720.3,865.2,40.3,89.4,0.839
37,18.5,SNMOT-060_baseline_excerpt,SHOT-060-A,107,player,Team_A,1147.2,834.3,33.6,79.8,0.963
37,18.5,SNMOT-060_baseline_excerpt,SHOT-060-A,108,player,Team_A,757.6,421.1,33.3,82.9,0.701
37,18.5,SNMOT-060_baseline_excerpt,SHOT-060-A,109,player,Team_A,980.3,412.1,36.4,98.4,0.659
37,18.5,SNMOT-060_baseline_excerpt,SHOT-060-A,110,player,Team_A,1342.6,706.6,36.0,102.1,0.888
37,18.5,SNMOT-060_baseline_excerpt,SHOT-060-A,111,goalkeeper,Team_A,104.1,550.5,26.1,90.2,0.825
37,18.5,SNMOT-060_baseline_excerpt,SHOT-060-A,202,player,Team_B,1613.4,804.6,26.4,91.1,0.882
37,18.5,SNMOT-060_baseline_excerpt,SHOT-060-A,203,player,Team_B,1282.0,481.5,28.0,96.3,0.846
37,18.5,SNMOT-060_baseline_excerpt,SHOT-060-A,204,player,Team_B,920.3,425.9,38.1,91.5,0.856
37,18.5,SNMOT-060_baseline_excerpt,SHOT-060-A,205,player,Team_B,579.6,730.8,28.7,72.7,0.83
37,18.5,SNMOT-060_baseline_excerpt,SHOT-060-A,206,player,Team_B,1237.7,862.0,33.2,80.8,0.99
37,18.5,SNMOT-060_baseline_excerpt,SHOT-060-A,207,player,Team_B,761.1,531.5,32.0,73.4,0.827
37,18.5,SNMOT-060_baseline_excerpt,SHOT-060-A,208,player,Team_B,884.5,480.6,27.6,75.7,0.99
37,18.5,SNMOT-060_baseline_excerpt,SHOT-060-A,210,player,Team_B,653.5,709.9,40.6,86.6,0.833
37,18.5,SNMOT-060_baseline_excerpt,SHOT-060-A,211,goalkeeper,Team_B,1767.3,570.4,27.7,87.8,0.922
37,18.5,SNMOT-060_baseline_excerpt,SHOT-060-A,300,referee,Referee,1006.2,616.8,26.6,79.1,0.784
38,19.0,SNMOT-060_baseline_excerpt,SHOT-060-A,101,player,Team_A,1341.9,576.0,30.1,100.9,0.851
38,19.0,SNMOT-060_baseline_excerpt,SHOT-060-A,102,player,Team_A,1446.8,670.1,32.8,79.0,0.892
38,19.0,SNMOT-060_baseline_excerpt,SHOT-060-A,103,player,Team_A,277.6,844.8,31.9,73.8,0.947
38,19.0,SNMOT-060_baseline_excerpt,SHOT-060-A,104,player,Team_A,1178.8,804.7,41.3,103.5,0.733
38,19.0,SNMOT-060_baseline_excerpt,SHOT-060-A,105,player,Team_A,307.9,616.6,35.2,97.9,0.771
38,19.0,SNMOT-060_baseline_excerpt,SHOT-060-A,106,player,Team_A,713.7,871.5,41.8,85.6,0.717
38,19.0,SNMOT-060_baseline_excerpt,SHOT-060-A,107,player,Team_A,1163.1,828.9,30.9,93.9,0.751
38,19.0,SNMOT-060_baseline_excerpt,SHOT-060-A,108,player,Team_A,764.3,436.1,38.2,93.0,0.764
38,19.0,SNMOT-060_baseline_excerpt,SHOT-060-A,109,player,Team_A,999.6,412.6,34.9,94.1,0.79
38,19.0,SNMOT-060_baseline_excerpt,SHOT-060-A,110,player,Team_A,1333.6,715.7,42.0,82.6,0.753
38,19.0,SNMOT-060_baseline_excerpt,SHOT-060-A,111,goalkeeper,Team_A,102.1,550.0,31.6,95.0,0.756
38,19.0,SNMOT-060_baseline_excerpt,SHOT-060-A,201,player,Team_B,1363.8,580.1,32.5,83.8,0.934
38,19.0,SNMOT-060_baseline_excerpt,SHOT-060-A,203,player,Team_B,1273.6,488.0,40.7,87.8,0.701
38,19.0,SNMOT-060_baseline_excerpt,SHOT-060-A,204,player,Team_B,922.9,416.0,28.6,84.9,0.884
38,19.0,SNMOT-060_baseline_excerpt,SHOT-060-A,205,player,Team_B,585.4,720.1,30.4,84.2,0.78
38,19.0,SNMOT-060_baseline_excerpt,SHOT-060-A,206,player,Team_B,1251.5,861.3,27.1,98.0,0.972
38,19.0,SNMOT-060_baseline_excerpt,SHOT-060-A,207,player,Team_B,761.7,529.5,38.1,95.7,0.883
38,19.0,SNMOT-060_baseline_excerpt,SHOT-060-A,208,player,Team_B,879.2,483.8,32.7,85.1,0.794
38,19.0,SNMOT-060_baseline_excerpt,SHOT-060-A,209,player,Team_B,468.9,512.6,40.4,103.8,0.926
38,19.0,SNMOT-060_baseline_excerpt,SHOT-060-A,210,player,Team_B,652.0,721.7,31.1,77.2,0.99
38,19.0,SNMOT-060_baseline_excerpt,SHOT-060-A,211,goalkeeper,Team_B,1769.3,566.3,30.1,98.0,0.99
38,19.0,SNMOT-060_baseline_excerpt,SHOT-060-A,300,referee,Referee,1016.9,627.1,31.8,72.5,0.691
39,19.5,SNMOT-060_baseline_excerpt,SHOT-060-A,101,player,Team_A,1345.4,577.6,32.2,107.2,0.67
39,19.5,SNMOT-060_baseline_excerpt,SHOT-060-A,102,player,Team_A,1454.3,654.5,31.2,96.8,0.903
39,19.5,SNMOT-060_baseline_excerpt,SHOT-060-A,103,player,Team_A,273.5,819.1,28.3,91.9,0.99
39,19.5,SNMOT-060_baseline_excerpt,SHOT-060-A,104,player,Team_A,1166.1,819.1,39.1,81.6,0.884
39,19.5,SNMOT-060_baseline_excerpt,SHOT-060-A,105,player,Team_A,300.3,622.1,33.5,73.1,0.769
39,19.5,SNMOT-060_baseline_excerpt,SHOT-060-A,106,player,Team_A,720.7,886.0,33.8,100.3,0.846
39,19.5,SNMOT-060_baseline_excerpt,SHOT-060-A,107,player,Team_A,1164.6,826.7,39.1,105.4,0.957
39,19.5,SNMOT-060_baseline_excerpt,SHOT-060-A,108,player,Team_A,780.6,449.7,32.8,98.3,0.914
39,19.5,SNMOT-060_baseline_excerpt,SHOT-060-A,109,player,Team_A,994.0,412.0,28.5,76.6,0.947
39,19.5,SNMOT-060_baseline_excerpt,SHOT-060-A,110,player,Team_A,1346.3,718.1,30.3,101.8,0.713
39,19.5,SNMOT-060_baseline_excerpt,SHOT-060-A,201,player,Team_B,1374.2,594.7,40.9,91.1,0.885
39,19.5,SNMOT-060_baseline_excerpt,SHOT-060-A,202,player,Team_B,1612.3,804.3,37.0,76.0,0.922
39,19.5,SNMOT-060_baseline_excerpt,SHOT-060-A,203,player,Team_B,1282.6,496.2,38.7,77.1,0.861
39,19.5,SNMOT-060_baseline_excerpt,SHOT-060-A,204,player,Team_B,898.5,418.0,41.1,79.5,0.895
39,19.5,SNMOT-060_baseline_excerpt,SHOT-060-A,205,player,Team_B,582.8,703.2,35.2,108.0,0.832
39,19.5,SNMOT-060_baseline_excerpt,SHOT-060-A,206,player,Team_B,1245.0,865.7,40.1,104.9,0.838
39,19.5,SNMOT-060_baseline_excerpt,SHOT-060-A,207,player,Team_B,760.7,530.6,31.0,95.9,0.99
39,19.5,SNMOT-060_baseline_excerpt,SHOT-060-A,208,player,Team_B,869.8,501.1,41.4,83.0,0.878
39,19.5,SNMOT-060_baseline_excerpt,SHOT-060-A,209,player,Team_B,474.6,511.6,27.8,94.5,0.822
39,19.5,SNMOT-060_baseline_excerpt,SHOT-060-A,210,player,Team_B,651.4,723.6,27.6,91.3,0.884
39,19.5,SNMOT-060_baseline_excerpt,SHOT-060-A,211,goalkeeper,Team_B,1774.5,579.2,28.8,78.9,0.826
39,19.5,SNMOT-060_baseline_excerpt,SHOT-060-A,300,referee,Referee,1033.1,608.5,28.3,84.2,0.833
40,20.0,SNMOT-060_baseline_excerpt,SHOT-060-A,101,player,Team_A,1347.0,596.5,39.5,90.7,0.916
40,20.0,SNMOT-060_baseline_excerpt,SHOT-060-A,102,player,Team_A,1440.1,660.2,35.7,85.3,0.853
40,20.0,SNMOT-060_baseline_excerpt,SHOT-060-A,103,player,Team_A,260.1,823.7,35.6,91.8,0.933
40,20.0,SNMOT-060_baseline_excerpt,SHOT-060-A,104,player,Team_A,1181.3,803.9,33.3,82.4,0.741
40,20.0,SNMOT-060_baseline_excerpt,SHOT-060-A,105,player,Team_A,305.5,606.4,40.1,82.9,0.794
40,20.0,SNMOT-060_baseline_excerpt,SHOT-060-A,106,player,Team_A,715.6,899.2,31.8,75.6,0.878
40,20.0,SNMOT-060_baseline_excerpt,SHOT-060-A,107,player,Team_A,1160.1,849.1,28.5,79.0,0.843
40,20.0,SNMOT-060_baseline_excerpt,SHOT-060-A,108,player,Team_A,780.0,461.3,39.8,83.7,0.845
40,20.0,SNMOT-060_baseline_excerpt,SHOT-060-A,109,player,Team_A,999.6,395.4,38.0,97.1,0.864
40,20.0,SNMOT-060_baseline_excerpt,SHOT-060-A,110,player,Team_A,1339.1,714.9,41.2,92.5,0.901
40,20.0,SNMOT-060_baseline_excerpt,SHOT-060-A,111,goalkeeper,Team_A,91.0,552.2,38.7,93.0,0.835
40,20.0,SNMOT-060_baseline_excerpt,SHOT-060-A,201,player,Team_B,1368.8,592.6,32.6,92.7,0.983
40,20.0,SNMOT-060_baseline_excerpt,SHOT-060-A,202,player,Team_B,1613.9,804.8,40.6,91.7,0.815
40,20.0,SNMOT-060_baseline_excerpt,SHOT-060-A,203,player,Team_B,1285.8,488.3,37.3,73.7,0.761
40,20.0,SNMOT-060_baseline_excerpt,SHOT-060-A,204,player,Team_B,910.3,409.0,29.6,87.9,0.922
40,20.0,SNMOT-060_baseline_excerpt,SHOT-060-A,205,player,Team_B,602.1,703.3,31.0,95.1,0.638
40,20.0,SNMOT-060_baseline_excerpt,SHOT-060-A,206,player,Team_B,1244.0,876.2,38.3,74.1,0.903
40,20.0,SNMOT-060_baseline_excerpt,SHOT-060-A,207,player,Team_B,769.1,533.6,27.1,76.1,0.783
40,20.0,SNMOT-060_baseline_excerpt,SHOT-060-A,209,player,Team_B,458.2,517.7,38.5,85.5,0.711
40,20.0,SNMOT-060_baseline_excerpt,SHOT-060-A,210,player,Team_B,639.6,721.5,40.1,88.0,0.923
40,20.0,SNMOT-060_baseline_excerpt,SHOT-060-A,211,goalkeeper,Team_B,1765.7,570.3,40.6,100.8,0.836
41,20.5,SNMOT-060_baseline_excerpt,SHOT-060-A,101,player,Team_A,1354.0,590.4,36.5,102.0,0.77
41,20.5,SNMOT-060_baseline_excerpt,SHOT-060-A,102,player,Team_A,1420.9,655.7,34.3,104.5,0.904
41,20.5,SNMOT-060_baseline_excerpt,SHOT-060-A,103,player,Team_A,247.1,826.3,39.9,85.4,0.88
41,20.5,SNMOT-060_baseline_excerpt,SHOT-060-A,105,player,Team_A,310.5,596.3,40.3,91.6,0.894
41,20.5,SNMOT-060_baseline_excerpt,SHOT-060-A,106,player,Team_A,711.0,886.7,30.7,76.5,0.89
41,20.5,SNMOT-060_baseline_excerpt,SHOT-060-A,107,player,Team_A,1148.6,844.5,27.6,74.3,0.839
41,20.5,SNMOT-060_baseline_excerpt,SHOT-060-A,108,player,Team_A,782.0,473.9,39.4,74.1,0.951
41,20.5,SNMOT-060_baseline_excerpt,SHOT-060-A,109,player,Team_A,999.4,409.8,37.0,75.7,0.885
41,20.5,SNMOT-060_baseline_excerpt,SHOT-060-A,110,player,Team_A,1350.3,724.9,27.6,99.5,0.799
41,20.5,SNMOT-060_baseline_excerpt,SHOT-060-A,111,goalkeeper,Team_A,92.6,550.5,40.1,95.4,0.934
41,20.5,SNMOT-060_baseline_excerpt,SHOT-060-A,201,player,Team_B,1368.6,594.8,40.2,96.5,0.876
41,20.5,SNMOT-060_baseline_excerpt,SHOT-060-A,202,player,Team_B,1612.8,813.4,36.7,104.9,0.842
41,20.5,SNMOT-060_baseline_excerpt,SHOT-060-A,203,player,Team_B,1272.9,475.0,40.4,96.5,0.933
41,20.5,SNMOT-060_baseline_excerpt,SHOT-060-A,204,player,Team_B,898.1,410.1,41.5,73.3,0.84
41,20.5,SNMOT-060_baseline_excerpt,SHOT-060-A,205,player,Team_B,598.8,712.5,35.8,77.1,0.91
41,20.5,SNMOT-060_baseline_excerpt,SHOT-060-A,206,player,Team_B,1227.7,859.5,40.6,98.8,0.938
41,20.5,SNMOT-060_baseline_excerpt,SHOT-060-A,207,player,Team_B,748.8,535.4,35.9,84.7,0.601
41,20.5,SNMOT-060_baseline_excerpt,SHOT-060-A,208,player,Team_B,882.5,494.0,34.4,80.0,0.883
41,20.5,SNMOT-060_baseline_excerpt,SHOT-060-A,209,player,Team_B,469.1,502.8,27.4,107.8,0.952
41,20.5,SNMOT-060_baseline_excerpt,SHOT-060-A,210,player,Team_B,622.9,700.1,37.8,103.7,0.885
41,20.5,SNMOT-060_baseline_excerpt,SHOT-060-A,211,goalkeeper,Team_B,1763.2,584.7,37.1,76.8,0.675
41,20.5,SNMOT-060_baseline_excerpt,SHOT-060-A,300,referee,Referee,1015.1,612.8,33.1,83.8,0.789
41,20.5,SNMOT-060_baseline_excerpt,SHOT-060-A,999,ball,N/A,917.7,663.3,10.8,10.5,0.529
42,21.0,SNMOT-060_baseline_excerpt,SHOT-060-A,101,player,Team_A,1357.9,591.2,38.1,90.5,0.82
42,21.0,SNMOT-060_baseline_excerpt,SHOT-060-A,102,player,Team_A,1414.1,651.8,38.7,82.8,0.802
42,21.0,SNMOT-060_baseline_excerpt,SHOT-060-A,103,player,Team_A,264.3,816.7,39.5,98.0,0.988
42,21.0,SNMOT-060_baseline_excerpt,SHOT-060-A,104,player,Team_A,1186.2,811.5,30.0,90.9,0.826
42,21.0,SNMOT-060_baseline_excerpt,SHOT-060-A,105,player,Team_A,325.3,602.2,36.5,91.8,0.795
42,21.0,SNMOT-060_baseline_excerpt,SHOT-060-A,106,player,Team_A,695.1,879.7,29.2,85.6,0.76
42,21.0,SNMOT-060_baseline_excerpt,SHOT-060-A,107,player,Team_A,1144.3,837.8,40.2,105.9,0.928
42,21.0,SNMOT-060_baseline_excerpt,SHOT-060-A,108,player,Team_A,753.6,478.0,39.8,72.9,0.849
42,21.0,SNMOT-060_baseline_excerpt,SHOT-060-A,109,player,Team_A,996.6,411.0,34.2,92.0,0.852
42,21.0,SNMOT-060_baseline_excerpt,SHOT-060-A,110,player,Team_A,1373.8,727.9,37.8,96.2,0.953
42,21.0,SNMOT-060_baseline_excerpt,SHOT-060-A,111,goalkeeper,Team_A,94.1,544.3,29.1,94.9,0.82
42,21.0,SNMOT-060_baseline_excerpt,SHOT-060-A,201,player,Team_B,1355.1,600.2,33.6,93.9,0.919
42,21.0,SNMOT-060_baseline_excerpt,SHOT-060-A,202,player,Team_B,1626.6,821.0,29.6,100.3,0.686
42,21.0,SNMOT-060_baseline_excerpt,SHOT-060-A,203,player,Team_B,1265.3,465.4,28.5,102.3,0.951
42,21.0,SNMOT-060_baseline_excerpt,SHOT-060-A,204,player,Team_B,909.4,402.4,39.6,73.0,0.879
42,21.0,SNMOT-060_baseline_excerpt,SHOT-060-A,205,player,Team_B,572.5,721.8,27.0,102.0,0.819
42,21.0,SNMOT-060_baseline_excerpt,SHOT-060-A,206,player,Team_B,1229.1,857.1,40.1,94.9,0.958
42,21.0,SNMOT-060_baseline_excerpt,SHOT-060-A,207,player,Team_B,758.1,531.7,27.7,91.0,0.861
42,21.0,SNMOT-060_baseline_excerpt,SHOT-060-A,208,player,Team_B,882.0,494.2,38.4,103.3,0.743
42,21.0,SNMOT-060_baseline_excerpt,SHOT-060-A,209,player,Team_B,462.7,510.1,30.8,92.2,0.784
42,21.0,SNMOT-060_baseline_excerpt,SHOT-060-A,210,player,Team_B,640.8,708.2,26.7,107.7,0.761
42,21.0,SNMOT-060_baseline_excerpt,SHOT-060-A,211,goalkeeper,Team_B,1767.9,586.8,29.8,86.2,0.808
42,21.0,SNMOT-060_baseline_excerpt,SHOT-060-A,300,referee,Referee,1006.3,617.3,25.5,87.6,0.733
42,21.0,SNMOT-060_baseline_excerpt,SHOT-060-A,999,ball,N/A,914.3,648.3,9.8,11.3,0.7
43,21.5,SNMOT-060_baseline_excerpt,SHOT-060-A,102,player,Team_A,1422.3,642.7,27.2,96.1,0.73
43,21.5,SNMOT-060_baseline_excerpt,SHOT-060-A,103,player,Team_A,269.9,815.3,31.0,97.0,0.99
43,21.5,SNMOT-060_baseline_excerpt,SHOT-060-A,104,player,Team_A,1178.3,809.2,38.8,85.9,0.777
43,21.5,SNMOT-060_baseline_excerpt,SHOT-060-A,105,player,Team_A,327.2,580.6,29.5,99.2,0.722
43,21.5,SNMOT-060_baseline_excerpt,SHOT-060-A,106,player,Team_A,687.1,869.1,34.6,101.8,0.916
43,21.5,SNMOT-060_baseline_excerpt,SHOT-060-A,108,player,Team_A,759.3,475.1,27.7,96.8,0.774
43,21.5,SNMOT-060_baseline_excerpt,SHOT-060-A,109,player,Team_A,993.6,413.3,35.3,101.4,0.958
43,21.5,SNMOT-060_baseline_excerpt,SHOT-060-A,110,player,Team_A,1386.0,727.8,35.1,77.6,0.795
43,21.5,SNMOT-060_baseline_excerpt,SHOT-060-A,111,goalkeeper,Team_A,84.5,539.4,38.5,102.9,0.866
43,21.5,SNMOT-060_baseline_excerpt,SHOT-060-A,201,player,Team_B,1380.0,611.7,27.9,74.1,0.805
43,21.5,SNMOT-060_baseline_excerpt,SHOT-060-A,202,player,Team_B,1614.7,830.6,41.7,104.2,0.845
43,21.5,SNMOT-060_baseline_excerpt,SHOT-060-A,203,player,Team_B,1264.8,485.6,28.4,76.2,0.931
43,21.5,SNMOT-060_baseline_excerpt,SHOT-060-A,204,player,Team_B,913.1,410.0,28.0,72.7,0.957
43,21.5,SNMOT-060_baseline_excerpt,SHOT-060-A,205,player,Team_B,571.4,727.2,29.5,87.3,0.891
43,21.5,SNMOT-060_baseline_excerpt,SHOT-060-A,206,player,Team_B,1232.4,858.6,34.5,86.0,0.862
43,21.5,SNMOT-060_baseline_excerpt,SHOT-060-A,207,player,Team_B,771.0,529.3,32.9,91.6,0.973
43,21.5,SNMOT-060_baseline_excerpt,SHOT-060-A,209,player,Team_B,456.6,513.5,40.2,94.9,0.891
43,21.5,SNMOT-060_baseline_excerpt,SHOT-060-A,210,player,Team_B,631.5,715.1,39.9,89.5,0.737
43,21.5,SNMOT-060_baseline_excerpt,SHOT-060-A,211,goalkeeper,Team_B,1766.6,593.3,26.8,72.5,0.898
43,21.5,SNMOT-060_baseline_excerpt,SHOT-060-A,300,referee,Referee,999.0,624.0,27.6,69.6,0.72
43,21.5,SNMOT-060_baseline_excerpt,SHOT-060-A,999,ball,N/A,934.9,656.1,8.4,8.5,0.713
44,22.0,SNMOT-060_baseline_excerpt,SHOT-060-A,101,player,Team_A,1341.0,617.2,37.7,74.4,0.944
44,22.0,SNMOT-060_baseline_excerpt,SHOT-060-A,102,player,Team_A,1448.8,633.1,32.0,74.3,0.888
44,22.0,SNMOT-060_baseline_excerpt,SHOT-060-A,103,player,Team_A,269.0,813.8,29.2,102.4,0.962
44,22.0,SNMOT-060_baseline_excerpt,SHOT-060-A,104,player,Team_A,1180.0,796.9,28.1,85.2,0.96
44,22.0,SNMOT-060_baseline_excerpt,SHOT-060-A,105,player,Team_A,314.2,586.1,41.2,86.8,0.866
44,22.0,SNMOT-060_baseline_excerpt,SHOT-060-A,106,player,Team_A,689.6,882.5,26.0,74.0,0.799
44,22.0,SNMOT-060_baseline_excerpt,SHOT-060-A,107,player,Team_A,1152.6,850.7,31.1,80.8,0.843
44,22.0,SNMOT-060_baseline_excerpt,SHOT-060-A,108,player,Team_A,761.4,452.1,36.3,98.1,0.866
44,22.0,SNMOT-060_baseline_excerpt,SHOT-060-A,109,player,Team_A,992.3,405.6,29.0,78.6,0.763
44,22.0,SNMOT-060_baseline_excerpt,SHOT-060-A,110,player,Team_A,1372.2,721.6,36.2,94.0,0.87
44,22.0,SNMOT-060_baseline_excerpt,SHOT-060-A,111,goalkeeper,Team_A,84.7,543.0,37.7,101.0,0.76
44,22.0,SNMOT-060_baseline_excerpt,SHOT-060-A,201,player,Team_B,1367.4,602.9,27.6,88.2,0.919
44,22.0,SNMOT-060_baseline_excerpt,SHOT-060-A,202,player,Team_B,1618.5,832.7,35.0,84.3,0.946
44,22.0,SNMOT-060_baseline_excerpt,SHOT-060-A,203,player,Team_B,1260.9,480.6,33.4,84.4,0.905
44,22.0,SNMOT-060_baseline_excerpt,SHOT-060-A,204,player,Team_B,898.6,407.2,32.8,87.3,0.652
44,22.0,SNMOT-060_baseline_excerpt,SHOT-060-A,205,player,Team_B,572.9,748.8,32.9,73.3,0.793
44,22.0,SNMOT-060_baseline_excerpt,SHOT-060-A,206,player,Team_B,1228.1,857.5,37.6,97.9,0.844
44,22.0,SNMOT-060_baseline_excerpt,SHOT-060-A,207,player,Team_B,761.2,523.5,28.2,79.0,0.802
44,22.0,SNMOT-060_baseline_excerpt,SHOT-060-A,208,player,Team_B,909.1,502.0,28.4,88.6,0.99
44,22.0,SNMOT-060_baseline_excerpt,SHOT-060-A,209,player,Team_B,457.5,523.6,36.8,86.2,0.949
44,22.0,SNMOT-060_baseline_excerpt,SHOT-060-A,211,goalkeeper,Team_B,1764.2,586.0,34.5,97.0,0.746
44,22.0,SNMOT-060_baseline_excerpt,SHOT-060-A,300,referee,Referee,989.3,613.4,29.7,71.5,0.816
44,22.0,SNMOT-060_baseline_excerpt,SHOT-060-A,999,ball,N/A,866.6,708.7,10.3,10.2,0.506
45,22.5,SNMOT-060_baseline_excerpt,SHOT-060-A,101,player,Team_A,1324.2,620.3,31.6,74.7,0.92
45,22.5,SNMOT-060_baseline_excerpt,SHOT-060-A,102,player,Team_A,1453.1,647.4,36.2,78.4,0.82
45,22.5,SNMOT-060_baseline_excerpt,SHOT-060-A,103,player,Team_A,258.4,815.8,41.0,106.7,0.94
45,22.5,SNMOT-060_baseline_excerpt,SHOT-060-A,104,player,Team_A,1177.2,794.2,32.9,84.9,0.878
45,22.5,SNMOT-060_baseline_excerpt,SHOT-060-A,105,player,Team_A,319.5,586.7,33.7,80.8,0.825
45,22.5,SNMOT-060_baseline_excerpt,SHOT-060-A,106,player,Team_A,684.1,869.7,33.3,102.2,0.732
45,22.5,SNMOT-060_baseline_excerpt,SHOT-060-A,108,player,Team_A,784.3,473.6,26.4,73.3,0.719
45,22.5,SNMOT-060_baseline_excerpt,SHOT-060-A,109,player,Team_A,1000.4,399.4,26.9,99.7,0.837
45,22.5,SNMOT-060_baseline_excerpt,SHOT-060-A,110,player,Team_A,1374.4,731.6,35.0,90.2,0.755
45,22.5,SNMOT-060_baseline_excerpt,SHOT-060-A,111,goalkeeper,Team_A,76.9,540.7,40.9,104.7,0.99
45,22.5,SNMOT-060_baseline_excerpt,SHOT-060-A,201,player,Team_B,1362.6,614.6,36.3,82.0,0.665
45,22.5,SNMOT-060_baseline_excerpt,SHOT-060-A,202,player,Team_B,1633.8,820.6,27.4,97.0,0.99
45,22.5,SNMOT-060_baseline_excerpt,SHOT-060-A,203,player,Team_B,1276.6,454.7,39.5,106.3,0.876
45,22.5,SNMOT-060_baseline_excerpt,SHOT-060-A,204,player,Team_B,890.7,406.7,37.3,89.6,0.91
45,22.5,SNMOT-060_baseline_excerpt,SHOT-060-A,205,player,Team_B,551.4,738.1,27.8,93.5,0.822
45,22.5,SNMOT-060_baseline_excerpt,SHOT-060-A,206,player,Team_B,1221.1,878.0,30.0,87.7,0.781
45,22.5,SNMOT-060_baseline_excerpt,SHOT-060-A,207,player,Team_B,759.6,495.8,32.1,87.4,0.675
45,22.5,SNMOT-060_baseline_excerpt,SHOT-060-A,208,player,Team_B,899.6,503.5,40.5,103.7,0.99
45,22.5,SNMOT-060_baseline_excerpt,SHOT-060-A,209,player,Team_B,455.0,520.3,37.6,89.8,0.898
45,22.5,SNMOT-060_baseline_excerpt,SHOT-060-A,210,player,Team_B,628.4,707.0,32.9,81.8,0.783
45,22.5,SNMOT-060_baseline_excerpt,SHOT-060-A,211,goalkeeper,Team_B,1763.8,593.6,36.2,90.7,0.844
45,22.5,SNMOT-060_baseline_excerpt,SHOT-060-A,300,referee,Referee,976.5,621.2,26.1,81.3,0.76
45,22.5,SNMOT-060_baseline_excerpt,SHOT-060-A,999,ball,N/A,898.7,734.9,9.0,9.5,0.619
46,23.0,SNMOT-060_baseline_excerpt,SHOT-060-A,101,player,Team_A,1314.1,617.9,40.0,95.7,0.852
46,23.0,SNMOT-060_baseline_excerpt,SHOT-060-A,102,player,Team_A,1464.0,633.2,28.1,107.1,0.79
46,23.0,SNMOT-060_baseline_excerpt,SHOT-060-A,103,player,Team_A,263.7,822.4,28.1,93.6,0.836
46,23.0,SNMOT-060_baseline_excerpt,SHOT-060-A,104,player,Team_A,1172.0,796.1,39.0,77.8,0.952
46,23.0,SNMOT-060_baseline_excerpt,SHOT-060-A,105,player,Team_A,317.2,569.4,37.6,106.6,0.773
46,23.0,SNMOT-060_baseline_excerpt,SHOT-060-A,107,player,Team_A,1138.3,854.4,34.5,77.7,0.933
46,23.0,SNMOT-060_baseline_excerpt,SHOT-060-A,108,player,Team_A,771.3,464.8,31.5,91.0,0.893
46,23.0,SNMOT-060_baseline_excerpt,SHOT-060-A,110,player,Team_A,1367.4,737.2,28.2,86.8,0.884
46,23.0,SNMOT-060_baseline_excerpt,SHOT-060-A,111,goalkeeper,Team_A,75.1,549.5,32.2,90.2,0.917
46,23.0,SNMOT-060_baseline_excerpt,SHOT-060-A,201,player,Team_B,1375.3,613.3,40.6,102.2,0.906
46,23.0,SNMOT-060_baseline_excerpt,SHOT-060-A,202,player,Team_B,1620.4,823.3,33.5,96.6,0.857
46,23.0,SNMOT-060_baseline_excerpt,SHOT-060-A,203,player,Team_B,1273.5,454.9,30.4,96.0,0.747
46,23.0,SNMOT-060_baseline_excerpt,SHOT-060-A,204,player,Team_B,873.8,400.2,37.4,80.1,0.99
46,23.0,SNMOT-060_baseline_excerpt,SHOT-060-A,205,player,Team_B,539.0,742.2,39.7,81.0,0.704
46,23.0,SNMOT-060_baseline_excerpt,SHOT-060-A,206,player,Team_B,1237.1,852.1,35.7,107.7,0.901
46,23.0,SNMOT-060_baseline_excerpt,SHOT-060-A,207,player,Team_B,771.6,497.9,29.9,84.5,0.844
46,23.0,SNMOT-060_baseline_excerpt,SHOT-060-A,208,player,Team_B,894.3,495.1,41.6,104.0,0.859
46,23.0,SNMOT-060_baseline_excerpt,SHOT-060-A,209,player,Team_B,454.2,519.8,30.2,95.9,0.941
46,23.0,SNMOT-060_baseline_excerpt,SHOT-060-A,211,goalkeeper,Team_B,1763.5,581.2,35.4,104.9,0.727
46,23.0,SNMOT-060_baseline_excerpt,SHOT-060-A,300,referee,Referee,988.6,616.8,24.4,90.6,0.746
46,23.0,SNMOT-060_baseline_excerpt,SHOT-060-A,999,ball,N/A,873.2,766.1,8.7,8.9,0.621
47,23.5,SNMOT-060_baseline_excerpt,SHOT-060-A,101,player,Team_A,1319.3,618.6,36.4,79.6,0.833
47,23.5,SNMOT-060_baseline_excerpt,SHOT-060-A,103,player,Team_A,254.8,842.4,30.8,73.0,0.853
47,23.5,SNMOT-060_baseline_excerpt,SHOT-060-A,104,player,Team_A,1168.1,795.0,37.3,73.8,0.99
47,23.5,SNMOT-060_baseline_excerpt,SHOT-060-A,105,player,Team_A,324.6,592.5,34.1,98.7,0.863
47,23.5,SNMOT-060_baseline_excerpt,SHOT-060-A,106,player,Team_A,665.2,892.1,30.1,102.4,0.769
47,23.5,SNMOT-060_baseline_excerpt,SHOT-060-A,107,player,Team_A,1142.2,842.4,39.8,80.7,0.715
47,23.5,SNMOT-060_baseline_excerpt,SHOT-060-A,108,player,Team_A,762.4,475.5,39.7,77.2,0.849
47,23.5,SNMOT-060_baseline_excerpt,SHOT-060-A,109,player,Team_A,1014.2,388.2,27.9,106.0,0.915
47,23.5,SNMOT-060_baseline_excerpt,SHOT-060-A,110,player,Team_A,1373.3,719.8,35.9,104.3,0.925
47,23.5,SNMOT-060_baseline_excerpt,SHOT-060-A,111,goalkeeper,Team_A,73.5,546.7,32.9,94.5,0.931
47,23.5,SNMOT-060_baseline_excerpt,SHOT-060-A,201,player,Team_B,1376.7,608.6,39.1,93.7,0.972
47,23.5,SNMOT-060_baseline_excerpt,SHOT-060-A,202,player,Team_B,1622.8,835.2,26.1,106.8,0.609
47,23.5,SNMOT-060_baseline_excerpt,SHOT-060-A,203,player,Team_B,1274.0,452.0,33.0,100.9,0.962
47,23.5,SNMOT-060_baseline_excerpt,SHOT-060-A,204,player,Team_B,877.0,394.0,26.3,76.1,0.881
47,23.5,SNMOT-060_baseline_excerpt,SHOT-060-A,205,player,Team_B,540.8,750.8,39.9,80.0,0.905
47,23.5,SNMOT-060_baseline_excerpt,SHOT-060-A,206,player,Team_B,1239.4,879.1,34.2,76.0,0.99
47,23.5,SNMOT-060_baseline_excerpt,SHOT-060-A,207,player,Team_B,771.6,495.3,29.9,81.6,0.821
47,23.5,SNMOT-060_baseline_excerpt,SHOT-060-A,208,player,Team_B,905.0,494.5,26.2,104.8,0.816
47,23.5,SNMOT-060_baseline_excerpt,SHOT-060-A,209,player,Team_B,459.0,542.3,36.8,74.2,0.857
47,23.5,SNMOT-060_baseline_excerpt,SHOT-060-A,210,player,Team_B,621.9,718.3,28.0,97.3,0.914
47,23.5,SNMOT-060_baseline_excerpt,SHOT-060-A,211,goalkeeper,Team_B,1767.3,592.0,29.3,84.2,0.846
47,23.5,SNMOT-060_baseline_excerpt,SHOT-060-A,999,ball,N/A,865.5,747.6,12.9,11.3,0.542
48,24.0,SNMOT-060_baseline_excerpt,SHOT-060-A,101,player,Team_A,1316.2,608.0,41.3,100.4,0.812
48,24.0,SNMOT-060_baseline_excerpt,SHOT-060-A,102,player,Team_A,1455.7,652.4,39.6,81.2,0.928
48,24.0,SNMOT-060_baseline_excerpt,SHOT-060-A,103,player,Team_A,254.5,856.4,39.5,85.2,0.918
48,24.0,SNMOT-060_baseline_excerpt,SHOT-060-A,104,player,Team_A,1174.1,796.9,28.2,87.7,0.886
48,24.0,SNMOT-060_baseline_excerpt,SHOT-060-A,105,player,Team_A,315.7,589.0,40.2,93.4,0.719
48,24.0,SNMOT-060_baseline_excerpt,SHOT-060-A,106,player,Team_A,649.9,889.3,40.2,92.1,0.918
48,24.0,SNMOT-060_baseline_excerpt,SHOT-060-A,107,player,Team_A,1152.2,844.0,39.1,88.4,0.884
48,24.0,SNMOT-060_baseline_excerpt,SHOT-060-A,108,player,Team_A,776.2,452.8,34.9,80.4,0.99
48,24.0,SNMOT-060_baseline_excerpt,SHOT-060-A,109,player,Team_A,998.2,414.9,33.9,78.0,0.821
48,24.0,SNMOT-060_baseline_excerpt,SHOT-060-A,110,player,Team_A,1357.4,736.2,39.7,83.2,0.846
48,24.0,SNMOT-060_baseline_excerpt,SHOT-060-A,111,goalkeeper,Team_A,70.1,551.7,39.4,94.5,0.752
48,24.0,SNMOT-060_baseline_excerpt,SHOT-060-A,201,player,Team_B,1379.9,610.6,28.1,87.3,0.829
48,24.0,SNMOT-060_baseline_excerpt,SHOT-060-A,202,player,Team_B,1614.2,836.6,35.2,101.0,0.809
48,24.0,SNMOT-060_baseline_excerpt,SHOT-060-A,203,player,Team_B,1281.1,471.5,41.6,72.5,0.738
48,24.0,SNMOT-060_baseline_excerpt,SHOT-060-A,204,player,Team_B,867.9,406.3,31.8,74.2,0.843
48,24.0,SNMOT-060_baseline_excerpt,SHOT-060-A,205,player,Team_B,548.8,730.8,34.4,88.4,0.81
48,24.0,SNMOT-060_baseline_excerpt,SHOT-060-A,206,player,Team_B,1237.7,877.0,40.6,87.8,0.876
48,24.0,SNMOT-060_baseline_excerpt,SHOT-060-A,207,player,Team_B,765.8,499.7,29.9,73.6,0.959
48,24.0,SNMOT-060_baseline_excerpt,SHOT-060-A,208,player,Team_B,894.4,491.2,36.3,102.0,0.964
48,24.0,SNMOT-060_baseline_excerpt,SHOT-060-A,209,player,Team_B,467.7,532.2,35.3,88.7,0.729
48,24.0,SNMOT-060_baseline_excerpt,SHOT-060-A,210,player,Team_B,617.2,724.0,34.8,84.8,0.753
48,24.0,SNMOT-060_baseline_excerpt,SHOT-060-A,211,goalkeeper,Team_B,1768.2,586.5,27.0,95.6,0.847
48,24.0,SNMOT-060_baseline_excerpt,SHOT-060-A,300,referee,Referee,975.5,613.4,32.5,77.0,0.98
48,24.0,SNMOT-060_baseline_excerpt,SHOT-060-A,999,ball,N/A,876.8,729.0,10.8,11.9,0.545
49,24.5,SNMOT-060_baseline_excerpt,SHOT-060-A,101,player,Team_A,1312.7,616.3,36.6,89.8,0.857
49,24.5,SNMOT-060_baseline_excerpt,SHOT-060-A,102,player,Team_A,1453.2,646.5,41.2,87.3,0.9
49,24.5,SNMOT-060_baseline_excerpt,SHOT-060-A,103,player,Team_A,258.2,848.9,27.7,90.1,0.779
49,24.5,SNMOT-060_baseline_excerpt,SHOT-060-A,104,player,Team_A,1168.4,784.2,41.5,95.7,0.775
49,24.5,SNMOT-060_baseline_excerpt,SHOT-060-A,105,player,Team_A,308.5,603.2,34.9,72.5,0.946
49,24.5,SNMOT-060_baseline_excerpt,SHOT-060-A,106,player,Team_A,635.7,912.4,35.9,81.3,0.785
49,24.5,SNMOT-060_baseline_excerpt,SHOT-060-A,107,player,Team_A,1151.3,830.7,36.2,107.4,0.835
49,24.5,SNMOT-060_baseline_excerpt,SHOT-060-A,108,player,Team_A,782.6,435.5,31.4,93.6,0.838
49,24.5,SNMOT-060_baseline_excerpt,SHOT-060-A,109,player,Team_A,990.6,416.1,41.9,85.4,0.725
49,24.5,SNMOT-060_baseline_excerpt,SHOT-060-A,110,player,Team_A,1358.8,733.5,29.7,83.8,0.984
49,24.5,SNMOT-060_baseline_excerpt,SHOT-060-A,111,goalkeeper,Team_A,81.6,556.4,27.4,83.7,0.805
49,24.5,SNMOT-060_baseline_excerpt,SHOT-060-A,202,player,Team_B,1611.3,851.8,35.1,87.8,0.99
49,24.5,SNMOT-060_baseline_excerpt,SHOT-060-A,204,player,Team_B,867.2,402.8,27.0,95.5,0.867
49,24.5,SNMOT-060_baseline_excerpt,SHOT-060-A,205,player,Team_B,542.5,725.3,32.8,81.5,0.678
49,24.5,SNMOT-060_baseline_excerpt,SHOT-060-A,206,player,Team_B,1244.0,894.7,27.0,79.6,0.891
49,24.5,SNMOT-060_baseline_excerpt,SHOT-060-A,208,player,Team_B,911.8,478.1,34.4,97.0,0.727
49,24.5,SNMOT-060_baseline_excerpt,SHOT-060-A,209,player,Team_B,471.3,528.9,38.9,107.5,0.76
49,24.5,SNMOT-060_baseline_excerpt,SHOT-060-A,210,player,Team_B,603.3,730.2,37.8,99.0,0.839
49,24.5,SNMOT-060_baseline_excerpt,SHOT-060-A,211,goalkeeper,Team_B,1765.5,585.8,35.5,99.0,0.817
49,24.5,SNMOT-060_baseline_excerpt,SHOT-060-A,300,referee,Referee,985.2,613.4,25.7,74.3,0.849
50,25.0,SNMOT-060_baseline_excerpt,SHOT-060-A,101,player,Team_A,1326.8,620.4,36.3,97.4,0.818
50,25.0,SNMOT-060_baseline_excerpt,SHOT-060-A,102,player,Team_A,1449.5,662.1,37.3,89.8,0.897
50,25.0,SNMOT-060_baseline_excerpt,SHOT-060-A,103,player,Team_A,271.9,845.3,37.6,97.7,0.781
50,25.0,SNMOT-060_baseline_excerpt,SHOT-060-A,104,player,Team_A,1174.3,773.5,27.9,94.8,0.746
50,25.0,SNMOT-060_baseline_excerpt,SHOT-060-A,105,player,Team_A,323.9,583.8,31.8,104.7,0.719
50,25.0,SNMOT-060_baseline_excerpt,SHOT-060-A,106,player,Team_A,634.3,913.6,27.5,92.3,0.856
50,25.0,SNMOT-060_baseline_excerpt,SHOT-060-A,107,player,Team_A,1170.8,840.8,31.8,81.0,0.807
50,25.0,SNMOT-060_baseline_excerpt,SHOT-060-A,108,player,Team_A,793.2,431.1,29.1,100.3,0.948
50,25.0,SNMOT-060_baseline_excerpt,SHOT-060-A,109,player,Team_A,985.6,424.1,38.3,83.4,0.854
50,25.0,SNMOT-060_baseline_excerpt,SHOT-060-A,111,goalkeeper,Team_A,73.4,552.7,40.5,90.7,0.76
50,25.0,SNMOT-060_baseline_excerpt,SHOT-060-A,201,player,Team_B,1385.3,611.8,39.8,98.7,0.62
50,25.0,SNMOT-060_baseline_excerpt,SHOT-060-A,202,player,Team_B,1605.2,839.1,40.2,88.4,0.748
50,25.0,SNMOT-060_baseline_excerpt,SHOT-060-A,203,player,Team_B,1282.7,454.4,27.2,107.2,0.841
50,25.0,SNMOT-060_baseline_excerpt,SHOT-060-A,204,player,Team_B,880.6,407.0,32.1,73.0,0.907
50,25.0,SNMOT-060_baseline_excerpt,SHOT-060-A,205,player,Team_B,540.6,697.4,31.4,89.4,0.99
50,25.0,SNMOT-060_baseline_excerpt,SHOT-060-A,206,player,Team_B,1244.4,882.8,26.0,80.2,0.99
50,25.0,SNMOT-060_baseline_excerpt,SHOT-060-A,207,player,Team_B,766.2,501.5,27.6,98.6,0.857
50,25.0,SNMOT-060_baseline_excerpt,SHOT-060-A,208,player,Team_B,912.8,490.8,27.4,80.4,0.72
50,25.0,SNMOT-060_baseline_excerpt,SHOT-060-A,209,player,Team_B,483.4,540.5,34.2,82.5,0.741
50,25.0,SNMOT-060_baseline_excerpt,SHOT-060-A,210,player,Team_B,615.1,728.9,28.0,85.8,0.696
50,25.0,SNMOT-060_baseline_excerpt,SHOT-060-A,211,goalkeeper,Team_B,1768.2,601.5,28.7,72.4,0.839
50,25.0,SNMOT-060_baseline_excerpt,SHOT-060-A,300,referee,Referee,973.2,604.9,31.2,90.7,0.699
51,25.5,SNMOT-060_baseline_excerpt,SHOT-060-A,101,player,Team_A,1330.9,604.4,29.6,107.8,0.972
51,25.5,SNMOT-060_baseline_excerpt,SHOT-060-A,102,player,Team_A,1442.2,671.4,38.7,79.5,0.854
51,25.5,SNMOT-060_baseline_excerpt,SHOT-060-A,103,player,Team_A,276.7,873.2,28.9,83.8,0.99
51,25.5,SNMOT-060_baseline_excerpt,SHOT-060-A,104,player,Team_A,1155.2,772.6,36.8,81.5,0.733
51,25.5,SNMOT-060_baseline_excerpt,SHOT-060-A,106,player,Team_A,644.0,918.6,27.0,81.7,0.782
51,25.5,SNMOT-060_baseline_excerpt,SHOT-060-A,107,player,Team_A,1174.3,815.4,28.4,106.5,0.98
51,25.5,SNMOT-060_baseline_excerpt,SHOT-060-A,108,player,Team_A,783.7,431.8,40.3,85.8,0.775
51,25.5,SNMOT-060_baseline_excerpt,SHOT-060-A,109,player,Team_A,973.4,407.5,26.1,106.4,0.99
51,25.5,SNMOT-060_baseline_excerpt,SHOT-060-A,110,player,Team_A,1354.1,738.7,33.3,102.6,0.936
51,25.5,SNMOT-060_baseline_excerpt,SHOT-060-A,111,goalkeeper,Team_A,79.4,555.9,32.8,83.1,0.785
51,25.5,SNMOT-060_baseline_excerpt,SHOT-060-A,201,player,Team_B,1389.3,596.4,28.5,87.2,0.981
51,25.5,SNMOT-060_baseline_excerpt,SHOT-060-A,202,player,Team_B,1609.2,854.1,37.6,84.2,0.869
51,25.5,SNMOT-060_baseline_excerpt,SHOT-060-A,203,player,Team_B,1290.3,443.4,37.8,108.0,0.9
51,25.5,SNMOT-060_baseline_excerpt,SHOT-060-A,204,player,Team_B,880.8,421.7,41.3,79.0,0.81
51,25.5,SNMOT-060_baseline_excerpt,SHOT-060-A,205,player,Team_B,525.9,679.5,38.8,105.5,0.79
51,25.5,SNMOT-060_baseline_excerpt,SHOT-060-A,206,player,Team_B,1233.3,873.1,26.3,90.1,0.913
51,25.5,SNMOT-060_baseline_excerpt,SHOT-060-A,207,player,Team_B,776.7,509.9,26.1,76.2,0.719
51,25.5,SNMOT-060_baseline_excerpt,SHOT-060-A,208,player,Team_B,901.9,476.0,33.0,96.8,0.706
51,25.5,SNMOT-060_baseline_excerpt,SHOT-060-A,209,player,Team_B,470.7,539.8,31.2,77.9,0.814
51,25.5,SNMOT-060_baseline_excerpt,SHOT-060-A,210,player,Team_B,608.6,722.8,33.9,100.7,0.777
51,25.5,SNMOT-060_baseline_excerpt,SHOT-060-A,211,goalkeeper,Team_B,1764.3,595.3,37.1,85.5,0.715
51,25.5,SNMOT-060_baseline_excerpt,SHOT-060-A,300,referee,Referee,975.1,623.1,28.0,81.1,0.851
51,25.5,SNMOT-060_baseline_excerpt,SHOT-060-A,999,ball,N/A,884.2,739.1,11.9,11.3,0.45
52,26.0,SNMOT-060_baseline_excerpt,SHOT-060-A,101,player,Team_A,1332.1,610.0,37.4,81.9,0.954
52,26.0,SNMOT-060_baseline_excerpt,SHOT-060-A,102,player,Team_A,1428.1,681.5,28.2,95.7,0.915
52,26.0,SNMOT-060_baseline_excerpt,SHOT-060-A,103,player,Team_A,272.7,882.6,41.8,82.9,0.99
52,26.0,SNMOT-060_baseline_excerpt,SHOT-060-A,104,player,Team_A,1162.4,754.5,38.5,85.1,0.852
52,26.0,SNMOT-060_baseline_excerpt,SHOT-060-A,105,player,Team_A,346.6,568.5,30.6,97.3,0.889
52,26.0,SNMOT-060_baseline_excerpt,SHOT-060-A,106,player,Team_A,651.3,889.8,29.2,100.3,0.937
52,26.0,SNMOT-060_baseline_excerpt,SHOT-060-A,107,player,Team_A,1167.3,823.4,35.8,91.4,0.82
52,26.0,SNMOT-060_baseline_excerpt,SHOT-060-A,108,player,Team_A,782.2,425.8,26.8,103.8,0.929
52,26.0,SNMOT-060_baseline_excerpt,SHOT-060-A,109,player,Team_A,980.9,418.2,26.9,83.5,0.846
52,26.0,SNMOT-060_baseline_excerpt,SHOT-060-A,110,player,Team_A,1341.1,738.5,40.7,72.8,0.962
52,26.0,SNMOT-060_baseline_excerpt,SHOT-060-A,111,goalkeeper,Team_A,73.6,550.3,36.5,94.0,0.73
52,26.0,SNMOT-060_baseline_excerpt,SHOT-060-A,201,player,Team_B,1394.6,596.5,28.1,105.6,0.881
52,26.0,SNMOT-060_baseline_excerpt,SHOT-060-A,202,player,Team_B,1618.7,858.7,29.0,85.3,0.867
52,26.0,SNMOT-060_baseline_excerpt,SHOT-060-A,203,player,Team_B,1274.8,448.0,41.7,96.7,0.723
52,26.0,SNMOT-060_baseline_excerpt,SHOT-060-A,204,player,Team_B,888.6,410.9,36.6,103.6,0.896
52,26.0,SNMOT-060_baseline_excerpt,SHOT-060-A,205,player,Team_B,522.4,686.8,38.6,76.6,0.863
52,26.0,SNMOT-060_baseline_excerpt,SHOT-060-A,206,player,Team_B,1226.8,872.7,35.9,83.2,0.8
52,26.0,SNMOT-060_baseline_excerpt,SHOT-060-A,207,player,Team_B,803.8,514.9,31.2,73.7,0.932
52,26.0,SNMOT-060_baseline_excerpt,SHOT-060-A,208,player,Team_B,900.7,467.1,31.6,106.8,0.889
52,26.0,SNMOT-060_baseline_excerpt,SHOT-060-A,209,player,Team_B,462.2,541.7,40.2,85.0,0.927
52,26.0,SNMOT-060_baseline_excerpt,SHOT-060-A,210,player,Team_B,610.5,737.1,33.8,76.8,0.87
52,26.0,SNMOT-060_baseline_excerpt,SHOT-060-A,211,goalkeeper,Team_B,1768.2,597.4,26.9,83.3,0.865
52,26.0,SNMOT-060_baseline_excerpt,SHOT-060-A,300,referee,Referee,964.2,645.3,25.3,68.9,0.771
52,26.0,SNMOT-060_baseline_excerpt,SHOT-060-A,999,ball,N/A,925.4,775.0,9.9,11.5,0.63
53,26.5,SNMOT-060_baseline_excerpt,SHOT-060-A,101,player,Team_A,1329.9,601.8,38.3,104.3,0.904
53,26.5,SNMOT-060_baseline_excerpt,SHOT-060-A,102,player,Team_A,1417.3,683.3,38.5,104.9,0.754
53,26.5,SNMOT-060_baseline_excerpt,SHOT-060-A,103,player,Team_A,283.2,869.5,39.2,91.7,0.833
53,26.5,SNMOT-060_baseline_excerpt,SHOT-060-A,104,player,Team_A,1156.8,762.1,31.6,84.8,0.857
53,26.5,SNMOT-060_baseline_excerpt,SHOT-060-A,105,player,Team_A,337.9,564.0,38.6,91.8,0.854
53,26.5,SNMOT-060_baseline_excerpt,SHOT-060-A,106,player,Team_A,650.1,890.0,26.2,79.8,0.717
53,26.5,SNMOT-060_baseline_excerpt,SHOT-060-A,107,player,Team_A,1155.6,811.8,31.1,108.0,0.861
53,26.5,SNMOT-060_baseline_excerpt,SHOT-060-A,108,player,Team_A,784.3,431.4,34.2,91.5,0.86
53,26.5,SNMOT-060_baseline_excerpt,SHOT-060-A,109,player,Team_A,968.3,415.0,29.4,99.5,0.946
53,26.5,SNMOT-060_baseline_excerpt,SHOT-060-A,110,player,Team_A,1331.6,729.1,39.4,79.4,0.854
53,26.5,SNMOT-060_baseline_excerpt,SHOT-060-A,111,goalkeeper,Team_A,82.8,555.4,29.2,82.2,0.639
53,26.5,SNMOT-060_baseline_excerpt,SHOT-060-A,201,player,Team_B,1384.3,606.7,28.6,93.6,0.805
53,26.5,SNMOT-060_baseline_excerpt,SHOT-060-A,202,player,Team_B,1610.4,860.9,28.1,72.3,0.822
53,26.5,SNMOT-060_baseline_excerpt,SHOT-060-A,203,player,Team_B,1290.4,438.1,40.7,103.7,0.956
53,26.5,SNMOT-060_baseline_excerpt,SHOT-060-A,205,player,Team_B,528.7,675.4,33.6,89.6,0.99
53,26.5,SNMOT-060_baseline_excerpt,SHOT-060-A,206,player,Team_B,1228.3,873.7,41.3,91.4,0.758
53,26.5,SNMOT-060_baseline_excerpt,SHOT-060-A,207,player,Team_B,797.2,524.9,33.7,92.6,0.765
53,26.5,SNMOT-060_baseline_excerpt,SHOT-060-A,209,player,Team_B,450.4,549.9,35.6,78.4,0.945
53,26.5,SNMOT-060_baseline_excerpt,SHOT-060-A,210,player,Team_B,626.3,723.1,34.3,89.3,0.874
53,26.5,SNMOT-060_baseline_excerpt,SHOT-060-A,211,goalkeeper,Team_B,1760.6,592.4,40.7,91.8,0.865
53,26.5,SNMOT-060_baseline_excerpt,SHOT-060-A,300,referee,Referee,959.3,638.9,24.2,71.9,0.836
53,26.5,SNMOT-060_baseline_excerpt,SHOT-060-A,999,ball,N/A,877.3,757.0,11.7,9.7,0.623
54,27.0,SNMOT-060_baseline_excerpt,SHOT-060-A,101,player,Team_A,1331.8,610.3,37.7,78.8,0.766
54,27.0,SNMOT-060_baseline_excerpt,SHOT-060-A,102,player,Team_A,1414.3,665.5,39.6,94.4,0.969
54,27.0,SNMOT-060_baseline_excerpt,SHOT-060-A,103,player,Team_A,296.7,872.5,37.2,97.8,0.856
54,27.0,SNMOT-060_baseline_excerpt,SHOT-060-A,104,player,Team_A,1181.9,764.2,26.3,74.1,0.99
54,27.0,SNMOT-060_baseline_excerpt,SHOT-060-A,105,player,Team_A,333.2,555.4,29.7,100.1,0.832
54,27.0,SNMOT-060_baseline_excerpt,SHOT-060-A,106,player,Team_A,650.0,891.8,27.4,86.1,0.898
54,27.0,SNMOT-060_baseline_excerpt,SHOT-060-A,107,player,Team_A,1157.1,839.8,39.2,76.7,0.868
54,27.0,SNMOT-060_baseline_excerpt,SHOT-060-A,108,player,Team_A,771.3,432.5,41.6,91.8,0.799
54,27.0,SNMOT-060_baseline_excerpt,SHOT-060-A,109,player,Team_A,966.2,408.7,26.1,103.8,0.81
54,27.0,SNMOT-060_baseline_excerpt,SHOT-060-A,110,player,Team_A,1335.1,739.5,40.7,82.8,0.726
54,27.0,SNMOT-060_baseline_excerpt,SHOT-060-A,111,goalkeeper,Team_A,79.4,557.7,30.7,76.3,0.729
54,27.0,SNMOT-060_baseline_excerpt,SHOT-060-A,202,player,Team_B,1607.0,840.0,36.4,106.2,0.868
54,27.0,SNMOT-060_baseline_excerpt,SHOT-060-A,203,player,Team_B,1277.9,452.6,40.4,73.0,0.884
54,27.0,SNMOT-060_baseline_excerpt,SHOT-060-A,204,player,Team_B,885.7,413.1,38.7,92.0,0.852
54,27.0,SNMOT-060_baseline_excerpt,SHOT-060-A,205,player,Team_B,530.7,691.5,33.0,85.4,0.825
54,27.0,SNMOT-060_baseline_excerpt,SHOT-060-A,206,player,Team_B,1211.9,872.8,40.2,82.8,0.768
54,27.0,SNMOT-060_baseline_excerpt,SHOT-060-A,207,player,Team_B,789.0,534.3,41.8,90.5,0.782
54,27.0,SNMOT-060_baseline_excerpt,SHOT-060-A,208,player,Team_B,896.3,478.6,27.0,83.6,0.868
54,27.0,SNMOT-060_baseline_excerpt,SHOT-060-A,209,player,Team_B,453.8,532.9,32.6,86.5,0.944
54,27.0,SNMOT-060_baseline_excerpt,SHOT-060-A,210,player,Team_B,617.2,738.2,39.5,83.5,0.653
54,27.0,SNMOT-060_baseline_excerpt,SHOT-060-A,211,goalkeeper,Team_B,1770.8,585.6,26.9,106.1,0.812
54,27.0,SNMOT-060_baseline_excerpt,SHOT-060-A,300,referee,Referee,960.7,620.1,31.0,89.3,0.91
54,27.0,SNMOT-060_baseline_excerpt,SHOT-060-A,999,ball,N/A,906.3,756.6,12.7,10.9,0.403
55,27.5,SNMOT-060_baseline_excerpt,SHOT-060-A,101,player,Team_A,1329.1,604.2,37.3,97.0,0.845
55,27.5,SNMOT-060_baseline_excerpt,SHOT-060-A,102,player,Team_A,1418.6,660.5,37.2,101.5,0.707
55,27.5,SNMOT-060_baseline_excerpt,SHOT-060-A,103,player,Team_A,300.2,867.5,38.2,100.6,0.867
55,27.5,SNMOT-060_baseline_excerpt,SHOT-060-A,104,player,Team_A,1177.5,747.8,41.9,95.5,0.758
55,27.5,SNMOT-060_baseline_excerpt,SHOT-060-A,105,player,Team_A,333.7,536.7,31.9,94.8,0.861
55,27.5,SNMOT-060_baseline_excerpt,SHOT-060-A,106,player,Team_A,620.3,886.9,32.4,88.8,0.831
55,27.5,SNMOT-060_baseline_excerpt,SHOT-060-A,107,player,Team_A,1154.4,812.2,41.6,107.9,0.752
55,27.5,SNMOT-060_baseline_excerpt,SHOT-060-A,109,player,Team_A,958.7,401.9,32.0,85.3,0.845
55,27.5,SNMOT-060_baseline_excerpt,SHOT-060-A,110,player,Team_A,1339.9,732.7,35.3,83.4,0.78
55,27.5,SNMOT-060_baseline_excerpt,SHOT-060-A,111,goalkeeper,Team_A,80.4,546.2,34.5,91.9,0.838
55,27.5,SNMOT-060_baseline_excerpt,SHOT-060-A,201,player,Team_B,1386.7,608.6,33.4,85.4,0.884
55,27.5,SNMOT-060_baseline_excerpt,SHOT-060-A,202,player,Team_B,1614.2,856.5,29.8,81.9,0.888
55,27.5,SNMOT-060_baseline_excerpt,SHOT-060-A,203,player,Team_B,1287.0,465.0,33.0,79.1,0.99
55,27.5,SNMOT-060_baseline_excerpt,SHOT-060-A,204,player,Team_B,892.6,425.0,32.3,76.2,0.832
55,27.5,SNMOT-060_baseline_excerpt,SHOT-060-A,205,player,Team_B,521.9,688.6,33.0,84.0,0.99
55,27.5,SNMOT-060_baseline_excerpt,SHOT-060-A,206,player,Team_B,1218.1,874.5,33.0,75.3,0.912
55,27.5,SNMOT-060_baseline_excerpt,SHOT-060-A,207,player,Team_B,790.8,535.4,40.6,100.3,0.988
55,27.5,SNMOT-060_baseline_excerpt,SHOT-060-A,208,player,Team_B,886.1,472.5,39.0,102.8,0.818
55,27.5,SNMOT-060_baseline_excerpt,SHOT-060-A,209,player,Team_B,445.4,524.8,40.5,76.3,0.9
55,27.5,SNMOT-060_baseline_excerpt,SHOT-060-A,210,player,Team_B,593.0,745.1,41.1,81.2,0.833
55,27.5,SNMOT-060_baseline_excerpt,SHOT-060-A,211,goalkeeper,Team_B,1767.9,585.0,32.0,107.2,0.935
55,27.5,SNMOT-060_baseline_excerpt,SHOT-060-A,300,referee,Referee,965.4,606.5,33.5,84.4,0.732
56,28.0,SNMOT-060_baseline_excerpt,SHOT-060-A,101,player,Team_A,1341.0,613.7,34.1,80.0,0.849
56,28.0,SNMOT-060_baseline_excerpt,SHOT-060-A,102,player,Team_A,1410.2,667.4,34.6,80.6,0.927
56,28.0,SNMOT-060_baseline_excerpt,SHOT-060-A,103,player,Team_A,301.2,863.7,36.2,98.5,0.99
56,28.0,SNMOT-060_baseline_excerpt,SHOT-060-A,104,player,Team_A,1183.7,744.4,29.1,101.0,0.711
56,28.0,SNMOT-060_baseline_excerpt,SHOT-060-A,105,player,Team_A,324.3,553.9,38.5,84.2,0.917
56,28.0,SNMOT-060_baseline_excerpt,SHOT-060-A,106,player,Team_A,615.5,889.3,37.2,81.0,0.878
56,28.0,SNMOT-060_baseline_excerpt,SHOT-060-A,107,player,Team_A,1139.3,820.2,41.6,88.4,0.816
56,28.0,SNMOT-060_baseline_excerpt,SHOT-060-A,108,player,Team_A,780.5,444.9,41.8,79.4,0.813
56,28.0,SNMOT-060_baseline_excerpt,SHOT-060-A,109,player,Team_A,956.1,393.0,41.5,96.7,0.891
56,28.0,SNMOT-060_baseline_excerpt,SHOT-060-A,110,player,Team_A,1353.5,705.6,30.2,97.9,0.58
56,28.0,SNMOT-060_baseline_excerpt,SHOT-060-A,111,goalkeeper,Team_A,79.5,545.3,27.1,93.6,0.75
56,28.0,SNMOT-060_baseline_excerpt,SHOT-060-A,201,player,Team_B,1384.9,603.0,29.4,97.3,0.794
56,28.0,SNMOT-060_baseline_excerpt,SHOT-060-A,202,player,Team_B,1606.2,842.3,30.2,100.5,0.933
56,28.0,SNMOT-060_baseline_excerpt,SHOT-060-A,203,player,Team_B,1304.9,469.7,35.8,73.4,0.852
56,28.0,SNMOT-060_baseline_excerpt,SHOT-060-A,204,player,Team_B,879.5,412.8,35.4,97.0,0.824
56,28.0,SNMOT-060_baseline_excerpt,SHOT-060-A,205,player,Team_B,525.9,691.3,34.7,76.5,0.872
56,28.0,SNMOT-060_baseline_excerpt,SHOT-060-A,206,player,Team_B,1224.0,877.9,30.4,73.1,0.748
56,28.0,SNMOT-060_baseline_excerpt,SHOT-060-A,207,player,Team_B,802.4,553.0,30.8,79.9,0.806
56,28.0,SNMOT-060_baseline_excerpt,SHOT-060-A,208,player,Team_B,897.6,480.6,27.7,77.4,0.858
56,28.0,SNMOT-060_baseline_excerpt,SHOT-060-A,209,player,Team_B,441.3,537.3,41.3,83.0,0.799
56,28.0,SNMOT-060_baseline_excerpt,SHOT-060-A,210,player,Team_B,602.2,759.6,41.3,78.8,0.968
56,28.0,SNMOT-060_baseline_excerpt,SHOT-060-A,211,goalkeeper,Team_B,1766.4,599.7,41.8,77.1,0.899
56,28.0,SNMOT-060_baseline_excerpt,SHOT-060-A,300,referee,Referee,947.1,611.2,32.8,69.2,0.862
56,28.0,SNMOT-060_baseline_excerpt,SHOT-060-A,999,ball,N/A,847.6,800.3,12.1,10.9,0.831
57,28.5,SNMOT-060_baseline_excerpt,SHOT-060-A,101,player,Team_A,1336.2,615.0,26.1,96.9,0.796
57,28.5,SNMOT-060_baseline_excerpt,SHOT-060-A,102,player,Team_A,1414.6,647.8,36.0,83.0,0.927
57,28.5,SNMOT-060_baseline_excerpt,SHOT-060-A,103,player,Team_A,310.5,858.7,28.7,85.1,0.967
57,28.5,SNMOT-060_baseline_excerpt,SHOT-060-A,104,player,Team_A,1179.5,733.1,40.9,86.9,0.897
57,28.5,SNMOT-060_baseline_excerpt,SHOT-060-A,105,player,Team_A,325.5,554.1,40.2,74.1,0.798
57,28.5,SNMOT-060_baseline_excerpt,SHOT-060-A,106,player,Team_A,624.6,889.6,27.7,105.9,0.872
57,28.5,SNMOT-060_baseline_excerpt,SHOT-060-A,107,player,Team_A,1145.2,824.8,28.6,101.3,0.842
57,28.5,SNMOT-060_baseline_excerpt,SHOT-060-A,109,player,Team_A,963.1,394.4,26.2,100.1,0.829
57,28.5,SNMOT-060_baseline_excerpt,SHOT-060-A,110,player,Team_A,1342.0,730.7,33.1,86.3,0.818
57,28.5,SNMOT-060_baseline_excerpt,SHOT-060-A,111,goalkeeper,Team_A,77.1,534.5,29.2,106.0,0.742
57,28.5,SNMOT-060_baseline_excerpt,SHOT-060-A,201,player,Team_B,1374.5,606.5,39.8,74.0,0.937
57,28.5,SNMOT-060_baseline_excerpt,SHOT-060-A,202,player,Team_B,1599.3,834.1,41.2,92.1,0.885
57,28.5,SNMOT-060_baseline_excerpt,SHOT-060-A,203,player,Team_B,1305.2,464.0,37.2,91.6,0.914
57,28.5,SNMOT-060_baseline_excerpt,SHOT-060-A,204,player,Team_B,872.8,388.3,37.5,96.4,0.975
57,28.5,SNMOT-060_baseline_excerpt,SHOT-060-A,205,player,Team_B,524.7,696.5,37.4,83.9,0.849
57,28.5,SNMOT-060_baseline_excerpt,SHOT-060-A,206,player,Team_B,1228.9,872.3,32.6,80.8,0.99
57,28.5,SNMOT-060_baseline_excerpt,SHOT-060-A,207,player,Team_B,802.5,551.2,35.5,93.3,0.963
57,28.5,SNMOT-060_baseline_excerpt,SHOT-060-A,209,player,Team_B,426.8,526.0,27.3,102.1,0.902
57,28.5,SNMOT-060_baseline_excerpt,SHOT-060-A,210,player,Team_B,606.0,745.8,40.9,79.5,0.99
57,28.5,SNMOT-060_baseline_excerpt,SHOT-060-A,211,goalkeeper,Team_B,1766.0,587.6,32.3,99.0,0.829
57,28.5,SNMOT-060_baseline_excerpt,SHOT-060-A,300,referee,Referee,957.9,598.2,29.8,75.3,0.712
58,29.0,SNMOT-060_baseline_excerpt,SHOT-060-A,101,player,Team_A,1342.8,624.6,28.5,76.6,0.799
58,29.0,SNMOT-060_baseline_excerpt,SHOT-060-A,102,player,Team_A,1415.3,655.6,34.5,80.2,0.918
58,29.0,SNMOT-060_baseline_excerpt,SHOT-060-A,104,player,Team_A,1199.0,719.1,29.4,94.1,0.726
58,29.0,SNMOT-060_baseline_excerpt,SHOT-060-A,105,player,Team_A,330.6,552.0,41.0,78.2,0.99
58,29.0,SNMOT-060_baseline_excerpt,SHOT-060-A,106,player,Team_A,616.7,876.9,30.2,107.6,0.803
58,29.0,SNMOT-060_baseline_excerpt,SHOT-060-A,107,player,Team_A,1150.5,832.5,33.2,105.5,0.902
58,29.0,SNMOT-060_baseline_excerpt,SHOT-060-A,108,player,Team_A,760.1,461.0,37.2,72.9,0.835
58,29.0,SNMOT-060_baseline_excerpt,SHOT-060-A,109,player,Team_A,945.7,393.9,30.7,81.4,0.903
58,29.0,SNMOT-060_baseline_excerpt,SHOT-060-A,110,player,Team_A,1361.3,731.7,35.3,84.0,0.818
58,29.0,SNMOT-060_baseline_excerpt,SHOT-060-A,111,goalkeeper,Team_A,68.2,548.0,37.4,79.0,0.802
58,29.0,SNMOT-060_baseline_excerpt,SHOT-060-A,201,player,Team_B,1361.8,607.7,35.7,87.8,0.801
58,29.0,SNMOT-060_baseline_excerpt,SHOT-060-A,202,player,Team_B,1608.0,841.9,30.1,87.1,0.917
58,29.0,SNMOT-060_baseline_excerpt,SHOT-060-A,203,player,Team_B,1310.4,467.9,30.5,81.3,0.813
58,29.0,SNMOT-060_baseline_excerpt,SHOT-060-A,204,player,Team_B,888.0,383.9,30.1,79.4,0.814
58,29.0,SNMOT-060_baseline_excerpt,SHOT-060-A,205,player,Team_B,510.7,685.3,35.2,103.9,0.653
58,29.0,SNMOT-060_baseline_excerpt,SHOT-060-A,206,player,Team_B,1216.4,889.0,29.9,84.4,0.834
58,29.0,SNMOT-060_baseline_excerpt,SHOT-060-A,207,player,Team_B,809.9,542.4,32.1,96.2,0.826
58,29.0,SNMOT-060_baseline_excerpt,SHOT-060-A,208,player,Team_B,899.1,483.0,41.4,96.8,0.919
58,29.0,SNMOT-060_baseline_excerpt,SHOT-060-A,209,player,Team_B,426.9,521.2,36.0,92.6,0.882
58,29.0,SNMOT-060_baseline_excerpt,SHOT-060-A,210,player,Team_B,610.6,748.3,34.2,73.2,0.863
58,29.0,SNMOT-060_baseline_excerpt,SHOT-060-A,211,goalkeeper,Team_B,1760.8,597.0,38.8,96.1,0.99
58,29.0,SNMOT-060_baseline_excerpt,SHOT-060-A,300,referee,Referee,946.3,598.2,29.2,83.0,0.791
59,29.5,SNMOT-060_baseline_excerpt,SHOT-060-A,101,player,Team_A,1324.9,621.1,30.8,85.3,0.886
59,29.5,SNMOT-060_baseline_excerpt,SHOT-060-A,102,player,Team_A,1400.9,643.6,32.9,107.0,0.903
59,29.5,SNMOT-060_baseline_excerpt,SHOT-060-A,103,player,Team_A,310.1,876.6,39.6,92.7,0.917
59,29.5,SNMOT-060_baseline_excerpt,SHOT-060-A,104,player,Team_A,1193.6,705.2,31.2,105.2,0.869
59,29.5,SNMOT-060_baseline_excerpt,SHOT-060-A,105,player,Team_A,331.8,548.1,41.2,95.6,0.926
59,29.5,SNMOT-060_baseline_excerpt,SHOT-060-A,106,player,Team_A,597.0,891.5,40.3,76.0,0.807
59,29.5,SNMOT-060_baseline_excerpt,SHOT-060-A,107,player,Team_A,1154.8,838.8,26.9,106.5,0.589
59,29.5,SNMOT-060_baseline_excerpt,SHOT-060-A,108,player,Team_A,755.7,470.1,28.5,74.6,0.869
59,29.5,SNMOT-060_baseline_excerpt,SHOT-060-A,109,player,Team_A,947.2,380.7,37.7,102.0,0.987
59,29.5,SNMOT-060_baseline_excerpt,SHOT-060-A,110,player,Team_A,1372.3,723.9,38.2,92.4,0.965
59,29.5,SNMOT-060_baseline_excerpt,SHOT-060-A,111,goalkeeper,Team_A,70.2,535.1,36.7,106.7,0.907
59,29.5,SNMOT-060_baseline_excerpt,SHOT-060-A,201,player,Team_B,1375.2,627.5,33.8,77.7,0.99
59,29.5,SNMOT-060_baseline_excerpt,SHOT-060-A,202,player,Team_B,1598.9,835.5,32.8,98.9,0.784
59,29.5,SNMOT-060_baseline_excerpt,SHOT-060-A,203,player,Team_B,1300.6,474.5,32.3,90.2,0.943
59,29.5,SNMOT-060_baseline_excerpt,SHOT-060-A,204,player,Team_B,892.8,387.3,31.6,81.0,0.943
59,29.5,SNMOT-060_baseline_excerpt,SHOT-060-A,206,player,Team_B,1204.5,889.4,30.4,72.1,0.99
59,29.5,SNMOT-060_baseline_excerpt,SHOT-060-A,207,player,Team_B,820.4,539.5,33.4,99.1,0.695
59,29.5,SNMOT-060_baseline_excerpt,SHOT-060-A,208,player,Team_B,905.5,488.6,41.5,104.2,0.916
59,29.5,SNMOT-060_baseline_excerpt,SHOT-060-A,209,player,Team_B,422.9,507.4,34.8,105.1,0.75
59,29.5,SNMOT-060_baseline_excerpt,SHOT-060-A,211,goalkeeper,Team_B,1763.1,603.6,39.9,79.7,0.963
59,29.5,SNMOT-060_baseline_excerpt,SHOT-060-A,300,referee,Referee,959.9,605.8,25.9,83.4,0.706
59,29.5,SNMOT-060_baseline_excerpt,SHOT-060-A,999,ball,N/A,852.9,802.2,12.1,8.5,0.684
60,30.0,SNMOT-060_baseline_excerpt,SHOT-060-A,101,player,Team_A,1335.5,626.6,36.7,84.8,0.734
60,30.0,SNMOT-060_baseline_excerpt,SHOT-060-A,102,player,Team_A,1403.0,659.8,26.4,73.8,0.885
60,30.0,SNMOT-060_baseline_excerpt,SHOT-060-A,103,player,Team_A,311.2,866.0,34.4,100.7,0.833
60,30.0,SNMOT-060_baseline_excerpt,SHOT-060-A,104,player,Team_A,1173.3,713.4,40.4,89.4,0.746
60,30.0,SNMOT-060_baseline_excerpt,SHOT-060-A,105,player,Team_A,339.7,573.5,38.1,84.0,0.727
60,30.0,SNMOT-060_baseline_excerpt,SHOT-060-A,106,player,Team_A,597.2,875.9,32.5,94.9,0.894
60,30.0,SNMOT-060_baseline_excerpt,SHOT-060-A,107,player,Team_A,1140.7,841.0,32.8,89.9,0.871
60,30.0,SNMOT-060_baseline_excerpt,SHOT-060-A,108,player,Team_A,739.3,457.6,32.2,107.0,0.99
60,30.0,SNMOT-060_baseline_excerpt,SHOT-060-A,109,player,Team_A,939.9,393.6,33.0,88.1,0.901
60,30.0,SNMOT-060_baseline_excerpt,SHOT-060-A,110,player,Team_A,1367.3,726.3,38.1,107.4,0.757
60,30.0,SNMOT-060_baseline_excerpt,SHOT-060-A,111,goalkeeper,Team_A,69.0,536.8,39.3,105.6,0.965
60,30.0,SNMOT-060_baseline_excerpt,SHOT-060-A,201,player,Team_B,1370.5,607.8,36.9,96.7,0.85
60,30.0,SNMOT-060_baseline_excerpt,SHOT-060-A,202,player,Team_B,1594.2,837.3,39.2,106.0,0.751
60,30.0,SNMOT-060_baseline_excerpt,SHOT-060-A,203,player,Team_B,1287.1,479.3,39.5,95.6,0.769
60,30.0,SNMOT-060_baseline_excerpt,SHOT-060-A,204,player,Team_B,909.7,382.6,29.7,106.7,0.789
60,30.0,SNMOT-060_baseline_excerpt,SHOT-060-A,205,player,Team_B,517.2,697.8,36.3,99.5,0.835
60,30.0,SNMOT-060_baseline_excerpt,SHOT-060-A,206,player,Team_B,1202.6,871.9,28.8,99.5,0.744
60,30.0,SNMOT-060_baseline_excerpt,SHOT-060-A,207,player,Team_B,815.0,548.9,26.4,87.6,0.87
60,30.0,SNMOT-060_baseline_excerpt,SHOT-060-A,208,player,Team_B,895.2,512.9,41.6,79.1,0.803
60,30.0,SNMOT-060_baseline_excerpt,SHOT-060-A,209,player,Team_B,434.7,505.6,34.8,105.1,0.867
60,30.0,SNMOT-060_baseline_excerpt,SHOT-060-A,210,player,Team_B,601.0,734.7,34.1,86.0,0.853
60,30.0,SNMOT-060_baseline_excerpt,SHOT-060-A,211,goalkeeper,Team_B,1764.4,604.0,38.8,87.0,0.893
60,30.0,SNMOT-060_baseline_excerpt,SHOT-060-A,300,referee,Referee,962.7,634.9,28.5,74.7,0.731
60,30.0,SNMOT-060_baseline_excerpt,SHOT-060-A,999,ball,N/A,845.4,819.1,10.8,11.9,0.568
61,30.5,SNMOT-060_baseline_excerpt,SHOT-060-A,101,player,Team_A,1333.6,635.7,37.3,79.5,0.791
61,30.5,SNMOT-060_baseline_excerpt,SHOT-060-A,102,player,Team_A,1403.2,656.1,34.4,77.7,0.905
61,30.5,SNMOT-060_baseline_excerpt,SHOT-060-A,104,player,Team_A,1170.4,713.1,36.9,82.1,0.878
61,30.5,SNMOT-060_baseline_excerpt,SHOT-060-A,105,player,Team_A,330.8,574.7,30.6,91.0,0.851
61,30.5,SNMOT-060_baseline_excerpt,SHOT-060-A,106,player,Team_A,581.4,885.5,40.9,77.9,0.891
61,30.5,SNMOT-060_baseline_excerpt,SHOT-060-A,107,player,Team_A,1140.7,820.5,41.5,87.0,0.837
61,30.5,SNMOT-060_baseline_excerpt,SHOT-060-A,108,player,Team_A,719.7,476.4,38.0,81.5,0.83
61,30.5,SNMOT-060_baseline_excerpt,SHOT-060-A,109,player,Team_A,939.6,390.6,37.8,80.3,0.99
61,30.5,SNMOT-060_baseline_excerpt,SHOT-060-A,110,player,Team_A,1386.6,755.4,28.9,72.3,0.71
61,30.5,SNMOT-060_baseline_excerpt,SHOT-060-A,111,goalkeeper,Team_A,74.2,547.1,37.9,91.8,0.686
61,30.5,SNMOT-060_baseline_excerpt,SHOT-060-A,201,player,Team_B,1378.1,593.0,38.8,97.6,0.871
61,30.5,SNMOT-060_baseline_excerpt,SHOT-060-A,202,player,Team_B,1595.5,846.1,30.8,103.5,0.99
61,30.5,SNMOT-060_baseline_excerpt,SHOT-060-A,203,player,Team_B,1270.8,500.7,32.6,85.2,0.823
61,30.5,SNMOT-060_baseline_excerpt,SHOT-060-A,204,player,Team_B,914.4,378.3,36.0,106.0,0.803
61,30.5,SNMOT-060_baseline_excerpt,SHOT-060-A,205,player,Team_B,524.9,698.0,26.4,81.4,0.975
61,30.5,SNMOT-060_baseline_excerpt,SHOT-060-A,206,player,Team_B,1198.2,893.9,34.6,72.1,0.99
61,30.5,SNMOT-060_baseline_excerpt,SHOT-060-A,207,player,Team_B,793.6,544.3,33.8,94.9,0.88
61,30.5,SNMOT-060_baseline_excerpt,SHOT-060-A,208,player,Team_B,904.1,516.7,27.2,99.8,0.783
61,30.5,SNMOT-060_baseline_excerpt,SHOT-060-A,209,player,Team_B,432.7,510.8,34.6,73.8,0.895
61,30.5,SNMOT-060_baseline_excerpt,SHOT-060-A,210,player,Team_B,592.9,735.2,29.6,98.8,0.863
61,30.5,SNMOT-060_baseline_excerpt,SHOT-060-A,211,goalkeeper,Team_B,1767.5,610.8,36.3,74.5,0.941
61,30.5,SNMOT-060_baseline_excerpt,SHOT-060-A,300,referee,Referee,963.3,636.6,25.8,85.4,0.862
61,30.5,SNMOT-060_baseline_excerpt,SHOT-060-A,999,ball,N/A,838.1,845.2,9.7,8.2,0.66
62,31.0,SNMOT-060_baseline_excerpt,SHOT-060-A,101,player,Team_A,1331.9,632.2,34.1,90.6,0.854
62,31.0,SNMOT-060_baseline_excerpt,SHOT-060-A,102,player,Team_A,1406.4,667.4,30.2,86.1,0.787
62,31.0,SNMOT-060_baseline_excerpt,SHOT-060-A,103,player,Team_A,305.5,876.7,26.9,83.5,0.938
62,31.0,SNMOT-060_baseline_excerpt,SHOT-060-A,104,player,Team_A,1171.4,697.7,33.4,95.2,0.914
62,31.0,SNMOT-060_baseline_excerpt,SHOT-060-A,105,player,Team_A,337.3,593.1,31.5,79.5,0.946
62,31.0,SNMOT-060_baseline_excerpt,SHOT-060-A,106,player,Team_A,582.0,874.1,30.4,82.0,0.917
62,31.0,SNMOT-060_baseline_excerpt,SHOT-060-A,107,player,Team_A,1139.7,805.5,33.3,96.8,0.729
62,31.0,SNMOT-060_baseline_excerpt,SHOT-060-A,108,player,Team_A,715.6,484.4,41.8,78.6,0.851
62,31.0,SNMOT-060_baseline_excerpt,SHOT-060-A,109,player,Team_A,944.4,385.9,38.4,97.0,0.868
62,31.0,SNMOT-060_baseline_excerpt,SHOT-060-A,110,player,Team_A,1371.4,755.0,29.9,76.6,0.83
62,31.0,SNMOT-060_baseline_excerpt,SHOT-060-A,111,goalkeeper,Team_A,76.4,551.7,34.1,83.8,0.839
62,31.0,SNMOT-060_baseline_excerpt,SHOT-060-A,201,player,Team_B,1380.1,593.3,28.4,84.9,0.891
62,31.0,SNMOT-060_baseline_excerpt,SHOT-060-A,202,player,Team_B,1602.4,851.9,29.4,84.4,0.984
62,31.0,SNMOT-060_baseline_excerpt,SHOT-060-A,204,player,Team_B,911.6,368.1,28.1,100.3,0.718
62,31.0,SNMOT-060_baseline_excerpt,SHOT-060-A,205,player,Team_B,524.3,690.3,26.9,91.1,0.795
62,31.0,SNMOT-060_baseline_excerpt,SHOT-060-A,206,player,Team_B,1204.8,867.7,38.0,90.2,0.886
62,31.0,SNMOT-060_baseline_excerpt,SHOT-060-A,207,player,Team_B,789.7,543.5,31.8,80.0,0.821
62,31.0,SNMOT-060_baseline_excerpt,SHOT-060-A,208,player,Team_B,902.0,543.2,30.4,91.3,0.916
62,31.0,SNMOT-060_baseline_excerpt,SHOT-060-A,210,player,Team_B,585.0,744.3,35.1,86.5,0.927
62,31.0,SNMOT-060_baseline_excerpt,SHOT-060-A,211,goalkeeper,Team_B,1764.3,603.8,37.6,86.9,0.806
62,31.0,SNMOT-060_baseline_excerpt,SHOT-060-A,300,referee,Referee,982.5,644.2,26.7,72.0,0.786
63,31.5,SNMOT-060_baseline_excerpt,SHOT-060-A,101,player,Team_A,1329.4,635.4,32.7,100.7,0.949
63,31.5,SNMOT-060_baseline_excerpt,SHOT-060-A,102,player,Team_A,1396.7,664.2,41.5,96.5,0.853
63,31.5,SNMOT-060_baseline_excerpt,SHOT-060-A,103,player,Team_A,290.9,860.4,38.8,103.2,0.759
63,31.5,SNMOT-060_baseline_excerpt,SHOT-060-A,104,player,Team_A,1156.3,700.0,30.0,98.2,0.99
63,31.5,SNMOT-060_baseline_excerpt,SHOT-060-A,105,player,Team_A,317.2,583.5,39.1,103.9,0.961
63,31.5,SNMOT-060_baseline_excerpt,SHOT-060-A,106,player,Team_A,584.9,864.1,35.5,89.2,0.776
63,31.5,SNMOT-060_baseline_excerpt,SHOT-060-A,107,player,Team_A,1141.8,813.8,30.5,76.6,0.899
63,31.5,SNMOT-060_baseline_excerpt,SHOT-060-A,109,player,Team_A,951.4,375.5,39.2,107.7,0.99
63,31.5,SNMOT-060_baseline_excerpt,SHOT-060-A,110,player,Team_A,1354.4,740.0,39.8,100.5,0.805
63,31.5,SNMOT-060_baseline_excerpt,SHOT-060-A,111,goalkeeper,Team_A,74.3,544.6,36.2,98.6,0.855
63,31.5,SNMOT-060_baseline_excerpt,SHOT-060-A,201,player,Team_B,1380.0,592.0,28.9,106.2,0.751
63,31.5,SNMOT-060_baseline_excerpt,SHOT-060-A,202,player,Team_B,1607.8,851.5,32.2,74.9,0.866
63,31.5,SNMOT-060_baseline_excerpt,SHOT-060-A,203,player,Team_B,1293.4,498.4,28.9,76.9,0.87
63,31.5,SNMOT-060_baseline_excerpt,SHOT-060-A,204,player,Team_B,912.1,373.9,38.9,93.3,0.797
63,31.5,SNMOT-060_baseline_excerpt,SHOT-060-A,205,player,Team_B,507.1,693.6,28.2,93.5,0.809
63,31.5,SNMOT-060_baseline_excerpt,SHOT-060-A,206,player,Team_B,1206.4,872.2,30.1,79.4,0.742
63,31.5,SNMOT-060_baseline_excerpt,SHOT-060-A,207,player,Team_B,793.4,528.9,27.1,89.0,0.817
63,31.5,SNMOT-060_baseline_excerpt,SHOT-060-A,208,player,Team_B,902.4,538.8,34.8,103.5,0.841
63,31.5,SNMOT-060_baseline_excerpt,SHOT-060-A,209,player,Team_B,430.4,505.7,40.1,96.9,0.857
63,31.5,SNMOT-060_baseline_excerpt,SHOT-060-A,210,player,Team_B,602.9,752.7,26.4,90.0,0.908
63,31.5,SNMOT-060_baseline_excerpt,SHOT-060-A,211,goalkeeper,Team_B,1768.8,593.1,26.6,100.2,0.976
63,31.5,SNMOT-060_baseline_excerpt,SHOT-060-A,300,referee,Referee,983.0,663.9,25.2,73.7,0.78
64,32.0,SNMOT-060_baseline_excerpt,SHOT-060-A,101,player,Team_A,1323.7,641.5,41.2,80.6,0.82
64,32.0,SNMOT-060_baseline_excerpt,SHOT-060-A,102,player,Team_A,1412.4,655.1,31.9,90.0,0.958
64,32.0,SNMOT-060_baseline_excerpt,SHOT-060-A,103,player,Team_A,287.5,867.8,34.6,79.9,0.802
64,32.0,SNMOT-060_baseline_excerpt,SHOT-060-A,104,player,Team_A,1146.2,701.7,26.1,84.4,0.961
64,32.0,SNMOT-060_baseline_excerpt,SHOT-060-A,105,player,Team_A,315.5,606.0,32.1,84.6,0.99
64,32.0,SNMOT-060_baseline_excerpt,SHOT-060-A,106,player,Team_A,586.6,852.6,39.0,106.5,0.79
64,32.0,SNMOT-060_baseline_excerpt,SHOT-060-A,107,player,Team_A,1145.8,803.3,28.2,76.2,0.875
64,32.0,SNMOT-060_baseline_excerpt,SHOT-060-A,108,player,Team_A,723.0,469.8,26.9,98.0,0.8
64,32.0,SNMOT-060_baseline_excerpt,SHOT-060-A,109,player,Team_A,960.4,379.8,31.3,106.9,0.78
64,32.0,SNMOT-060_baseline_excerpt,SHOT-060-A,110,player,Team_A,1342.0,755.8,26.0,94.3,0.686
64,32.0,SNMOT-060_baseline_excerpt,SHOT-060-A,111,goalkeeper,Team_A,76.4,560.8,31.9,78.0,0.855
64,32.0,SNMOT-060_baseline_excerpt,SHOT-060-A,201,player,Team_B,1385.5,598.9,39.9,86.0,0.948
64,32.0,SNMOT-060_baseline_excerpt,SHOT-060-A,202,player,Team_B,1604.5,849.1,26.5,105.1,0.805
64,32.0,SNMOT-060_baseline_excerpt,SHOT-060-A,203,player,Team_B,1289.7,482.0,36.2,101.8,0.699
64,32.0,SNMOT-060_baseline_excerpt,SHOT-060-A,204,player,Team_B,902.8,383.1,26.5,85.9,0.844
64,32.0,SNMOT-060_baseline_excerpt,SHOT-060-A,205,player,Team_B,508.7,689.0,32.9,105.6,0.99
64,32.0,SNMOT-060_baseline_excerpt,SHOT-060-A,206,player,Team_B,1216.6,859.2,40.0,80.9,0.941
64,32.0,SNMOT-060_baseline_excerpt,SHOT-060-A,207,player,Team_B,796.1,529.0,27.9,91.7,0.891
64,32.0,SNMOT-060_baseline_excerpt,SHOT-060-A,208,player,Team_B,896.6,556.1,40.2,82.8,0.952
64,32.0,SNMOT-060_baseline_excerpt,SHOT-060-A,209,player,Team_B,446.8,496.7,37.4,101.4,0.803
64,32.0,SNMOT-060_baseline_excerpt,SHOT-060-A,210,player,Team_B,614.3,756.1,37.6,90.9,0.842
64,32.0,SNMOT-060_baseline_excerpt,SHOT-060-A,211,goalkeeper,Team_B,1762.6,590.2,31.4,105.0,0.825
64,32.0,SNMOT-060_baseline_excerpt,SHOT-060-A,300,referee,Referee,978.2,666.9,33.0,81.5,0.667
65,32.5,SNMOT-060_baseline_excerpt,SHOT-060-A,101,player,Team_A,1320.3,653.9,27.0,81.5,0.813
65,32.5,SNMOT-060_baseline_excerpt,SHOT-060-A,102,player,Team_A,1397.1,652.3,35.3,105.1,0.922
65,32.5,SNMOT-060_baseline_excerpt,SHOT-060-A,103,player,Team_A,295.5,881.1,41.9,73.2,0.982
65,32.5,SNMOT-060_baseline_excerpt,SHOT-060-A,104,player,Team_A,1151.0,708.6,38.6,79.0,0.722
65,32.5,SNMOT-060_baseline_excerpt,SHOT-060-A,105,player,Team_A,305.4,616.9,31.6,79.8,0.891
65,32.5,SNMOT-060_baseline_excerpt,SHOT-060-A,106,player,Team_A,588.6,844.8,28.0,101.5,0.93
65,32.5,SNMOT-060_baseline_excerpt,SHOT-060-A,107,player,Team_A,1139.3,798.7,31.8,76.2,0.899
65,32.5,SNMOT-060_baseline_excerpt,SHOT-060-A,108,player,Team_A,715.8,464.1,39.1,91.0,0.778
65,32.5,SNMOT-060_baseline_excerpt,SHOT-060-A,109,player,Team_A,956.7,385.8,29.6,93.6,0.99
65,32.5,SNMOT-060_baseline_excerpt,SHOT-060-A,110,player,Team_A,1338.1,752.6,31.0,90.7,0.915
65,32.5,SNMOT-060_baseline_excerpt,SHOT-060-A,111,goalkeeper,Team_A,74.0,557.8,29.2,88.2,0.967
65,32.5,SNMOT-060_baseline_excerpt,SHOT-060-A,201,player,Team_B,1387.4,589.6,34.0,89.1,0.901
65,32.5,SNMOT-060_baseline_excerpt,SHOT-060-A,202,player,Team_B,1614.5,852.0,35.9,102.6,0.681
65,32.5,SNMOT-060_baseline_excerpt,SHOT-060-A,203,player,Team_B,1295.0,465.7,39.8,106.5,0.836
65,32.5,SNMOT-060_baseline_excerpt,SHOT-060-A,204,player,Team_B,907.5,381.7,27.5,98.4,0.905
65,32.5,SNMOT-060_baseline_excerpt,SHOT-060-A,205,player,Team_B,516.2,697.3,33.9,94.5,0.807
65,32.5,SNMOT-060_baseline_excerpt,SHOT-060-A,206,player,Team_B,1219.1,845.2,29.6,96.3,0.82
65,32.5,SNMOT-060_baseline_excerpt,SHOT-060-A,207,player,Team_B,808.6,546.3,31.9,76.1,0.744
65,32.5,SNMOT-060_baseline_excerpt,SHOT-060-A,208,player,Team_B,877.2,544.3,33.5,104.9,0.99
65,32.5,SNMOT-060_baseline_excerpt,SHOT-060-A,209,player,Team_B,429.8,492.5,31.2,103.2,0.936
65,32.5,SNMOT-060_baseline_excerpt,SHOT-060-A,210,player,Team_B,603.0,771.0,35.8,76.5,0.796
65,32.5,SNMOT-060_baseline_excerpt,SHOT-060-A,211,goalkeeper,Team_B,1768.3,603.3,26.4,77.8,0.843
65,32.5,SNMOT-060_baseline_excerpt,SHOT-060-A,300,referee,Referee,964.8,690.1,31.7,68.9,0.839
65,32.5,SNMOT-060_baseline_excerpt,SHOT-060-A,999,ball,N/A,865.4,818.4,11.8,12.9,0.463
66,33.0,SNMOT-060_baseline_excerpt,SHOT-060-A,101,player,Team_A,1331.9,653.9,33.4,82.5,0.892
66,33.0,SNMOT-060_baseline_excerpt,SHOT-060-A,102,player,Team_A,1399.0,645.1,35.0,80.8,0.791
66,33.0,SNMOT-060_baseline_excerpt,SHOT-060-A,103,player,Team_A,279.7,866.3,33.2,84.7,0.81
66,33.0,SNMOT-060_baseline_excerpt,SHOT-060-A,104,player,Team_A,1168.2,698.7,29.9,98.8,0.979
66,33.0,SNMOT-060_baseline_excerpt,SHOT-060-A,105,player,Team_A,309.1,608.3,26.1,98.8,0.957
66,33.0,SNMOT-060_baseline_excerpt,SHOT-060-A,106,player,Team_A,606.4,857.9,41.6,83.8,0.99
66,33.0,SNMOT-060_baseline_excerpt,SHOT-060-A,107,player,Team_A,1125.0,783.5,42.0,99.9,0.814
66,33.0,SNMOT-060_baseline_excerpt,SHOT-060-A,108,player,Team_A,718.2,451.5,35.6,104.7,0.99
66,33.0,SNMOT-060_baseline_excerpt,SHOT-060-A,109,player,Team_A,956.2,389.7,38.6,106.6,0.886
66,33.0,SNMOT-060_baseline_excerpt,SHOT-060-A,110,player,Team_A,1342.0,753.9,35.5,89.0,0.919
66,33.0,SNMOT-060_baseline_excerpt,SHOT-060-A,111,goalkeeper,Team_A,78.2,548.9,31.5,97.4,0.901
66,33.0,SNMOT-060_baseline_excerpt,SHOT-060-A,201,player,Team_B,1395.3,580.8,40.4,86.1,0.927
66,33.0,SNMOT-060_baseline_excerpt,SHOT-060-A,202,player,Team_B,1643.5,868.4,39.6,77.4,0.765
66,33.0,SNMOT-060_baseline_excerpt,SHOT-060-A,203,player,Team_B,1299.1,485.9,40.0,74.3,0.839
66,33.0,SNMOT-060_baseline_excerpt,SHOT-060-A,204,player,Team_B,913.6,387.5,26.7,102.8,0.79
66,33.0,SNMOT-060_baseline_excerpt,SHOT-060-A,205,player,Team_B,520.5,708.1,41.9,89.2,0.924
66,33.0,SNMOT-060_baseline_excerpt,SHOT-060-A,206,player,Team_B,1192.6,854.6,35.0,86.6,0.753
66,33.0,SNMOT-060_baseline_excerpt,SHOT-060-A,207,player,Team_B,806.2,541.0,27.3,77.8,0.825
66,33.0,SNMOT-060_baseline_excerpt,SHOT-060-A,208,player,Team_B,897.1,543.1,27.5,100.4,0.697
66,33.0,SNMOT-060_baseline_excerpt,SHOT-060-A,210,player,Team_B,614.9,745.6,31.5,95.1,0.947
66,33.0,SNMOT-060_baseline_excerpt,SHOT-060-A,211,goalkeeper,Team_B,1765.7,589.1,28.7,105.9,0.864
66,33.0,SNMOT-060_baseline_excerpt,SHOT-060-A,300,referee,Referee,957.5,691.0,31.4,74.8,0.801
66,33.0,SNMOT-060_baseline_excerpt,SHOT-060-A,999,ball,N/A,880.1,842.4,10.6,8.3,0.498
67,33.5,SNMOT-060_baseline_excerpt,SHOT-060-A,101,player,Team_A,1318.9,618.6,35.8,95.6,0.673
67,33.5,SNMOT-060_baseline_excerpt,SHOT-060-A,102,player,Team_A,1395.2,652.7,31.0,73.9,0.847
67,33.5,SNMOT-060_baseline_excerpt,SHOT-060-A,103,player,Team_A,284.0,874.1,35.2,86.4,0.907
67,33.5,SNMOT-060_baseline_excerpt,SHOT-060-A,104,player,Team_A,1156.9,704.3,34.1,84.5,0.683
67,33.5,SNMOT-060_baseline_excerpt,SHOT-060-A,105,player,Team_A,308.6,619.4,36.4,93.8,0.904
67,33.5,SNMOT-060_baseline_excerpt,SHOT-060-A,106,player,Team_A,606.4,841.6,34.2,99.5,0.834
67,33.5,SNMOT-060_baseline_excerpt,SHOT-060-A,107,player,Team_A,1117.1,785.3,38.3,104.0,0.99
67,33.5,SNMOT-060_baseline_excerpt,SHOT-060-A,108,player,Team_A,715.7,461.4,29.5,108.0,0.824
67,33.5,SNMOT-060_baseline_excerpt,SHOT-060-A,109,player,Team_A,974.1,402.3,32.7,89.7,0.933
67,33.5,SNMOT-060_baseline_excerpt,SHOT-060-A,110,player,Team_A,1330.7,756.8,39.1,80.6,0.871
67,33.5,SNMOT-060_baseline_excerpt,SHOT-060-A,111,goalkeeper,Team_A,79.1,551.8,29.4,98.7,0.809
67,33.5,SNMOT-060_baseline_excerpt,SHOT-060-A,201,player,Team_B,1406.6,590.0,36.7,95.9,0.794
67,33.5,SNMOT-060_baseline_excerpt,SHOT-060-A,202,player,Team_B,1643.0,870.2,35.8,89.6,0.851
67,33.5,SNMOT-060_baseline_excerpt,SHOT-060-A,203,player,Team_B,1286.5,479.9,31.7,80.9,0.755
67,33.5,SNMOT-060_baseline_excerpt,SHOT-060-A,204,player,Team_B,908.5,393.3,41.6,74.0,0.824
67,33.5,SNMOT-060_baseline_excerpt,SHOT-060-A,205,player,Team_B,513.7,724.5,38.5,77.0,0.791
67,33.5,SNMOT-060_baseline_excerpt,SHOT-060-A,206,player,Team_B,1203.2,862.1,29.3,93.1,0.966
67,33.5,SNMOT-060_baseline_excerpt,SHOT-060-A,207,player,Team_B,802.2,530.1,38.1,90.6,0.767
67,33.5,SNMOT-060_baseline_excerpt,SHOT-060-A,208,player,Team_B,893.4,537.5,30.8,97.6,0.812
67,33.5,SNMOT-060_baseline_excerpt,SHOT-060-A,209,player,Team_B,419.4,481.3,31.6,105.9,0.851
67,33.5,SNMOT-060_baseline_excerpt,SHOT-060-A,210,player,Team_B,623.8,759.9,28.2,79.4,0.905
67,33.5,SNMOT-060_baseline_excerpt,SHOT-060-A,211,goalkeeper,Team_B,1761.3,603.4,26.4,81.9,0.836
67,33.5,SNMOT-060_baseline_excerpt,SHOT-060-A,300,referee,Referee,969.8,716.8,30.2,81.3,0.864
68,34.0,SNMOT-060_baseline_excerpt,SHOT-060-A,101,player,Team_A,1326.7,602.3,34.8,99.2,0.977
68,34.0,SNMOT-060_baseline_excerpt,SHOT-060-A,102,player,Team_A,1377.0,663.4,42.0,95.0,0.748
68,34.0,SNMOT-060_baseline_excerpt,SHOT-060-A,103,player,Team_A,280.7,864.3,41.3,104.6,0.821
68,34.0,SNMOT-060_baseline_excerpt,SHOT-060-A,104,player,Team_A,1170.2,706.0,27.3,77.8,0.736
68,34.0,SNMOT-060_baseline_excerpt,SHOT-060-A,105,player,Team_A,296.1,623.6,37.1,94.9,0.846
68,34.0,SNMOT-060_baseline_excerpt,SHOT-060-A,106,player,Team_A,596.6,858.9,35.1,78.7,0.699
68,34.0,SNMOT-060_baseline_excerpt,SHOT-060-A,107,player,Team_A,1106.5,776.7,30.0,101.1,0.767
68,34.0,SNMOT-060_baseline_excerpt,SHOT-060-A,108,player,Team_A,720.1,475.9,30.9,76.9,0.793
68,34.0,SNMOT-060_baseline_excerpt,SHOT-060-A,109,player,Team_A,977.1,399.7,27.4,92.7,0.857
68,34.0,SNMOT-060_baseline_excerpt,SHOT-060-A,110,player,Team_A,1325.7,740.5,34.7,95.0,0.802
68,34.0,SNMOT-060_baseline_excerpt,SHOT-060-A,111,goalkeeper,Team_A,72.2,562.8,39.7,80.5,0.723
68,34.0,SNMOT-060_baseline_excerpt,SHOT-060-A,201,player,Team_B,1403.8,612.0,33.1,90.9,0.682
68,34.0,SNMOT-060_baseline_excerpt,SHOT-060-A,202,player,Team_B,1645.1,871.4,34.4,77.3,0.928
68,34.0,SNMOT-060_baseline_excerpt,SHOT-060-A,203,player,Team_B,1270.7,484.7,28.3,72.7,0.749
68,34.0,SNMOT-060_baseline_excerpt,SHOT-060-A,204,player,Team_B,912.3,389.9,36.8,77.0,0.781
68,34.0,SNMOT-060_baseline_excerpt,SHOT-060-A,205,player,Team_B,518.1,709.9,29.9,101.2,0.816
68,34.0,SNMOT-060_baseline_excerpt,SHOT-060-A,206,player,Team_B,1202.8,850.5,32.7,97.9,0.885
68,34.0,SNMOT-060_baseline_excerpt,SHOT-060-A,207,player,Team_B,802.7,534.9,27.9,74.6,0.664
68,34.0,SNMOT-060_baseline_excerpt,SHOT-060-A,208,player,Team_B,874.9,541.8,39.0,102.7,0.917
68,34.0,SNMOT-060_baseline_excerpt,SHOT-060-A,209,player,Team_B,414.6,494.2,37.6,75.5,0.789
68,34.0,SNMOT-060_baseline_excerpt,SHOT-060-A,210,player,Team_B,621.9,775.2,28.9,84.5,0.899
68,34.0,SNMOT-060_baseline_excerpt,SHOT-060-A,211,goalkeeper,Team_B,1756.8,601.6,37.0,86.1,0.788
68,34.0,SNMOT-060_baseline_excerpt,SHOT-060-A,300,referee,Referee,971.5,718.4,33.8,76.8,0.887
69,34.5,SNMOT-060_baseline_excerpt,SHOT-060-A,102,player,Team_A,1398.2,654.1,28.7,98.4,0.73
69,34.5,SNMOT-060_baseline_excerpt,SHOT-060-A,103,player,Team_A,270.2,872.0,29.6,85.0,0.757
69,34.5,SNMOT-060_baseline_excerpt,SHOT-060-A,104,player,Team_A,1172.8,697.8,29.7,83.6,0.832
69,34.5,SNMOT-060_baseline_excerpt,SHOT-060-A,105,player,Team_A,294.0,638.9,37.6,77.3,0.83
69,34.5,SNMOT-060_baseline_excerpt,SHOT-060-A,106,player,Team_A,604.5,842.7,32.9,90.0,0.746
69,34.5,SNMOT-060_baseline_excerpt,SHOT-060-A,107,player,Team_A,1095.5,771.2,28.6,96.2,0.744
69,34.5,SNMOT-060_baseline_excerpt,SHOT-060-A,109,player,Team_A,963.7,401.7,38.2,81.5,0.721
69,34.5,SNMOT-060_baseline_excerpt,SHOT-060-A,110,player,Team_A,1311.8,723.8,41.9,105.3,0.772
69,34.5,SNMOT-060_baseline_excerpt,SHOT-060-A,111,goalkeeper,Team_A,73.1,557.4,34.5,86.5,0.99
69,34.5,SNMOT-060_baseline_excerpt,SHOT-060-A,201,player,Team_B,1415.3,622.9,32.5,92.6,0.819
69,34.5,SNMOT-060_baseline_excerpt,SHOT-060-A,202,player,Team_B,1664.0,862.2,26.1,102.8,0.721
69,34.5,SNMOT-060_baseline_excerpt,SHOT-060-A,203,player,Team_B,1287.0,470.1,29.0,98.5,0.909
69,34.5,SNMOT-060_baseline_excerpt,SHOT-060-A,204,player,Team_B,905.0,391.2,32.8,77.5,0.733
69,34.5,SNMOT-060_baseline_excerpt,SHOT-060-A,205,player,Team_B,514.3,742.2,30.5,83.1,0.846
69,34.5,SNMOT-060_baseline_excerpt,SHOT-060-A,206,player,Team_B,1202.5,845.0,35.8,101.3,0.883
69,34.5,SNMOT-060_baseline_excerpt,SHOT-060-A,208,player,Team_B,858.1,558.0,39.5,72.3,0.99
69,34.5,SNMOT-060_baseline_excerpt,SHOT-060-A,209,player,Team_B,425.2,471.9,35.7,101.0,0.99
69,34.5,SNMOT-060_baseline_excerpt,SHOT-060-A,210,player,Team_B,620.9,783.1,30.8,85.6,0.95
69,34.5,SNMOT-060_baseline_excerpt,SHOT-060-A,211,goalkeeper,Team_B,1763.0,602.2,26.4,78.5,0.595
69,34.5,SNMOT-060_baseline_excerpt,SHOT-060-A,300,referee,Referee,979.2,716.0,29.8,83.4,0.78
69,34.5,SNMOT-060_baseline_excerpt,SHOT-060-A,999,ball,N/A,844.9,829.4,12.2,8.7,0.549
70,35.0,SNMOT-060_baseline_excerpt,SHOT-060-A,102,player,Team_A,1381.5,656.6,34.4,74.8,0.99
70,35.0,SNMOT-060_baseline_excerpt,SHOT-060-A,103,player,Team_A,268.7,876.2,30.7,88.3,0.794
70,35.0,SNMOT-060_baseline_excerpt,SHOT-060-A,104,player,Team_A,1173.9,691.2,27.4,85.5,0.702
70,35.0,SNMOT-060_baseline_excerpt,SHOT-060-A,105,player,Team_A,291.5,635.2,27.7,76.3,0.808
70,35.0,SNMOT-060_baseline_excerpt,SHOT-060-A,106,player,Team_A,600.0,845.1,34.3,95.8,0.614
70,35.0,SNMOT-060_baseline_excerpt,SHOT-060-A,107,player,Team_A,1094.9,777.8,32.0,79.8,0.827
70,35.0,SNMOT-060_baseline_excerpt,SHOT-060-A,109,player,Team_A,967.4,409.6,26.3,82.3,0.936
70,35.0,SNMOT-060_baseline_excerpt,SHOT-060-A,110,player,Team_A,1320.3,733.1,37.0,98.3,0.756
70,35.0,SNMOT-060_baseline_excerpt,SHOT-060-A,111,goalkeeper,Team_A,70.6,553.0,33.1,99.6,0.946
70,35.0,SNMOT-060_baseline_excerpt,SHOT-060-A,201,player,Team_B,1410.3,630.6,41.5,78.3,0.893
70,35.0,SNMOT-060_baseline_excerpt,SHOT-060-A,202,player,Team_B,1657.2,857.6,39.1,104.8,0.808
70,35.0,SNMOT-060_baseline_excerpt,SHOT-060-A,204,player,Team_B,914.1,382.1,29.6,97.6,0.939
70,35.0,SNMOT-060_baseline_excerpt,SHOT-060-A,205,player,Team_B,526.9,730.9,33.5,102.6,0.99
70,35.0,SNMOT-060_baseline_excerpt,SHOT-060-A,206,player,Team_B,1213.8,873.4,36.2,79.6,0.878
70,35.0,SNMOT-060_baseline_excerpt,SHOT-060-A,207,player,Team_B,787.9,540.1,26.6,81.1,0.934
70,35.0,SNMOT-060_baseline_excerpt,SHOT-060-A,208,player,Team_B,839.6,548.0,27.5,95.7,0.99
70,35.0,SNMOT-060_baseline_excerpt,SHOT-060-A,209,player,Team_B,427.6,485.3,34.0,74.2,0.804
70,35.0,SNMOT-060_baseline_excerpt,SHOT-060-A,211,goalkeeper,Team_B,1756.9,599.3,36.5,81.0,0.715
70,35.0,SNMOT-060_baseline_excerpt,SHOT-060-A,300,referee,Referee,969.6,728.1,25.8,76.5,0.94
70,35.0,SNMOT-060_baseline_excerpt,SHOT-060-A,999,ball,N/A,864.3,846.3,11.7,11.9,0.739
71,35.5,SNMOT-060_baseline_excerpt,SHOT-060-A,101,player,Team_A,1321.0,592.2,26.2,104.3,0.803
71,35.5,SNMOT-060_baseline_excerpt,SHOT-060-A,102,player,Team_A,1375.2,643.9,37.1,105.2,0.949
71,35.5,SNMOT-060_baseline_excerpt,SHOT-060-A,103,player,Team_A,256.0,856.3,35.6,97.5,0.8
71,35.5,SNMOT-060_baseline_excerpt,SHOT-060-A,104,player,Team_A,1177.6,693.1,27.7,94.8,0.842
71,35.5,SNMOT-060_baseline_excerpt,SHOT-060-A,105,player,Team_A,288.1,640.2,35.0,86.9,0.666
71,35.5,SNMOT-060_baseline_excerpt,SHOT-060-A,106,player,Team_A,596.7,867.0,35.5,73.5,0.99
71,35.5,SNMOT-060_baseline_excerpt,SHOT-060-A,108,player,Team_A,698.1,464.2,36.9,90.0,0.903
71,35.5,SNMOT-060_baseline_excerpt,SHOT-060-A,109,player,Team_A,965.0,405.9,30.4,99.6,0.787
71,35.5,SNMOT-060_baseline_excerpt,SHOT-060-A,110,player,Team_A,1318.2,725.5,35.2,83.1,0.908
71,35.5,SNMOT-060_baseline_excerpt,SHOT-060-A,111,goalkeeper,Team_A,72.2,561.5,34.8,72.2,0.971
71,35.5,SNMOT-060_baseline_excerpt,SHOT-060-A,201,player,Team_B,1406.8,601.9,33.6,98.8,0.836
71,35.5,SNMOT-060_baseline_excerpt,SHOT-060-A,202,player,Team_B,1671.2,860.1,33.2,77.2,0.74
71,35.5,SNMOT-060_baseline_excerpt,SHOT-060-A,203,player,Team_B,1268.5,478.5,35.9,78.5,0.805
71,35.5,SNMOT-060_baseline_excerpt,SHOT-060-A,204,player,Team_B,922.0,399.7,31.4,95.1,0.681
71,35.5,SNMOT-060_baseline_excerpt,SHOT-060-A,205,player,Team_B,537.8,726.4,28.0,82.1,0.827
71,35.5,SNMOT-060_baseline_excerpt,SHOT-060-A,206,player,Team_B,1224.9,868.7,41.3,102.0,0.778
71,35.5,SNMOT-060_baseline_excerpt,SHOT-060-A,207,player,Team_B,801.1,556.2,31.5,85.3,0.832
71,35.5,SNMOT-060_baseline_excerpt,SHOT-060-A,208,player,Team_B,849.0,561.4,28.6,85.4,0.887
71,35.5,SNMOT-060_baseline_excerpt,SHOT-060-A,209,player,Team_B,414.4,491.1,26.6,82.9,0.83
71,35.5,SNMOT-060_baseline_excerpt,SHOT-060-A,210,player,Team_B,612.9,771.2,31.1,98.1,0.839
71,35.5,SNMOT-060_baseline_excerpt,SHOT-060-A,211,goalkeeper,Team_B,1760.7,593.2,27.7,94.9,0.871
71,35.5,SNMOT-060_baseline_excerpt,SHOT-060-A,300,referee,Referee,970.9,737.6,26.8,75.5,0.664
71,35.5,SNMOT-060_baseline_excerpt,SHOT-060-A,999,ball,N/A,819.3,844.0,8.8,12.4,0.701
72,36.0,SNMOT-060_baseline_excerpt,SHOT-060-A,101,player,Team_A,1309.0,590.2,27.8,108.0,0.93
72,36.0,SNMOT-060_baseline_excerpt,SHOT-060-A,102,player,Team_A,1379.6,647.0,34.6,72.5,0.702
72,36.0,SNMOT-060_baseline_excerpt,SHOT-060-A,103,player,Team_A,249.7,847.8,36.2,87.4,0.89
72,36.0,SNMOT-060_baseline_excerpt,SHOT-060-A,105,player,Team_A,281.6,643.4,28.8,72.5,0.839
72,36.0,SNMOT-060_baseline_excerpt,SHOT-060-A,106,player,Team_A,625.1,841.0,33.7,101.3,0.819
72,36.0,SNMOT-060_baseline_excerpt,SHOT-060-A,107,player,Team_A,1092.6,777.3,41.4,79.9,0.791
72,36.0,SNMOT-060_baseline_excerpt,SHOT-060-A,108,player,Team_A,693.7,470.8,38.8,78.1,0.695
72,36.0,SNMOT-060_baseline_excerpt,SHOT-060-A,109,player,Team_A,966.4,404.1,37.4,90.6,0.758
72,36.0,SNMOT-060_baseline_excerpt,SHOT-060-A,110,player,Team_A,1316.2,721.7,38.9,97.1,0.895
72,36.0,SNMOT-060_baseline_excerpt,SHOT-060-A,111,goalkeeper,Team_A,74.8,553.9,27.7,77.4,0.864
72,36.0,SNMOT-060_baseline_excerpt,SHOT-060-A,202,player,Team_B,1672.7,849.8,41.6,99.8,0.742
72,36.0,SNMOT-060_baseline_excerpt,SHOT-060-A,203,player,Team_B,1263.7,466.8,31.2,106.1,0.689
72,36.0,SNMOT-060_baseline_excerpt,SHOT-060-A,204,player,Team_B,912.7,377.2,31.2,103.0,0.871
72,36.0,SNMOT-060_baseline_excerpt,SHOT-060-A,205,player,Team_B,529.4,723.8,33.2,83.2,0.979
72,36.0,SNMOT-060_baseline_excerpt,SHOT-060-A,206,player,Team_B,1221.8,871.5,28.6,82.9,0.857
72,36.0,SNMOT-060_baseline_excerpt,SHOT-060-A,207,player,Team_B,802.3,578.6,40.1,75.8,0.801
72,36.0,SNMOT-060_baseline_excerpt,SHOT-060-A,208,player,Team_B,832.5,558.1,37.8,96.5,0.99
72,36.0,SNMOT-060_baseline_excerpt,SHOT-060-A,209,player,Team_B,399.0,493.6,31.1,77.0,0.815
72,36.0,SNMOT-060_baseline_excerpt,SHOT-060-A,210,player,Team_B,605.8,774.4,32.7,96.3,0.702
72,36.0,SNMOT-060_baseline_excerpt,SHOT-060-A,211,goalkeeper,Team_B,1759.5,597.0,31.6,84.2,0.765
72,36.0,SNMOT-060_baseline_excerpt,SHOT-060-A,300,referee,Referee,976.7,742.5,25.5,81.5,0.81
72,36.0,SNMOT-060_baseline_excerpt,SHOT-060-A,999,ball,N/A,820.8,804.2,12.5,12.1,0.653
73,36.5,SNMOT-060_baseline_excerpt,SHOT-060-A,101,player,Team_A,1304.4,604.4,40.2,78.8,0.901
73,36.5,SNMOT-060_baseline_excerpt,SHOT-060-A,102,player,Team_A,1374.5,623.4,30.3,95.8,0.658
73,36.5,SNMOT-060_baseline_excerpt,SHOT-060-A,104,player,Team_A,1179.6,709.4,31.6,80.8,0.99
73,36.5,SNMOT-060_baseline_excerpt,SHOT-060-A,105,player,Team_A,284.9,665.8,33.5,72.0,0.825
73,36.5,SNMOT-060_baseline_excerpt,SHOT-060-A,106,player,Team_A,628.4,853.5,38.9,95.4,0.827
73,36.5,SNMOT-060_baseline_excerpt,SHOT-060-A,107,player,Team_A,1092.6,781.4,35.1,90.4,0.657
73,36.5,SNMOT-060_baseline_excerpt,SHOT-060-A,109,player,Team_A,960.4,403.1,37.3,92.2,0.763
73,36.5,SNMOT-060_baseline_excerpt,SHOT-060-A,110,player,Team_A,1316.2,729.9,38.8,97.8,0.915
73,36.5,SNMOT-060_baseline_excerpt,SHOT-060-A,111,goalkeeper,Team_A,73.8,556.5,37.8,74.7,0.794
73,36.5,SNMOT-060_baseline_excerpt,SHOT-060-A,201,player,Team_B,1405.5,610.5,31.4,81.9,0.866
73,36.5,SNMOT-060_baseline_excerpt,SHOT-060-A,202,player,Team_B,1686.2,850.4,30.8,72.1,0.982
73,36.5,SNMOT-060_baseline_excerpt,SHOT-060-A,203,player,Team_B,1251.8,461.6,26.8,86.0,0.886
73,36.5,SNMOT-060_baseline_excerpt,SHOT-060-A,204,player,Team_B,914.7,379.6,40.6,83.4,0.745
73,36.5,SNMOT-060_baseline_excerpt,SHOT-060-A,205,player,Team_B,528.2,710.8,32.0,104.9,0.962
73,36.5,SNMOT-060_baseline_excerpt,SHOT-060-A,206,player,Team_B,1215.9,866.7,30.8,87.3,0.879
73,36.5,SNMOT-060_baseline_excerpt,SHOT-060-A,207,player,Team_B,809.1,570.1,37.1,102.7,0.755
73,36.5,SNMOT-060_baseline_excerpt,SHOT-060-A,208,player,Team_B,826.1,553.2,37.9,88.9,0.895
73,36.5,SNMOT-060_baseline_excerpt,SHOT-060-A,209,player,Team_B,417.4,475.7,33.0,106.4,0.782
73,36.5,SNMOT-060_baseline_excerpt,SHOT-060-A,210,player,Team_B,609.8,783.3,34.0,76.5,0.94
73,36.5,SNMOT-060_baseline_excerpt,SHOT-060-A,211,goalkeeper,Team_B,1761.9,588.6,27.0,96.0,0.881
73,36.5,SNMOT-060_baseline_excerpt,SHOT-060-A,300,referee,Referee,967.3,722.0,29.7,82.7,0.865
73,36.5,SNMOT-060_baseline_excerpt,SHOT-060-A,999,ball,N/A,803.1,778.8,8.6,11.5,0.639
74,37.0,SNMOT-060_baseline_excerpt,SHOT-060-A,101,player,Team_A,1306.8,579.2,42.0,97.6,0.987
74,37.0,SNMOT-060_baseline_excerpt,SHOT-060-A,102,player,Team_A,1376.8,622.0,32.7,101.1,0.862
74,37.0,SNMOT-060_baseline_excerpt,SHOT-060-A,103,player,Team_A,246.2,846.0,26.0,80.5,0.767
74,37.0,SNMOT-060_baseline_excerpt,SHOT-060-A,104,player,Team_A,1164.1,702.6,39.5,92.0,0.857
74,37.0,SNMOT-060_baseline_excerpt,SHOT-060-A,105,player,Team_A,290.8,657.0,40.9,83.2,0.758
74,37.0,SNMOT-060_baseline_excerpt,SHOT-060-A,107,player,Team_A,1075.7,781.9,34.7,92.3,0.99
74,37.0,SNMOT-060_baseline_excerpt,SHOT-060-A,108,player,Team_A,684.6,452.3,35.0,98.7,0.924
74,37.0,SNMOT-060_baseline_excerpt,SHOT-060-A,109,player,Team_A,956.3,420.7,36.8,97.5,0.943
74,37.0,SNMOT-060_baseline_excerpt,SHOT-060-A,110,player,Team_A,1318.7,731.7,27.2,79.9,0.797
74,37.0,SNMOT-060_baseline_excerpt,SHOT-060-A,111,goalkeeper,Team_A,79.9,561.2,29.8,72.7,0.922
74,37.0,SNMOT-060_baseline_excerpt,SHOT-060-A,201,player,Team_B,1393.4,594.3,35.0,81.2,0.861
74,37.0,SNMOT-060_baseline_excerpt,SHOT-060-A,202,player,Team_B,1690.7,844.2,26.3,101.4,0.86
74,37.0,SNMOT-060_baseline_excerpt,SHOT-060-A,203,player,Team_B,1245.7,463.4,28.3,79.0,0.787
74,37.0,SNMOT-060_baseline_excerpt,SHOT-060-A,204,player,Team_B,926.0,384.2,36.3,87.9,0.964
74,37.0,SNMOT-060_baseline_excerpt,SHOT-060-A,205,player,Team_B,526.4,723.5,40.8,77.5,0.845
74,37.0,SNMOT-060_baseline_excerpt,SHOT-060-A,206,player,Team_B,1196.4,869.6,38.5,96.2,0.808
74,37.0,SNMOT-060_baseline_excerpt,SHOT-060-A,208,player,Team_B,823.7,552.6,41.5,89.0,0.661
74,37.0,SNMOT-060_baseline_excerpt,SHOT-060-A,209,player,Team_B,417.5,481.0,29.0,87.3,0.841
74,37.0,SNMOT-060_baseline_excerpt,SHOT-060-A,210,player,Team_B,617.2,780.9,38.6,87.3,0.742
74,37.0,SNMOT-060_baseline_excerpt,SHOT-060-A,211,goalkeeper,Team_B,1758.2,595.2,33.9,82.7,0.89
74,37.0,SNMOT-060_baseline_excerpt,SHOT-060-A,300,referee,Referee,961.8,729.5,27.0,77.1,0.738
75,37.5,SNMOT-060_baseline_excerpt,SHOT-060-A,102,player,Team_A,1371.6,647.7,38.6,79.1,0.703
75,37.5,SNMOT-060_baseline_excerpt,SHOT-060-A,103,player,Team_A,241.6,842.2,32.3,94.5,0.685
75,37.5,SNMOT-060_baseline_excerpt,SHOT-060-A,104,player,Team_A,1173.0,698.5,30.0,103.0,0.845
75,37.5,SNMOT-060_baseline_excerpt,SHOT-060-A,105,player,Team_A,293.4,656.2,29.8,92.6,0.874
75,37.5,SNMOT-060_baseline_excerpt,SHOT-060-A,106,player,Team_A,641.6,842.7,33.7,87.6,0.777
75,37.5,SNMOT-060_baseline_excerpt,SHOT-060-A,107,player,Team_A,1075.4,791.3,38.7,95.2,0.832
75,37.5,SNMOT-060_baseline_excerpt,SHOT-060-A,108,player,Team_A,680.1,453.8,41.9,94.9,0.843
75,37.5,SNMOT-060_baseline_excerpt,SHOT-060-A,109,player,Team_A,942.1,423.9,40.4,103.3,0.941
75,37.5,SNMOT-060_baseline_excerpt,SHOT-060-A,110,player,Team_A,1321.6,738.1,31.9,73.9,0.783
75,37.5,SNMOT-060_baseline_excerpt,SHOT-060-A,111,goalkeeper,Team_A,72.9,561.7,35.3,75.1,0.826
75,37.5,SNMOT-060_baseline_excerpt,SHOT-060-A,201,player,Team_B,1401.4,595.5,28.6,86.7,0.811
75,37.5,SNMOT-060_baseline_excerpt,SHOT-060-A,202,player,Team_B,1681.3,851.9,35.5,106.3,0.784
75,37.5,SNMOT-060_baseline_excerpt,SHOT-060-A,203,player,Team_B,1217.0,459.0,32.9,106.6,0.813
75,37.5,SNMOT-060_baseline_excerpt,SHOT-060-A,204,player,Team_B,942.3,387.4,27.0,84.4,0.815
75,37.5,SNMOT-060_baseline_excerpt,SHOT-060-A,205,player,Team_B,532.7,724.3,38.4,90.7,0.903
75,37.5,SNMOT-060_baseline_excerpt,SHOT-060-A,206,player,Team_B,1193.0,867.1,38.4,80.8,0.963
75,37.5,SNMOT-060_baseline_excerpt,SHOT-060-A,207,player,Team_B,796.3,563.8,34.5,105.3,0.811
75,37.5,SNMOT-060_baseline_excerpt,SHOT-060-A,208,player,Team_B,811.4,558.4,40.7,86.2,0.951
75,37.5,SNMOT-060_baseline_excerpt,SHOT-060-A,209,player,Team_B,405.8,466.5,34.3,101.1,0.886
75,37.5,SNMOT-060_baseline_excerpt,SHOT-060-A,210,player,Team_B,616.5,779.6,39.3,83.7,0.743
75,37.5,SNMOT-060_baseline_excerpt,SHOT-060-A,211,goalkeeper,Team_B,1762.8,584.8,32.4,101.4,0.899
75,37.5,SNMOT-060_baseline_excerpt,SHOT-060-A,300,referee,Referee,960.6,732.3,24.9,86.6,0.843
75,37.5,SNMOT-060_baseline_excerpt,SHOT-060-A,999,ball,N/A,769.8,770.2,11.4,11.0,0.424
76,38.0,SNMOT-060_baseline_excerpt,SHOT-060-A,101,player,Team_A,1285.0,590.5,38.9,94.2,0.863
76,38.0,SNMOT-060_baseline_excerpt,SHOT-060-A,102,player,Team_A,1367.1,633.6,33.6,74.5,0.83
76,38.0,SNMOT-060_baseline_excerpt,SHOT-060-A,103,player,Team_A,218.0,844.9,38.7,87.5,0.99
76,38.0,SNMOT-060_baseline_excerpt,SHOT-060-A,104,player,Team_A,1151.8,703.1,38.3,79.4,0.99
76,38.0,SNMOT-060_baseline_excerpt,SHOT-060-A,105,player,Team_A,292.7,660.0,32.1,82.9,0.782
76,38.0,SNMOT-060_baseline_excerpt,SHOT-060-A,106,player,Team_A,629.6,828.7,33.1,104.7,0.762
76,38.0,SNMOT-060_baseline_excerpt,SHOT-060-A,107,player,Team_A,1089.5,775.3,27.0,102.8,0.99
76,38.0,SNMOT-060_baseline_excerpt,SHOT-060-A,108,player,Team_A,678.9,447.7,36.2,94.9,0.921
76,38.0,SNMOT-060_baseline_excerpt,SHOT-060-A,109,player,Team_A,955.0,425.2,31.0,97.1,0.804
76,38.0,SNMOT-060_baseline_excerpt,SHOT-060-A,110,player,Team_A,1326.1,733.5,31.1,89.9,0.754
76,38.0,SNMOT-060_baseline_excerpt,SHOT-060-A,111,goalkeeper,Team_A,73.2,544.2,33.1,101.4,0.863
76,38.0,SNMOT-060_baseline_excerpt,SHOT-060-A,201,player,Team_B,1405.9,597.4,38.1,88.4,0.957
76,38.0,SNMOT-060_baseline_excerpt,SHOT-060-A,202,player,Team_B,1678.7,850.2,38.4,80.0,0.99
76,38.0,SNMOT-060_baseline_excerpt,SHOT-060-A,203,player,Team_B,1225.1,467.0,27.6,79.1,0.758
76,38.0,SNMOT-060_baseline_excerpt,SHOT-060-A,204,player,Team_B,931.3,385.9,35.2,89.5,0.85
76,38.0,SNMOT-060_baseline_excerpt,SHOT-060-A,205,player,Team_B,541.4,712.9,39.3,101.3,0.793
76,38.0,SNMOT-060_baseline_excerpt,SHOT-060-A,206,player,Team_B,1183.5,858.7,40.0,89.3,0.734
76,38.0,SNMOT-060_baseline_excerpt,SHOT-060-A,207,player,Team_B,792.6,578.9,27.8,88.9,0.936
76,38.0,SNMOT-060_baseline_excerpt,SHOT-060-A,208,player,Team_B,815.3,555.5,32.5,77.1,0.804
76,38.0,SNMOT-060_baseline_excerpt,SHOT-060-A,209,player,Team_B,413.9,471.7,34.8,95.2,0.804
76,38.0,SNMOT-060_baseline_excerpt,SHOT-060-A,210,player,Team_B,631.1,778.6,28.8,94.1,0.876
76,38.0,SNMOT-060_baseline_excerpt,SHOT-060-A,300,referee,Referee,965.5,750.0,24.3,72.1,0.704
76,38.0,SNMOT-060_baseline_excerpt,SHOT-060-A,999,ball,N/A,812.7,755.4,11.9,12.5,0.604
77,38.5,SNMOT-060_baseline_excerpt,SHOT-060-A,101,player,Team_A,1282.3,584.6,30.1,88.7,0.975
77,38.5,SNMOT-060_baseline_excerpt,SHOT-060-A,102,player,Team_A,1359.6,624.4,41.1,100.4,0.903
77,38.5,SNMOT-060_baseline_excerpt,SHOT-060-A,103,player,Team_A,215.8,834.7,33.9,102.1,0.895
77,38.5,SNMOT-060_baseline_excerpt,SHOT-060-A,104,player,Team_A,1150.2,697.8,36.9,78.4,0.867
77,38.5,SNMOT-060_baseline_excerpt,SHOT-060-A,105,player,Team_A,298.1,660.6,40.9,104.4,0.895
77,38.5,SNMOT-060_baseline_excerpt,SHOT-060-A,106,player,Team_A,620.7,825.6,36.2,82.6,0.744
77,38.5,SNMOT-060_baseline_excerpt,SHOT-060-A,107,player,Team_A,1099.1,786.6,26.5,82.9,0.891
77,38.5,SNMOT-060_baseline_excerpt,SHOT-060-A,108,player,Team_A,682.9,445.6,40.2,89.2,0.951
77,38.5,SNMOT-060_baseline_excerpt,SHOT-060-A,109,player,Team_A,951.8,448.8,30.1,81.0,0.954
77,38.5,SNMOT-060_baseline_excerpt,SHOT-060-A,110,player,Team_A,1341.3,731.3,26.5,78.3,0.872
77,38.5,SNMOT-060_baseline_excerpt,SHOT-060-A,111,goalkeeper,Team_A,71.7,548.5,28.3,92.1,0.943
77,38.5,SNMOT-060_baseline_excerpt,SHOT-060-A,201,player,Team_B,1417.7,591.7,27.6,81.0,0.731
77,38.5,SNMOT-060_baseline_excerpt,SHOT-060-A,202,player,Team_B,1687.5,851.4,30.7,82.6,0.933
77,38.5,SNMOT-060_baseline_excerpt,SHOT-060-A,203,player,Team_B,1218.5,459.6,30.8,97.3,0.786
77,38.5,SNMOT-060_baseline_excerpt,SHOT-060-A,204,player,Team_B,941.1,367.3,30.2,84.8,0.745
77,38.5,SNMOT-060_baseline_excerpt,SHOT-060-A,205,player,Team_B,551.8,725.4,30.5,95.4,0.717
77,38.5,SNMOT-060_baseline_excerpt,SHOT-060-A,206,player,Team_B,1180.4,878.1,38.2,73.5,0.902
77,38.5,SNMOT-060_baseline_excerpt,SHOT-060-A,207,player,Team_B,797.6,569.5,31.5,97.6,0.774
77,38.5,SNMOT-060_baseline_excerpt,SHOT-060-A,208,player,Team_B,807.5,540.7,29.9,101.0,0.966
77,38.5,SNMOT-060_baseline_excerpt,SHOT-060-A,209,player,Team_B,417.1,468.1,38.8,90.2,0.89
77,38.5,SNMOT-060_baseline_excerpt,SHOT-060-A,210,player,Team_B,630.8,794.6,40.3,81.8,0.841
77,38.5,SNMOT-060_baseline_excerpt,SHOT-060-A,211,goalkeeper,Team_B,1765.2,587.9,32.3,99.4,0.827
77,38.5,SNMOT-060_baseline_excerpt,SHOT-060-A,300,referee,Referee,949.9,763.4,24.3,69.2,0.71
78,39.0,SNMOT-060_baseline_excerpt,SHOT-060-A,101,player,Team_A,1274.6,587.6,35.0,80.4,0.99
78,39.0,SNMOT-060_baseline_excerpt,SHOT-060-A,102,player,Team_A,1369.0,623.5,39.7,99.6,0.945
78,39.0,SNMOT-060_baseline_excerpt,SHOT-060-A,103,player,Team_A,217.3,829.8,39.6,85.6,0.783
78,39.0,SNMOT-060_baseline_excerpt,SHOT-060-A,104,player,Team_A,1142.9,704.7,33.4,96.6,0.963
78,39.0,SNMOT-060_baseline_excerpt,SHOT-060-A,106,player,Team_A,635.0,825.2,32.4,89.2,0.641
78,39.0,SNMOT-060_baseline_excerpt,SHOT-060-A,108,player,Team_A,692.7,455.0,35.5,95.7,0.877
78,39.0,SNMOT-060_baseline_excerpt,SHOT-060-A,109,player,Team_A,951.1,427.2,35.9,100.9,0.852
78,39.0,SNMOT-060_baseline_excerpt,SHOT-060-A,110,player,Team_A,1331.5,725.0,31.9,82.6,0.808
78,39.0,SNMOT-060_baseline_excerpt,SHOT-060-A,111,goalkeeper,Team_A,66.2,556.1,31.8,81.3,0.89
78,39.0,SNMOT-060_baseline_excerpt,SHOT-060-A,201,player,Team_B,1426.2,581.4,28.0,100.3,0.99
78,39.0,SNMOT-060_baseline_excerpt,SHOT-060-A,202,player,Team_B,1682.4,854.6,40.9,89.1,0.808
78,39.0,SNMOT-060_baseline_excerpt,SHOT-060-A,203,player,Team_B,1203.5,458.5,39.1,88.6,0.987
78,39.0,SNMOT-060_baseline_excerpt,SHOT-060-A,204,player,Team_B,937.0,366.0,38.1,105.2,0.99
78,39.0,SNMOT-060_baseline_excerpt,SHOT-060-A,205,player,Team_B,540.4,724.5,41.8,79.9,0.802
78,39.0,SNMOT-060_baseline_excerpt,SHOT-060-A,206,player,Team_B,1166.2,863.5,28.1,90.5,0.803
78,39.0,SNMOT-060_baseline_excerpt,SHOT-060-A,207,player,Team_B,802.4,569.0,40.2,104.9,0.891
78,39.0,SNMOT-060_baseline_excerpt,SHOT-060-A,208,player,Team_B,799.3,549.0,29.5,91.1,0.763
78,39.0,SNMOT-060_baseline_excerpt,SHOT-060-A,209,player,Team_B,415.1,460.5,28.2,97.6,0.748
78,39.0,SNMOT-060_baseline_excerpt,SHOT-060-A,210,player,Team_B,614.2,758.5,35.7,97.7,0.762
78,39.0,SNMOT-060_baseline_excerpt,SHOT-060-A,211,goalkeeper,Team_B,1766.0,583.5,31.6,99.5,0.834
78,39.0,SNMOT-060_baseline_excerpt,SHOT-060-A,999,ball,N/A,791.3,767.4,8.6,12.0,0.573
79,39.5,SNMOT-060_baseline_excerpt,SHOT-060-A,101,player,Team_A,1255.4,579.1,39.6,96.1,0.911
79,39.5,SNMOT-060_baseline_excerpt,SHOT-060-A,102,player,Team_A,1382.4,626.2,32.5,76.9,0.882
79,39.5,SNMOT-060_baseline_excerpt,SHOT-060-A,103,player,Team_A,206.0,837.2,38.3,80.7,0.91
79,39.5,SNMOT-060_baseline_excerpt,SHOT-060-A,104,player,Team_A,1142.3,716.0,41.0,85.6,0.865
79,39.5,SNMOT-060_baseline_excerpt,SHOT-060-A,105,player,Team_A,299.0,664.5,40.6,90.7,0.741
79,39.5,SNMOT-060_baseline_excerpt,SHOT-060-A,106,player,Team_A,640.1,833.3,31.3,98.6,0.814
79,39.5,SNMOT-060_baseline_excerpt,SHOT-060-A,107,player,Team_A,1119.9,779.1,33.2,85.3,0.856
79,39.5,SNMOT-060_baseline_excerpt,SHOT-060-A,108,player,Team_A,694.7,477.9,32.7,83.4,0.757
79,39.5,SNMOT-060_baseline_excerpt,SHOT-060-A,109,player,Team_A,965.5,434.5,27.3,86.9,0.807
79,39.5,SNMOT-060_baseline_excerpt,SHOT-060-A,110,player,Team_A,1320.3,711.9,31.5,104.3,0.872
79,39.5,SNMOT-060_baseline_excerpt,SHOT-060-A,111,goalkeeper,Team_A,66.4,544.6,27.9,103.4,0.768
79,39.5,SNMOT-060_baseline_excerpt,SHOT-060-A,201,player,Team_B,1413.5,600.9,34.3,80.2,0.849
79,39.5,SNMOT-060_baseline_excerpt,SHOT-060-A,202,player,Team_B,1690.5,862.3,37.3,83.2,0.971
79,39.5,SNMOT-060_baseline_excerpt,SHOT-060-A,203,player,Team_B,1200.0,452.5,35.4,91.9,0.631
79,39.5,SNMOT-060_baseline_excerpt,SHOT-060-A,204,player,Team_B,940.5,365.9,26.8,96.2,0.809
79,39.5,SNMOT-060_baseline_excerpt,SHOT-060-A,205,player,Team_B,540.9,730.8,36.7,94.1,0.717
79,39.5,SNMOT-060_baseline_excerpt,SHOT-060-A,206,player,Team_B,1166.5,868.1,32.9,85.0,0.843
79,39.5,SNMOT-060_baseline_excerpt,SHOT-060-A,207,player,Team_B,802.0,564.8,36.4,89.9,0.872
79,39.5,SNMOT-060_baseline_excerpt,SHOT-060-A,208,player,Team_B,783.6,551.8,40.4,91.8,0.957
79,39.5,SNMOT-060_baseline_excerpt,SHOT-060-A,209,player,Team_B,431.8,459.3,31.7,80.0,0.682
79,39.5,SNMOT-060_baseline_excerpt,SHOT-060-A,210,player,Team_B,612.9,742.0,28.9,107.1,0.818
79,39.5,SNMOT-060_baseline_excerpt,SHOT-060-A,211,goalkeeper,Team_B,1763.4,598.9,33.7,78.1,0.99
80,40.0,SNMOT-060_baseline_excerpt,SHOT-060-A,101,player,Team_A,1255.1,601.1,28.2,77.3,0.99
80,40.0,SNMOT-060_baseline_excerpt,SHOT-060-A,103,player,Team_A,207.7,838.3,30.2,78.8,0.778
80,40.0,SNMOT-060_baseline_excerpt,SHOT-060-A,104,player,Team_A,1145.0,729.0,35.4,72.3,0.835
80,40.0,SNMOT-060_baseline_excerpt,SHOT-060-A,105,player,Team_A,282.5,656.0,37.3,101.0,0.951
80,40.0,SNMOT-060_baseline_excerpt,SHOT-060-A,106,player,Team_A,626.2,828.9,37.2,105.1,0.916
80,40.0,SNMOT-060_baseline_excerpt,SHOT-060-A,107,player,Team_A,1119.0,781.6,39.8,74.4,0.881
80,40.0,SNMOT-060_baseline_excerpt,SHOT-060-A,108,player,Team_A,691.5,476.6,31.7,86.7,0.916
80,40.0,SNMOT-060_baseline_excerpt,SHOT-060-A,109,player,Team_A,954.2,428.4,35.8,72.6,0.804
80,40.0,SNMOT-060_baseline_excerpt,SHOT-060-A,110,player,Team_A,1326.5,733.8,27.9,96.1,0.881
80,40.0,SNMOT-060_baseline_excerpt,SHOT-060-A,111,goalkeeper,Team_A,58.0,548.6,36.3,101.2,0.857
80,40.0,SNMOT-060_baseline_excerpt,SHOT-060-A,201,player,Team_B,1424.6,600.1,27.3,77.6,0.99
80,40.0,SNMOT-060_baseline_excerpt,SHOT-060-A,202,player,Team_B,1690.5,861.6,38.3,85.4,0.833
80,40.0,SNMOT-060_baseline_excerpt,SHOT-060-A,203,player,Team_B,1190.5,471.8,30.0,82.6,0.759
80,40.0,SNMOT-060_baseline_excerpt,SHOT-060-A,204,player,Team_B,927.0,394.5,41.9,74.0,0.985
80,40.0,SNMOT-060_baseline_excerpt,SHOT-060-A,205,player,Team_B,555.1,737.9,38.1,98.6,0.853
80,40.0,SNMOT-060_baseline_excerpt,SHOT-060-A,206,player,Team_B,1169.0,865.1,39.1,88.7,0.99
80,40.0,SNMOT-060_baseline_excerpt,SHOT-060-A,207,player,Team_B,820.4,559.6,33.4,100.1,0.99
80,40.0,SNMOT-060_baseline_excerpt,SHOT-060-A,208,player,Team_B,775.2,559.5,29.7,84.7,0.99
80,40.0,SNMOT-060_baseline_excerpt,SHOT-060-A,209,player,Team_B,428.2,464.2,34.7,82.3,0.91
80,40.0,SNMOT-060_baseline_excerpt,SHOT-060-A,210,player,Team_B,615.9,748.3,26.8,78.7,0.878
80,40.0,SNMOT-060_baseline_excerpt,SHOT-060-A,211,goalkeeper,Team_B,1768.0,598.6,27.0,84.7,0.835
80,40.0,SNMOT-060_baseline_excerpt,SHOT-060-A,300,referee,Referee,958.6,752.9,24.9,82.5,0.812
80,40.0,SNMOT-060_baseline_excerpt,SHOT-060-A,999,ball,N/A,760.4,803.2,12.8,12.7,0.545
81,40.5,SNMOT-060_baseline_excerpt,SHOT-060-A,101,player,Team_A,1267.6,607.1,28.6,91.9,0.99
81,40.5,SNMOT-060_baseline_excerpt,SHOT-060-A,102,player,Team_A,1373.2,639.9,37.8,95.1,0.85
81,40.5,SNMOT-060_baseline_excerpt,SHOT-060-A,103,player,Team_A,194.1,834.1,38.4,92.8,0.837
81,40.5,SNMOT-060_baseline_excerpt,SHOT-060-A,104,player,Team_A,1146.5,720.6,32.5,93.1,0.799
81,40.5,SNMOT-060_baseline_excerpt,SHOT-060-A,105,player,Team_A,286.9,680.4,31.6,72.5,0.919
81,40.5,SNMOT-060_baseline_excerpt,SHOT-060-A,106,player,Team_A,614.7,833.9,34.2,103.0,0.877
81,40.5,SNMOT-060_baseline_excerpt,SHOT-060-A,108,player,Team_A,678.0,495.4,41.3,86.9,0.822
81,40.5,SNMOT-060_baseline_excerpt,SHOT-060-A,109,player,Team_A,969.2,422.3,33.7,90.3,0.881
81,40.5,SNMOT-060_baseline_excerpt,SHOT-060-A,110,player,Team_A,1335.7,737.5,29.1,97.1,0.875
81,40.5,SNMOT-060_baseline_excerpt,SHOT-060-A,111,goalkeeper,Team_A,59.7,560.4,41.5,73.9,0.813
81,40.5,SNMOT-060_baseline_excerpt,SHOT-060-A,201,player,Team_B,1420.7,593.0,28.5,90.7,0.87
81,40.5,SNMOT-060_baseline_excerpt,SHOT-060-A,202,player,Team_B,1703.4,869.0,33.4,103.8,0.794
81,40.5,SNMOT-060_baseline_excerpt,SHOT-060-A,203,player,Team_B,1186.2,471.0,38.8,94.7,0.921
81,40.5,SNMOT-060_baseline_excerpt,SHOT-060-A,204,player,Team_B,938.7,402.3,41.4,74.3,0.789
81,40.5,SNMOT-060_baseline_excerpt,SHOT-060-A,205,player,Team_B,561.2,744.2,30.6,95.4,0.769
81,40.5,SNMOT-060_baseline_excerpt,SHOT-060-A,206,player,Team_B,1177.5,868.1,30.0,77.0,0.774
81,40.5,SNMOT-060_baseline_excerpt,SHOT-060-A,207,player,Team_B,818.2,565.3,33.3,97.3,0.812
81,40.5,SNMOT-060_baseline_excerpt,SHOT-060-A,208,player,Team_B,759.4,560.1,37.5,77.4,0.99
81,40.5,SNMOT-060_baseline_excerpt,SHOT-060-A,209,player,Team_B,434.9,455.0,28.8,94.1,0.802
81,40.5,SNMOT-060_baseline_excerpt,SHOT-060-A,210,player,Team_B,608.0,736.4,29.0,77.6,0.768
81,40.5,SNMOT-060_baseline_excerpt,SHOT-060-A,211,goalkeeper,Team_B,1765.7,589.6,38.0,99.7,0.862
81,40.5,SNMOT-060_baseline_excerpt,SHOT-060-A,300,referee,Referee,947.7,748.5,25.1,83.6,0.98
81,40.5,SNMOT-060_baseline_excerpt,SHOT-060-A,999,ball,N/A,738.6,835.6,8.8,8.4,0.656
82,41.0,SNMOT-060_baseline_excerpt,SHOT-060-A,101,player,Team_A,1262.6,605.0,39.6,90.5,0.924
82,41.0,SNMOT-060_baseline_excerpt,SHOT-060-A,102,player,Team_A,1358.9,638.9,39.6,83.6,0.831
82,41.0,SNMOT-060_baseline_excerpt,SHOT-060-A,103,player,Team_A,197.2,822.5,26.4,100.4,0.842
82,41.0,SNMOT-060_baseline_excerpt,SHOT-060-A,104,player,Team_A,1147.0,719.4,41.4,85.2,0.796
82,41.0,SNMOT-060_baseline_excerpt,SHOT-060-A,105,player,Team_A,272.1,691.4,40.4,72.2,0.796
82,41.0,SNMOT-060_baseline_excerpt,SHOT-060-A,106,player,Team_A,608.1,837.0,40.0,98.4,0.811
82,41.0,SNMOT-060_baseline_excerpt,SHOT-060-A,107,player,Team_A,1105.9,769.9,32.4,84.3,0.918
82,41.0,SNMOT-060_baseline_excerpt,SHOT-060-A,109,player,Team_A,972.0,439.9,39.5,94.5,0.99
82,41.0,SNMOT-060_baseline_excerpt,SHOT-060-A,110,player,Team_A,1349.0,724.6,34.3,106.4,0.734
82,41.0,SNMOT-060_baseline_excerpt,SHOT-060-A,111,goalkeeper,Team_A,61.3,567.3,26.4,73.0,0.892
82,41.0,SNMOT-060_baseline_excerpt,SHOT-060-A,202,player,Team_B,1682.4,872.8,34.3,90.7,0.76
82,41.0,SNMOT-060_baseline_excerpt,SHOT-060-A,203,player,Team_B,1172.3,483.6,33.8,72.1,0.823
82,41.0,SNMOT-060_baseline_excerpt,SHOT-060-A,204,player,Team_B,941.2,379.2,28.0,81.6,0.777
82,41.0,SNMOT-060_baseline_excerpt,SHOT-060-A,205,player,Team_B,555.4,758.9,35.1,86.6,0.886
82,41.0,SNMOT-060_baseline_excerpt,SHOT-060-A,206,player,Team_B,1157.1,866.4,38.7,74.7,0.874
82,41.0,SNMOT-060_baseline_excerpt,SHOT-060-A,207,player,Team_B,823.5,587.3,26.8,74.1,0.697
82,41.0,SNMOT-060_baseline_excerpt,SHOT-060-A,208,player,Team_B,749.3,528.0,28.6,100.4,0.931
82,41.0,SNMOT-060_baseline_excerpt,SHOT-060-A,209,player,Team_B,423.4,454.5,39.6,85.1,0.921
82,41.0,SNMOT-060_baseline_excerpt,SHOT-060-A,210,player,Team_B,607.2,748.9,36.4,76.8,0.762
82,41.0,SNMOT-060_baseline_excerpt,SHOT-060-A,211,goalkeeper,Team_B,1767.7,596.4,32.9,79.3,0.703
82,41.0,SNMOT-060_baseline_excerpt,SHOT-060-A,300,referee,Referee,962.6,736.9,29.4,78.6,0.828
82,41.0,SNMOT-060_baseline_excerpt,SHOT-060-A,999,ball,N/A,730.8,814.1,11.7,10.2,0.809
83,41.5,SNMOT-060_baseline_excerpt,SHOT-060-A,101,player,Team_A,1265.7,576.0,40.4,101.0,0.8
83,41.5,SNMOT-060_baseline_excerpt,SHOT-060-A,102,player,Team_A,1351.3,644.3,34.9,89.8,0.866
83,41.5,SNMOT-060_baseline_excerpt,SHOT-060-A,103,player,Team_A,177.6,821.5,41.6,99.9,0.99
83,41.5,SNMOT-060_baseline_excerpt,SHOT-060-A,104,player,Team_A,1136.6,698.6,29.8,104.4,0.913
83,41.5,SNMOT-060_baseline_excerpt,SHOT-060-A,105,player,Team_A,272.5,674.0,33.6,97.7,0.705
83,41.5,SNMOT-060_baseline_excerpt,SHOT-060-A,106,player,Team_A,615.2,847.2,41.9,78.8,0.958
83,41.5,SNMOT-060_baseline_excerpt,SHOT-060-A,107,player,Team_A,1107.1,777.1,26.1,74.8,0.859
83,41.5,SNMOT-060_baseline_excerpt,SHOT-060-A,108,player,Team_A,694.7,508.4,28.3,84.1,0.831
83,41.5,SNMOT-060_baseline_excerpt,SHOT-060-A,109,player,Team_A,973.4,459.4,31.5,89.8,0.909
83,41.5,SNMOT-060_baseline_excerpt,SHOT-060-A,110,player,Team_A,1351.7,731.4,41.7,83.5,0.897
83,41.5,SNMOT-060_baseline_excerpt,SHOT-060-A,111,goalkeeper,Team_A,57.2,559.3,28.3,89.5,0.843
83,41.5,SNMOT-060_baseline_excerpt,SHOT-060-A,201,player,Team_B,1396.0,571.0,41.5,98.2,0.947
83,41.5,SNMOT-060_baseline_excerpt,SHOT-060-A,202,player,Team_B,1681.9,851.8,28.9,93.0,0.985
83,41.5,SNMOT-060_baseline_excerpt,SHOT-060-A,203,player,Team_B,1164.3,478.1,34.4,92.3,0.765
83,41.5,SNMOT-060_baseline_excerpt,SHOT-060-A,204,player,Team_B,947.5,374.1,36.5,77.2,0.725
83,41.5,SNMOT-060_baseline_excerpt,SHOT-060-A,205,player,Team_B,551.4,745.4,32.2,98.0,0.806
83,41.5,SNMOT-060_baseline_excerpt,SHOT-060-A,206,player,Team_B,1149.7,861.5,36.7,87.9,0.866
83,41.5,SNMOT-060_baseline_excerpt,SHOT-060-A,208,player,Team_B,731.7,526.1,34.1,85.1,0.882
83,41.5,SNMOT-060_baseline_excerpt,SHOT-060-A,209,player,Team_B,418.3,438.0,39.5,102.3,0.775
83,41.5,SNMOT-060_baseline_excerpt,SHOT-060-A,210,player,Team_B,611.9,752.0,29.2,98.9,0.728
83,41.5,SNMOT-060_baseline_excerpt,SHOT-060-A,211,goalkeeper,Team_B,1766.1,591.9,37.7,91.1,0.913
83,41.5,SNMOT-060_baseline_excerpt,SHOT-060-A,300,referee,Referee,947.8,739.2,26.1,80.1,0.91
84,42.0,SNMOT-060_baseline_excerpt,SHOT-060-A,101,player,Team_A,1279.6,593.0,26.9,75.4,0.737
84,42.0,SNMOT-060_baseline_excerpt,SHOT-060-A,102,player,Team_A,1357.9,649.2,37.5,92.8,0.99
84,42.0,SNMOT-060_baseline_excerpt,SHOT-060-A,103,player,Team_A,175.1,827.5,30.9,73.7,0.794
84,42.0,SNMOT-060_baseline_excerpt,SHOT-060-A,104,player,Team_A,1149.7,704.6,28.9,102.9,0.852
84,42.0,SNMOT-060_baseline_excerpt,SHOT-060-A,105,player,Team_A,255.1,656.0,40.5,101.6,0.738
84,42.0,SNMOT-060_baseline_excerpt,SHOT-060-A,106,player,Team_A,601.3,822.8,32.8,107.8,0.826
84,42.0,SNMOT-060_baseline_excerpt,SHOT-060-A,107,player,Team_A,1104.4,777.6,28.4,83.2,0.861
84,42.0,SNMOT-060_baseline_excerpt,SHOT-060-A,108,player,Team_A,716.3,510.7,35.1,96.1,0.89
84,42.0,SNMOT-060_baseline_excerpt,SHOT-060-A,109,player,Team_A,959.1,450.6,35.3,87.5,0.927
84,42.0,SNMOT-060_baseline_excerpt,SHOT-060-A,110,player,Team_A,1362.4,728.1,27.1,93.2,0.844
84,42.0,SNMOT-060_baseline_excerpt,SHOT-060-A,111,goalkeeper,Team_A,53.9,566.7,34.1,84.3,0.841
84,42.0,SNMOT-060_baseline_excerpt,SHOT-060-A,202,player,Team_B,1699.6,859.9,26.7,91.1,0.968
84,42.0,SNMOT-060_baseline_excerpt,SHOT-060-A,204,player,Team_B,951.7,355.9,29.0,97.8,0.849
84,42.0,SNMOT-060_baseline_excerpt,SHOT-060-A,205,player,Team_B,544.9,756.6,37.8,89.6,0.963
84,42.0,SNMOT-060_baseline_excerpt,SHOT-060-A,206,player,Team_B,1155.2,852.4,32.6,97.3,0.97
84,42.0,SNMOT-060_baseline_excerpt,SHOT-060-A,207,player,Team_B,822.0,580.9,34.3,79.1,0.775
84,42.0,SNMOT-060_baseline_excerpt,SHOT-060-A,208,player,Team_B,741.1,540.3,42.0,89.5,0.9
84,42.0,SNMOT-060_baseline_excerpt,SHOT-060-A,210,player,Team_B,600.6,760.3,38.6,95.6,0.893
84,42.0,SNMOT-060_baseline_excerpt,SHOT-060-A,211,goalkeeper,Team_B,1768.1,595.9,29.9,75.2,0.852
84,42.0,SNMOT-060_baseline_excerpt,SHOT-060-A,300,referee,Referee,942.0,746.4,26.7,88.7,0.782
85,42.5,SNMOT-060_baseline_excerpt,SHOT-060-A,101,player,Team_A,1277.7,593.4,34.6,88.3,0.99
85,42.5,SNMOT-060_baseline_excerpt,SHOT-060-A,102,player,Team_A,1360.7,659.1,26.9,76.5,0.85
85,42.5,SNMOT-060_baseline_excerpt,SHOT-060-A,103,player,Team_A,166.8,828.3,31.1,80.0,0.908
85,42.5,SNMOT-060_baseline_excerpt,SHOT-060-A,104,player,Team_A,1127.6,697.9,41.9,102.1,0.944
85,42.5,SNMOT-060_baseline_excerpt,SHOT-060-A,105,player,Team_A,266.8,677.0,38.5,78.2,0.751
85,42.5,SNMOT-060_baseline_excerpt,SHOT-060-A,106,player,Team_A,593.8,820.0,26.1,90.4,0.849
85,42.5,SNMOT-060_baseline_excerpt,SHOT-060-A,108,player,Team_A,703.4,501.1,35.5,106.2,0.734
85,42.5,SNMOT-060_baseline_excerpt,SHOT-060-A,109,player,Team_A,954.7,474.8,38.7,72.4,0.948
85,42.5,SNMOT-060_baseline_excerpt,SHOT-060-A,110,player,Team_A,1362.8,730.2,31.5,81.2,0.842
85,42.5,SNMOT-060_baseline_excerpt,SHOT-060-A,111,goalkeeper,Team_A,50.3,571.6,33.3,82.1,0.83
85,42.5,SNMOT-060_baseline_excerpt,SHOT-060-A,201,player,Team_B,1382.7,559.7,32.5,93.8,0.866
85,42.5,SNMOT-060_baseline_excerpt,SHOT-060-A,202,player,Team_B,1702.5,862.3,41.8,101.4,0.863
85,42.5,SNMOT-060_baseline_excerpt,SHOT-060-A,203,player,Team_B,1161.7,494.8,37.9,97.2,0.894
85,42.5,SNMOT-060_baseline_excerpt,SHOT-060-A,204,player,Team_B,950.4,344.4,32.3,98.9,0.897
85,42.5,SNMOT-060_baseline_excerpt,SHOT-060-A,205,player,Team_B,546.0,748.4,28.2,94.9,0.868
85,42.5,SNMOT-060_baseline_excerpt,SHOT-060-A,206,player,Team_B,1157.2,851.4,31.7,98.0,0.784
85,42.5,SNMOT-060_baseline_excerpt,SHOT-060-A,207,player,Team_B,821.2,591.7,29.0,94.7,0.823
85,42.5,SNMOT-060_baseline_excerpt,SHOT-060-A,208,player,Team_B,751.9,538.3,39.7,88.0,0.977
85,42.5,SNMOT-060_baseline_excerpt,SHOT-060-A,209,player,Team_B,420.7,453.8,38.3,79.5,0.934
85,42.5,SNMOT-060_baseline_excerpt,SHOT-060-A,210,player,Team_B,606.7,769.7,30.1,75.9,0.798
85,42.5,SNMOT-060_baseline_excerpt,SHOT-060-A,211,goalkeeper,Team_B,1762.2,594.3,38.4,80.2,0.908
85,42.5,SNMOT-060_baseline_excerpt,SHOT-060-A,300,referee,Referee,953.1,767.8,24.7,79.2,0.81
86,43.0,SNMOT-060_baseline_excerpt,SHOT-060-A,101,player,Team_A,1294.2,589.7,30.8,75.9,0.775
86,43.0,SNMOT-060_baseline_excerpt,SHOT-060-A,102,player,Team_A,1353.1,651.1,30.1,102.9,0.99
86,43.0,SNMOT-060_baseline_excerpt,SHOT-060-A,103,player,Team_A,166.8,822.0,32.5,101.5,0.677
86,43.0,SNMOT-060_baseline_excerpt,SHOT-060-A,104,player,Team_A,1130.1,698.9,41.9,78.3,0.853
86,43.0,SNMOT-060_baseline_excerpt,SHOT-060-A,105,player,Team_A,246.3,660.1,33.3,106.4,0.796
86,43.0,SNMOT-060_baseline_excerpt,SHOT-060-A,106,player,Team_A,591.3,805.9,26.9,108.0,0.917
86,43.0,SNMOT-060_baseline_excerpt,SHOT-060-A,107,player,Team_A,1101.7,786.7,33.2,83.6,0.863
86,43.0,SNMOT-060_baseline_excerpt,SHOT-060-A,108,player,Team_A,707.5,495.6,33.6,84.4,0.867
86,43.0,SNMOT-060_baseline_excerpt,SHOT-060-A,109,player,Team_A,949.8,469.2,28.5,83.5,0.931
86,43.0,SNMOT-060_baseline_excerpt,SHOT-060-A,110,player,Team_A,1360.1,737.5,35.2,74.5,0.937
86,43.0,SNMOT-060_baseline_excerpt,SHOT-060-A,111,goalkeeper,Team_A,46.0,564.1,37.2,93.8,0.838
86,43.0,SNMOT-060_baseline_excerpt,SHOT-060-A,201,player,Team_B,1390.6,562.0,28.2,75.2,0.795
86,43.0,SNMOT-060_baseline_excerpt,SHOT-060-A,202,player,Team_B,1698.0,862.4,40.5,86.0,0.855
86,43.0,SNMOT-060_baseline_excerpt,SHOT-060-A,203,player,Team_B,1172.7,513.5,38.7,83.7,0.808
86,43.0,SNMOT-060_baseline_excerpt,SHOT-060-A,204,player,Team_B,951.3,329.6,36.4,97.4,0.797
86,43.0,SNMOT-060_baseline_excerpt,SHOT-060-A,205,player,Team_B,523.8,749.2,41.9,87.5,0.965
86,43.0,SNMOT-060_baseline_excerpt,SHOT-060-A,206,player,Team_B,1152.8,855.8,40.0,83.6,0.791
86,43.0,SNMOT-060_baseline_excerpt,SHOT-060-A,207,player,Team_B,818.7,604.0,28.4,74.6,0.91
86,43.0,SNMOT-060_baseline_excerpt,SHOT-060-A,208,player,Team_B,755.7,560.3,32.3,89.8,0.867
86,43.0,SNMOT-060_baseline_excerpt,SHOT-060-A,209,player,Team_B,421.4,446.0,35.7,77.3,0.807
86,43.0,SNMOT-060_baseline_excerpt,SHOT-060-A,210,player,Team_B,601.8,746.3,36.3,97.1,0.963
86,43.0,SNMOT-060_baseline_excerpt,SHOT-060-A,211,goalkeeper,Team_B,1763.4,586.2,32.9,98.4,0.913
86,43.0,SNMOT-060_baseline_excerpt,SHOT-060-A,300,referee,Referee,948.9,769.6,31.2,69.7,0.701
86,43.0,SNMOT-060_baseline_excerpt,SHOT-060-A,999,ball,N/A,756.5,812.4,13.0,12.1,0.753
87,43.5,SNMOT-060_baseline_excerpt,SHOT-060-A,101,player,Team_A,1288.6,578.5,34.3,78.4,0.958
87,43.5,SNMOT-060_baseline_excerpt,SHOT-060-A,102,player,Team_A,1345.2,644.9,33.7,99.0,0.939
87,43.5,SNMOT-060_baseline_excerpt,SHOT-060-A,103,player,Team_A,164.2,835.1,39.7,77.5,0.864
87,43.5,SNMOT-060_baseline_excerpt,SHOT-060-A,104,player,Team_A,1144.5,697.7,29.2,91.5,0.872
87,43.5,SNMOT-060_baseline_excerpt,SHOT-060-A,105,player,Team_A,241.5,679.6,37.3,75.7,0.929
87,43.5,SNMOT-060_baseline_excerpt,SHOT-060-A,106,player,Team_A,605.4,798.7,26.4,94.6,0.832
87,43.5,SNMOT-060_baseline_excerpt,SHOT-060-A,107,player,Team_A,1086.8,785.0,33.5,107.8,0.87
87,43.5,SNMOT-060_baseline_excerpt,SHOT-060-A,108,player,Team_A,701.4,492.4,30.6,92.0,0.95
87,43.5,SNMOT-060_baseline_excerpt,SHOT-060-A,109,player,Team_A,959.0,460.5,31.3,85.7,0.949
87,43.5,SNMOT-060_baseline_excerpt,SHOT-060-A,110,player,Team_A,1352.5,741.6,36.0,86.0,0.841
87,43.5,SNMOT-060_baseline_excerpt,SHOT-060-A,111,goalkeeper,Team_A,48.1,571.5,36.5,76.9,0.707
87,43.5,SNMOT-060_baseline_excerpt,SHOT-060-A,201,player,Team_B,1389.9,540.4,28.3,81.2,0.813
87,43.5,SNMOT-060_baseline_excerpt,SHOT-060-A,202,player,Team_B,1699.4,846.0,36.1,104.7,0.874
87,43.5,SNMOT-060_baseline_excerpt,SHOT-060-A,203,player,Team_B,1178.8,515.2,31.3,77.3,0.825
87,43.5,SNMOT-060_baseline_excerpt,SHOT-060-A,204,player,Team_B,948.7,332.3,34.0,74.5,0.802
87,43.5,SNMOT-060_baseline_excerpt,SHOT-060-A,205,player,Team_B,517.1,731.9,37.5,90.6,0.99
87,43.5,SNMOT-060_baseline_excerpt,SHOT-060-A,206,player,Team_B,1166.5,857.2,26.2,90.4,0.849
87,43.5,SNMOT-060_baseline_excerpt,SHOT-060-A,207,player,Team_B,832.5,604.0,28.8,74.7,0.898
87,43.5,SNMOT-060_baseline_excerpt,SHOT-060-A,208,player,Team_B,754.8,553.8,41.5,99.6,0.808
87,43.5,SNMOT-060_baseline_excerpt,SHOT-060-A,209,player,Team_B,445.1,440.0,39.8,92.2,0.818
87,43.5,SNMOT-060_baseline_excerpt,SHOT-060-A,210,player,Team_B,599.2,759.6,27.4,76.5,0.864
87,43.5,SNMOT-060_baseline_excerpt,SHOT-060-A,211,goalkeeper,Team_B,1761.9,600.3,37.3,72.2,0.776
87,43.5,SNMOT-060_baseline_excerpt,SHOT-060-A,300,referee,Referee,948.9,774.8,28.6,72.9,0.932
88,44.0,SNMOT-060_baseline_excerpt,SHOT-060-A,101,player,Team_A,1289.0,579.4,28.8,82.0,0.837
88,44.0,SNMOT-060_baseline_excerpt,SHOT-060-A,102,player,Team_A,1333.6,655.9,36.6,91.1,0.838
88,44.0,SNMOT-060_baseline_excerpt,SHOT-060-A,103,player,Team_A,176.4,818.2,30.4,94.6,0.738
88,44.0,SNMOT-060_baseline_excerpt,SHOT-060-A,104,player,Team_A,1130.9,696.6,31.4,97.0,0.793
88,44.0,SNMOT-060_baseline_excerpt,SHOT-060-A,105,player,Team_A,251.4,663.7,38.2,108.0,0.883
88,44.0,SNMOT-060_baseline_excerpt,SHOT-060-A,106,player,Team_A,591.7,793.1,33.3,103.6,0.749
88,44.0,SNMOT-060_baseline_excerpt,SHOT-060-A,107,player,Team_A,1086.0,790.9,39.3,95.6,0.927
88,44.0,SNMOT-060_baseline_excerpt,SHOT-060-A,108,player,Team_A,695.2,521.2,36.8,85.2,0.918
88,44.0,SNMOT-060_baseline_excerpt,SHOT-060-A,109,player,Team_A,962.3,465.9,33.4,86.9,0.962
88,44.0,SNMOT-060_baseline_excerpt,SHOT-060-A,110,player,Team_A,1334.5,748.3,35.4,77.2,0.883
88,44.0,SNMOT-060_baseline_excerpt,SHOT-060-A,111,goalkeeper,Team_A,44.6,568.4,37.0,82.8,0.864
88,44.0,SNMOT-060_baseline_excerpt,SHOT-060-A,201,player,Team_B,1374.6,537.9,35.9,88.1,0.875
88,44.0,SNMOT-060_baseline_excerpt,SHOT-060-A,202,player,Team_B,1674.3,860.1,32.7,77.5,0.826
88,44.0,SNMOT-060_baseline_excerpt,SHOT-060-A,203,player,Team_B,1182.4,499.2,34.1,88.6,0.951
88,44.0,SNMOT-060_baseline_excerpt,SHOT-060-A,204,player,Team_B,936.8,312.0,29.8,105.2,0.656
88,44.0,SNMOT-060_baseline_excerpt,SHOT-060-A,205,player,Team_B,512.7,727.5,35.9,107.6,0.867
88,44.0,SNMOT-060_baseline_excerpt,SHOT-060-A,206,player,Team_B,1156.7,864.8,29.8,104.4,0.737
88,44.0,SNMOT-060_baseline_excerpt,SHOT-060-A,207,player,Team_B,828.2,601.8,29.0,74.8,0.706
88,44.0,SNMOT-060_baseline_excerpt,SHOT-060-A,208,player,Team_B,761.0,554.2,32.8,99.9,0.975
88,44.0,SNMOT-060_baseline_excerpt,SHOT-060-A,209,player,Team_B,440.3,437.4,35.4,99.0,0.847
88,44.0,SNMOT-060_baseline_excerpt,SHOT-060-A,210,player,Team_B,587.6,762.1,26.9,74.6,0.851
88,44.0,SNMOT-060_baseline_excerpt,SHOT-060-A,211,goalkeeper,Team_B,1766.3,592.4,36.7,100.5,0.807
88,44.0,SNMOT-060_baseline_excerpt,SHOT-060-A,300,referee,Referee,951.1,767.8,29.3,73.0,0.833
88,44.0,SNMOT-060_baseline_excerpt,SHOT-060-A,999,ball,N/A,734.3,820.3,12.6,12.7,0.632
89,44.5,SNMOT-060_baseline_excerpt,SHOT-060-A,102,player,Team_A,1337.5,654.8,30.8,89.4,0.837
89,44.5,SNMOT-060_baseline_excerpt,SHOT-060-A,103,player,Team_A,164.4,812.5,40.2,107.9,0.903
89,44.5,SNMOT-060_baseline_excerpt,SHOT-060-A,104,player,Team_A,1126.9,687.3,41.6,97.7,0.845
89,44.5,SNMOT-060_baseline_excerpt,SHOT-060-A,105,player,Team_A,233.8,668.1,32.6,102.3,0.839
89,44.5,SNMOT-060_baseline_excerpt,SHOT-060-A,106,player,Team_A,589.7,780.2,28.6,96.0,0.748
89,44.5,SNMOT-060_baseline_excerpt,SHOT-060-A,107,player,Team_A,1092.9,778.6,39.4,96.9,0.751
89,44.5,SNMOT-060_baseline_excerpt,SHOT-060-A,108,player,Team_A,691.8,513.6,32.4,100.7,0.842
89,44.5,SNMOT-060_baseline_excerpt,SHOT-060-A,109,player,Team_A,973.4,443.3,27.3,102.3,0.873
89,44.5,SNMOT-060_baseline_excerpt,SHOT-060-A,110,player,Team_A,1332.6,726.8,29.4,98.4,0.717
89,44.5,SNMOT-060_baseline_excerpt,SHOT-060-A,111,goalkeeper,Team_A,46.4,561.2,37.0,95.5,0.758
89,44.5,SNMOT-060_baseline_excerpt,SHOT-060-A,201,player,Team_B,1378.8,533.0,36.3,75.0,0.922
89,44.5,SNMOT-060_baseline_excerpt,SHOT-060-A,202,player,Team_B,1694.4,845.1,33.0,103.7,0.714
89,44.5,SNMOT-060_baseline_excerpt,SHOT-060-A,203,player,Team_B,1179.8,496.3,39.1,95.2,0.966
89,44.5,SNMOT-060_baseline_excerpt,SHOT-060-A,204,player,Team_B,934.8,313.8,29.5,98.5,0.793
89,44.5,SNMOT-060_baseline_excerpt,SHOT-060-A,205,player,Team_B,508.4,733.7,26.7,97.4,0.846
89,44.5,SNMOT-060_baseline_excerpt,SHOT-060-A,207,player,Team_B,835.2,590.9,34.1,98.9,0.837
89,44.5,SNMOT-060_baseline_excerpt,SHOT-060-A,208,player,Team_B,757.6,549.9,32.4,91.9,0.948
89,44.5,SNMOT-060_baseline_excerpt,SHOT-060-A,209,player,Team_B,430.9,446.0,37.4,72.4,0.858
89,44.5,SNMOT-060_baseline_excerpt,SHOT-060-A,210,player,Team_B,589.9,749.5,32.0,89.0,0.829
89,44.5,SNMOT-060_baseline_excerpt,SHOT-060-A,211,goalkeeper,Team_B,1768.5,593.4,39.7,95.9,0.909
89,44.5,SNMOT-060_baseline_excerpt,SHOT-060-A,300,referee,Referee,943.8,768.6,28.3,86.2,0.766
89,44.5,SNMOT-060_baseline_excerpt,SHOT-060-A,999,ball,N/A,744.3,870.8,10.7,9.9,0.623
90,45.0,SNMOT-060_baseline_excerpt,SHOT-060-A,101,player,Team_A,1303.9,572.5,27.3,82.9,0.941
90,45.0,SNMOT-060_baseline_excerpt,SHOT-060-A,102,player,Team_A,1334.8,644.6,37.9,105.8,0.771
90,45.0,SNMOT-060_baseline_excerpt,SHOT-060-A,103,player,Team_A,165.5,816.8,41.8,88.7,0.83
90,45.0,SNMOT-060_baseline_excerpt,SHOT-060-A,104,player,Team_A,1132.8,693.5,35.7,86.5,0.785
90,45.0,SNMOT-060_baseline_excerpt,SHOT-060-A,105,player,Team_A,214.6,676.9,28.6,78.4,0.958
90,45.0,SNMOT-060_baseline_excerpt,SHOT-060-A,106,player,Team_A,590.4,784.8,27.0,88.9,0.855
90,45.0,SNMOT-060_baseline_excerpt,SHOT-060-A,107,player,Team_A,1096.6,785.7,38.5,85.2,0.862
90,45.0,SNMOT-060_baseline_excerpt,SHOT-060-A,108,player,Team_A,705.0,509.8,36.4,86.1,0.96
90,45.0,SNMOT-060_baseline_excerpt,SHOT-060-A,109,player,Team_A,975.8,455.8,29.3,99.2,0.847
90,45.0,SNMOT-060_baseline_excerpt,SHOT-060-A,110,player,Team_A,1327.2,727.8,36.9,79.0,0.851
90,45.0,SNMOT-060_baseline_excerpt,SHOT-060-A,111,goalkeeper,Team_A,49.4,566.0,34.9,89.2,0.873
90,45.0,SNMOT-060_baseline_excerpt,SHOT-060-A,201,player,Team_B,1385.9,530.2,38.3,93.0,0.919
90,45.0,SNMOT-060_baseline_excerpt,SHOT-060-A,202,player,Team_B,1683.4,849.9,30.5,98.5,0.784
90,45.0,SNMOT-060_baseline_excerpt,SHOT-060-A,203,player,Team_B,1173.1,503.1,27.6,96.0,0.864
90,45.0,SNMOT-060_baseline_excerpt,SHOT-060-A,204,player,Team_B,936.3,313.8,35.1,90.6,0.735
90,45.0,SNMOT-060_baseline_excerpt,SHOT-060-A,205,player,Team_B,510.4,736.4,28.2,83.7,0.895
90,45.0,SNMOT-060_baseline_excerpt,SHOT-060-A,206,player,Team_B,1149.9,861.1,27.7,95.9,0.863
90,45.0,SNMOT-060_baseline_excerpt,SHOT-060-A,207,player,Team_B,836.8,588.8,41.2,80.0,0.724
90,45.0,SNMOT-060_baseline_excerpt,SHOT-060-A,208,player,Team_B,750.9,556.6,29.2,88.0,0.935
90,45.0,SNMOT-060_baseline_excerpt,SHOT-060-A,209,player,Team_B,440.9,437.2,30.4,105.2,0.865
90,45.0,SNMOT-060_baseline_excerpt,SHOT-060-A,210,player,Team_B,587.4,742.3,27.5,95.6,0.99
90,45.0,SNMOT-060_baseline_excerpt,SHOT-060-A,211,goalkeeper,Team_B,1773.0,597.3,26.6,77.1,0.691
90,45.0,SNMOT-060_baseline_excerpt,SHOT-060-A,300,referee,Referee,937.1,756.5,25.5,83.4,0.909
90,45.0,SNMOT-060_baseline_excerpt,SHOT-060-A,999,ball,N/A,762.0,827.5,10.6,12.0,0.732
